-- MySQL dump 10.13  Distrib 5.7.24, for Linux (x86_64)
--
-- Host: localhost    Database: bms
-- ------------------------------------------------------
-- Server version	5.7.24-0ubuntu0.16.04.1

/*!40101 SET @OLD_CHARACTER_SET_CLIENT=@@CHARACTER_SET_CLIENT */;
/*!40101 SET @OLD_CHARACTER_SET_RESULTS=@@CHARACTER_SET_RESULTS */;
/*!40101 SET @OLD_COLLATION_CONNECTION=@@COLLATION_CONNECTION */;
/*!40101 SET NAMES utf8 */;
/*!40103 SET @OLD_TIME_ZONE=@@TIME_ZONE */;
/*!40103 SET TIME_ZONE='+00:00' */;
/*!40014 SET @OLD_UNIQUE_CHECKS=@@UNIQUE_CHECKS, UNIQUE_CHECKS=0 */;
/*!40014 SET @OLD_FOREIGN_KEY_CHECKS=@@FOREIGN_KEY_CHECKS, FOREIGN_KEY_CHECKS=0 */;
/*!40101 SET @OLD_SQL_MODE=@@SQL_MODE, SQL_MODE='NO_AUTO_VALUE_ON_ZERO' */;
/*!40111 SET @OLD_SQL_NOTES=@@SQL_NOTES, SQL_NOTES=0 */;

--
-- Table structure for table `buses`
--

DROP TABLE IF EXISTS `buses`;
/*!40101 SET @saved_cs_client     = @@character_set_client */;
/*!40101 SET character_set_client = utf8 */;
CREATE TABLE `buses` (
  `id` int(10) unsigned NOT NULL AUTO_INCREMENT,
  `company_id` int(11) NOT NULL DEFAULT '0',
  `route_id` int(11) NOT NULL DEFAULT '0',
  `type` int(11) NOT NULL DEFAULT '1',
  `license_plate` varchar(191) COLLATE utf8mb4_unicode_ci DEFAULT NULL,
  `license_plate_clean` varchar(191) COLLATE utf8mb4_unicode_ci DEFAULT NULL,
  `description` text COLLATE utf8mb4_unicode_ci,
  `phone_number` varchar(191) COLLATE utf8mb4_unicode_ci DEFAULT NULL,
  `seets` int(11) NOT NULL DEFAULT '4',
  `weight` double(8,2) NOT NULL DEFAULT '0.00',
  `freq_days` int(11) NOT NULL DEFAULT '1',
  `freq_trips` int(11) NOT NULL DEFAULT '1',
  `date_limited` int(11) DEFAULT '0',
  `day_start` int(11) DEFAULT '1',
  `day_stop` int(11) DEFAULT '31',
  `lastest_run` datetime DEFAULT NULL,
  `is_active` int(11) NOT NULL DEFAULT '0',
  `created_at` timestamp NULL DEFAULT NULL,
  `updated_at` timestamp NULL DEFAULT NULL,
  PRIMARY KEY (`id`)
) ENGINE=InnoDB AUTO_INCREMENT=25 DEFAULT CHARSET=utf8mb4 COLLATE=utf8mb4_unicode_ci;
/*!40101 SET character_set_client = @saved_cs_client */;

--
-- Dumping data for table `buses`
--

LOCK TABLES `buses` WRITE;
/*!40000 ALTER TABLE `buses` DISABLE KEYS */;
INSERT INTO `buses` VALUES (1,2,3,1,'22L 3998','22l3998',NULL,'0988889999',45,4.50,1,1,0,NULL,NULL,NULL,1,'2018-11-24 14:25:54','2018-11-29 04:00:27'),(2,5,2,1,'30A 03321','30a03321',NULL,'0969696969',24,2.50,2,1,0,NULL,NULL,NULL,1,'2018-11-24 14:28:09','2018-11-24 14:28:09'),(3,8,3,1,'30A 03322','30a03322',NULL,'0988888888',45,4.50,1,3,0,NULL,NULL,NULL,1,'2018-11-24 14:29:19','2018-11-24 14:29:19'),(4,5,4,1,'29T 58932','29t58932',NULL,'01324356475',45,45.00,4,1,1,5,30,NULL,1,'2018-11-29 03:24:07','2018-11-29 03:24:07'),(5,2,4,1,'29 - H1 090.99','29h109099','Xe khách giường nằm','01632217212',29,12.00,2,1,0,NULL,NULL,NULL,1,'2018-12-02 00:39:37','2018-12-02 00:39:37'),(6,7,4,1,'29B - 01234','29b01234',NULL,'0973245246',30,12.00,1,1,0,NULL,NULL,NULL,1,'2018-12-02 09:55:52','2018-12-02 09:55:52'),(7,5,3,1,'36N - 001.32','36n00132',NULL,'0945786960',24,8.00,1,1,1,3,28,NULL,1,'2018-12-02 10:08:20','2018-12-02 10:08:20'),(8,3,9,1,'29K - 042.32','29k04232',NULL,'01234567814',40,13.00,1,1,0,NULL,NULL,NULL,1,'2018-12-05 13:58:28','2018-12-05 13:58:28'),(9,14,1,1,'28F - 005.55','28f00555',NULL,'01637152121',30,12.00,1,2,0,NULL,NULL,NULL,1,'2018-12-05 14:18:34','2018-12-05 14:24:59'),(10,15,10,1,'22L 9999','22l9999','Hà Nội, Phú Thọ, Việt Trì, Đoan Hùng, Tuyên Quang, Chiêm Hóa, Hàm Yên','0964954255',45,4.50,1,1,0,NULL,NULL,NULL,1,'2018-12-05 15:25:12','2018-12-07 14:04:41'),(11,10,12,1,'21U 2422','21u2422',NULL,'0159565484',45,4.50,4,1,0,NULL,NULL,NULL,1,'2018-12-07 23:32:33','2018-12-10 01:28:17'),(12,16,12,1,'18K 2422','18k2422',NULL,'0914071716',45,4.00,4,1,0,NULL,NULL,NULL,1,'2018-12-07 23:52:12','2018-12-10 01:27:39'),(13,17,12,1,'29T - 58345','29t58345',NULL,'0123468525',40,45.00,4,1,0,NULL,NULL,NULL,1,'2018-12-08 00:03:42','2018-12-10 01:27:54'),(14,18,14,1,'30A 33244','30a33244',NULL,'0165428734',45,4.50,1,1,0,NULL,NULL,NULL,1,'2018-12-08 00:10:22','2018-12-09 01:43:12'),(15,19,13,1,'30X 38522','30x38522',NULL,'0123468151',30,3.00,1,1,0,NULL,NULL,NULL,1,'2018-12-08 00:26:31','2018-12-08 00:35:24'),(16,19,13,1,'23T 32536','23t32536',NULL,'0123485342',30,4.00,1,1,0,NULL,NULL,NULL,1,'2018-12-08 00:29:32','2018-12-08 00:29:32'),(17,20,13,1,'30X 49053','30x49053',NULL,'0963482541',4,4.00,1,1,0,NULL,NULL,NULL,1,'2018-12-08 00:41:39','2018-12-08 00:41:39'),(18,21,14,1,'32O 44567','32o44567',NULL,'0163852469',44,5.00,1,2,0,NULL,NULL,NULL,1,'2018-12-08 01:05:02','2018-12-08 01:05:02'),(19,23,14,1,'29T 58986','29t58986',NULL,'01234546523',29,3.00,1,2,0,NULL,NULL,NULL,1,'2018-12-08 09:17:14','2018-12-08 09:17:14'),(20,1,3,1,'22L39985','22l39985',NULL,'0964954255',49,36.00,2,1,0,NULL,NULL,NULL,1,'2018-12-10 22:33:33','2018-12-10 22:33:33'),(21,2,16,2,'22L 3995','22l3995',NULL,'0988889999',25,17.00,1,3,0,NULL,NULL,NULL,1,'2018-12-10 22:46:36','2018-12-11 03:24:01'),(22,26,9,1,'30N - 049.99','30n04999',NULL,'0372382695',30,12.00,1,1,0,NULL,NULL,NULL,1,'2018-12-11 12:16:57','2018-12-11 12:16:57'),(23,26,13,1,'29N - 049.99','29n04999',NULL,'0372382695',24,8.00,1,1,0,NULL,NULL,NULL,1,'2018-12-11 12:20:19','2018-12-11 12:20:19'),(24,1,17,1,'22L 3999','22l3999',NULL,'0988889999',23,2.00,1,2,0,NULL,NULL,NULL,1,'2018-12-11 14:27:53','2018-12-11 14:30:29');
/*!40000 ALTER TABLE `buses` ENABLE KEYS */;
UNLOCK TABLES;

--
-- Table structure for table `categories`
--

DROP TABLE IF EXISTS `categories`;
/*!40101 SET @saved_cs_client     = @@character_set_client */;
/*!40101 SET character_set_client = utf8 */;
CREATE TABLE `categories` (
  `id` int(10) unsigned NOT NULL AUTO_INCREMENT,
  `parent_id` int(10) unsigned NOT NULL DEFAULT '0',
  `name` varchar(191) COLLATE utf8mb4_unicode_ci NOT NULL,
  `type` varchar(191) COLLATE utf8mb4_unicode_ci NOT NULL DEFAULT 'post',
  `slug` varchar(191) COLLATE utf8mb4_unicode_ci NOT NULL,
  `keywords` varchar(191) COLLATE utf8mb4_unicode_ci DEFAULT NULL,
  `description` text COLLATE utf8mb4_unicode_ci,
  `feature_image` varchar(191) COLLATE utf8mb4_unicode_ci DEFAULT NULL,
  `is_menu` int(11) NOT NULL DEFAULT '0',
  `show_home` int(11) NOT NULL DEFAULT '0',
  `status` int(11) NOT NULL DEFAULT '200',
  `created_at` timestamp NULL DEFAULT NULL,
  `updated_at` timestamp NULL DEFAULT NULL,
  PRIMARY KEY (`id`)
) ENGINE=InnoDB AUTO_INCREMENT=3 DEFAULT CHARSET=utf8mb4 COLLATE=utf8mb4_unicode_ci;
/*!40101 SET character_set_client = @saved_cs_client */;

--
-- Dumping data for table `categories`
--

LOCK TABLES `categories` WRITE;
/*!40000 ALTER TABLE `categories` DISABLE KEYS */;
INSERT INTO `categories` VALUES (1,0,'Tin tức','post','tin-tuc',NULL,'Đây là trang tin tức',NULL,0,0,200,'2018-11-21 22:48:00','2018-11-21 23:46:51'),(2,0,'Bến Xe','post','ben-xe',NULL,NULL,NULL,1,0,200,'2018-12-08 08:16:54','2018-12-08 08:16:54');
/*!40000 ALTER TABLE `categories` ENABLE KEYS */;
UNLOCK TABLES;

--
-- Table structure for table `category_properties`
--

DROP TABLE IF EXISTS `category_properties`;
/*!40101 SET @saved_cs_client     = @@character_set_client */;
/*!40101 SET character_set_client = utf8 */;
CREATE TABLE `category_properties` (
  `id` int(10) unsigned NOT NULL AUTO_INCREMENT,
  `cate_id` int(10) unsigned NOT NULL,
  `name` varchar(191) COLLATE utf8mb4_unicode_ci NOT NULL,
  `label` varchar(191) COLLATE utf8mb4_unicode_ci DEFAULT NULL,
  `type` varchar(191) COLLATE utf8mb4_unicode_ci NOT NULL DEFAULT 'text',
  `default` varchar(191) COLLATE utf8mb4_unicode_ci DEFAULT NULL,
  `data` varchar(191) COLLATE utf8mb4_unicode_ci DEFAULT NULL,
  PRIMARY KEY (`id`)
) ENGINE=InnoDB DEFAULT CHARSET=utf8mb4 COLLATE=utf8mb4_unicode_ci;
/*!40101 SET character_set_client = @saved_cs_client */;

--
-- Dumping data for table `category_properties`
--

LOCK TABLES `category_properties` WRITE;
/*!40000 ALTER TABLE `category_properties` DISABLE KEYS */;
/*!40000 ALTER TABLE `category_properties` ENABLE KEYS */;
UNLOCK TABLES;

--
-- Table structure for table `comments`
--

DROP TABLE IF EXISTS `comments`;
/*!40101 SET @saved_cs_client     = @@character_set_client */;
/*!40101 SET character_set_client = utf8 */;
CREATE TABLE `comments` (
  `id` int(10) unsigned NOT NULL AUTO_INCREMENT,
  `parent_id` int(11) NOT NULL DEFAULT '0',
  `user_id` int(11) NOT NULL DEFAULT '0',
  `object` varchar(191) COLLATE utf8mb4_unicode_ci NOT NULL,
  `object_id` int(11) NOT NULL,
  `author_name` varchar(191) COLLATE utf8mb4_unicode_ci NOT NULL,
  `author_phone` varchar(191) COLLATE utf8mb4_unicode_ci DEFAULT NULL,
  `author_email` varchar(191) COLLATE utf8mb4_unicode_ci DEFAULT NULL,
  `content` varchar(191) COLLATE utf8mb4_unicode_ci DEFAULT NULL,
  `approved` int(11) NOT NULL DEFAULT '0',
  `created_at` timestamp NULL DEFAULT NULL,
  `updated_at` timestamp NULL DEFAULT NULL,
  PRIMARY KEY (`id`)
) ENGINE=InnoDB DEFAULT CHARSET=utf8mb4 COLLATE=utf8mb4_unicode_ci;
/*!40101 SET character_set_client = @saved_cs_client */;

--
-- Dumping data for table `comments`
--

LOCK TABLES `comments` WRITE;
/*!40000 ALTER TABLE `comments` DISABLE KEYS */;
/*!40000 ALTER TABLE `comments` ENABLE KEYS */;
UNLOCK TABLES;

--
-- Table structure for table `companies`
--

DROP TABLE IF EXISTS `companies`;
/*!40101 SET @saved_cs_client     = @@character_set_client */;
/*!40101 SET character_set_client = utf8 */;
CREATE TABLE `companies` (
  `id` int(10) unsigned NOT NULL AUTO_INCREMENT,
  `name` varchar(191) COLLATE utf8mb4_unicode_ci DEFAULT NULL,
  `address` text COLLATE utf8mb4_unicode_ci,
  `email` varchar(191) COLLATE utf8mb4_unicode_ci DEFAULT NULL,
  `phone_number` varchar(191) COLLATE utf8mb4_unicode_ci DEFAULT NULL,
  `google_ map` text COLLATE utf8mb4_unicode_ci,
  `website` varchar(191) COLLATE utf8mb4_unicode_ci DEFAULT NULL,
  `facebook` varchar(191) COLLATE utf8mb4_unicode_ci DEFAULT NULL,
  `status` int(11) NOT NULL DEFAULT '200',
  `created_at` timestamp NULL DEFAULT NULL,
  `updated_at` timestamp NULL DEFAULT NULL,
  PRIMARY KEY (`id`)
) ENGINE=InnoDB AUTO_INCREMENT=27 DEFAULT CHARSET=utf8mb4 COLLATE=utf8mb4_unicode_ci;
/*!40101 SET character_set_client = @saved_cs_client */;

--
-- Dumping data for table `companies`
--

LOCK TABLES `companies` WRITE;
/*!40000 ALTER TABLE `companies` DISABLE KEYS */;
INSERT INTO `companies` VALUES (1,'Lê Doãn','172, dường Bà Triệu, p. Chăm Mát, tp. Hòa Bình, tỉnh Hòa Bình','doanln16@gmail.com','0945786960',NULL,NULL,NULL,200,'2018-11-17 00:16:53','2018-11-17 00:16:53'),(2,'Hà Sơn Hải Vân','Bến xe Trung tâm Lào Cai, Tổ 19, P. Bình Minh, Tp. Lào Cai, Tỉnh Lào Cai.','vantaihaivan@gmail.com','01637721212',NULL,'https://hasonhaivan.com','https://www.facebook.com/hasonhaivan',200,'2018-11-21 19:21:55','2018-11-21 19:21:55'),(3,'Mai Linh','Số 192 Nam Kỳ Khởi Nghĩa P. 3, TP. Vũng Tàu','mailinhvantai@gmail.com','0839292929',NULL,'http://www.mailinhexpress.vn/','https://www.facebook.com/mailinhexpress',200,'2018-11-21 21:18:29','2018-11-21 21:19:41'),(4,'Thiên Phú','Đường Bạch Đằng, P. Phước Trung, TX. Bà Rịa','thienphuexpress@gmail.com','0838984893',NULL,'https://thienphuexpress.com',NULL,200,'2018-11-21 21:21:33','2018-11-21 21:21:33'),(5,'Hoa Mai','số 2A đường Trưng Trắc, TP. Vũng Tàu','hoamaiexpress@gmail.com','0643531928',NULL,NULL,NULL,200,'2018-11-21 21:23:00','2018-11-21 21:23:00'),(6,'Rạng Đông','Số 50 Nguyễn Thái Bình, quận 1, TP. HCM.','rangdongexpress@gmail.com','0643525678',NULL,NULL,NULL,200,'2018-11-21 21:24:04','2018-11-21 21:24:04'),(7,'Phương Trang','Quốc lộ 55, TT. Phước Bửu, H. Xuyên Mộc','phuongtrangvtexpress@gmail.com','0838309309',NULL,NULL,NULL,200,'2018-11-21 21:25:04','2018-11-21 21:25:04'),(8,'Kumho','Số 192 Nam Kỳ Khởi Nghĩa, P 3, TP. Vũng Tàu','kumhoebit@gmail.com','0835116861',NULL,NULL,NULL,200,'2018-11-21 21:26:15','2018-11-21 21:26:15'),(9,'Ngọc Sinh','Đường Hồng Quang, thành phố Hải Dương, tỉnh Hải Dương','sinhngocexpresshd@gmail.com','01736623127',NULL,NULL,NULL,200,'2018-11-21 21:29:48','2018-11-21 21:29:48'),(10,'Hải Hưng','Đường Hồng Quang, thành phố Hải Dương, tỉnh Hải Dương','haihunghoang@gmail.com','0967767676',NULL,NULL,NULL,200,'2018-11-21 21:31:52','2018-11-21 21:31:52'),(11,'Hoàng Đức','Số 192 Nam Kỳ Khởi Nghĩa P. 3, TP. Vũng Tàu','hoangduc@gmail.com','01636637474',NULL,NULL,NULL,200,'2018-11-21 21:34:37','2018-11-21 21:35:03'),(12,'Anh Việt',NULL,'anhvietvantai@gmail.com','01632217121',NULL,NULL,NULL,200,'2018-12-01 23:38:29','2018-12-01 23:38:29'),(13,'Hoàng Long','Số 05 Phạm Ngũ Lão - P.Lương Khánh Thiện - Q.Ngô Quyền - TP. Hải Phòng.','info@hoanglongasia.com','0225392092',NULL,NULL,NULL,200,'2018-12-02 12:08:05','2018-12-02 12:08:05'),(14,'Hoàng Trung','172, dường Bà Triệu, p. Chăm Mát, tp. Hòa Bình, tỉnh Hòa Bình','hoangtrungexpress@gmail.com','0973245246',NULL,NULL,NULL,200,'2018-12-05 14:24:38','2018-12-05 14:24:38'),(15,'Đức Tiến','Tứ Quận, Yên Sơn, Tuyên Quang','doductientq@gmail.com','0964954255',NULL,NULL,NULL,200,'2018-12-05 15:15:50','2018-12-05 15:15:50'),(16,'Hải Cường','419 Hẻm 443 Nguyễn Văn Cừ, Tân Lập, Thành phố Buôn Ma Thuột, Đắk Lắk','haicuongbus@gmail.com','0133453533',NULL,NULL,NULL,200,'2018-12-07 23:40:35','2018-12-07 23:40:35'),(17,'Hồng Anh','16 Hải Triều, Buôn Ma Thuột, Tỉnh Đắk Lắk','honganh.garage@gmail.com','0129659591',NULL,NULL,NULL,200,'2018-12-07 23:43:18','2018-12-07 23:43:18'),(18,'Văn Năm','Bạch Đằng, Phú Thọ, Tỉnh Phú Thọ','vannam.garage@gmail.com','0161326165',NULL,NULL,NULL,200,'2018-12-07 23:44:27','2018-12-07 23:44:27'),(19,'Thưởng Nga','Tổ 3, Thị trấn Bằng Lũng, Chợ Đồn, Tỉnh Bắc Kạn','thuongnga.garage@gmail.com','0159555654',NULL,NULL,NULL,200,'2018-12-08 00:24:10','2018-12-08 00:24:10'),(20,'Chiến Viên','Tổ 8,phường Đức Xuân, Bắc Cạn, Tỉnh Bắc Cạn','chienvien.garage@gmail.com','01618461561',NULL,NULL,NULL,200,'2018-12-08 00:39:51','2018-12-08 00:39:51'),(21,'Hùng Hoa','160 Trần Bình, P. Mỹ Đình 2, Nam Từ Liêm, TP. Hà Nội','hunghoa.bus@gmail.com','0167582469',NULL,NULL,NULL,200,'2018-12-08 01:01:39','2018-12-08 01:01:39'),(23,'Thiên Trường','CT5-D Khu đô thị Mỹ Đình, Mễ Trì, Nam Từ Liêm, TP. Hà Nội','thientruong@gmail.com','0985364252',NULL,NULL,NULL,200,'2018-12-08 09:10:30','2018-12-10 01:02:51'),(26,'Phong ♥ Linh',NULL,'support@nencer.com','0372382695',NULL,NULL,NULL,200,'2018-12-10 22:50:30','2018-12-11 12:37:59');
/*!40000 ALTER TABLE `companies` ENABLE KEYS */;
UNLOCK TABLES;

--
-- Table structure for table `contact_replies`
--

DROP TABLE IF EXISTS `contact_replies`;
/*!40101 SET @saved_cs_client     = @@character_set_client */;
/*!40101 SET character_set_client = utf8 */;
CREATE TABLE `contact_replies` (
  `id` int(10) unsigned NOT NULL AUTO_INCREMENT,
  `created_at` timestamp NULL DEFAULT NULL,
  `updated_at` timestamp NULL DEFAULT NULL,
  `contact_id` int(10) unsigned NOT NULL,
  `user_id` int(10) unsigned NOT NULL,
  `content` text COLLATE utf8mb4_unicode_ci,
  PRIMARY KEY (`id`)
) ENGINE=InnoDB AUTO_INCREMENT=2 DEFAULT CHARSET=utf8mb4 COLLATE=utf8mb4_unicode_ci;
/*!40101 SET character_set_client = @saved_cs_client */;

--
-- Dumping data for table `contact_replies`
--

LOCK TABLES `contact_replies` WRITE;
/*!40000 ALTER TABLE `contact_replies` DISABLE KEYS */;
INSERT INTO `contact_replies` VALUES (1,'2018-12-02 13:43:52','2018-12-02 13:43:52',1,1,'H5');
/*!40000 ALTER TABLE `contact_replies` ENABLE KEYS */;
UNLOCK TABLES;

--
-- Table structure for table `contacts`
--

DROP TABLE IF EXISTS `contacts`;
/*!40101 SET @saved_cs_client     = @@character_set_client */;
/*!40101 SET character_set_client = utf8 */;
CREATE TABLE `contacts` (
  `id` int(10) unsigned NOT NULL AUTO_INCREMENT,
  `created_at` timestamp NULL DEFAULT NULL,
  `updated_at` timestamp NULL DEFAULT NULL,
  `name` varchar(191) COLLATE utf8mb4_unicode_ci NOT NULL,
  `email` varchar(191) COLLATE utf8mb4_unicode_ci DEFAULT NULL,
  `phone_number` varchar(191) COLLATE utf8mb4_unicode_ci DEFAULT NULL,
  `subject` varchar(191) COLLATE utf8mb4_unicode_ci DEFAULT NULL,
  `content` text COLLATE utf8mb4_unicode_ci,
  `status` int(11) NOT NULL DEFAULT '200',
  PRIMARY KEY (`id`)
) ENGINE=InnoDB AUTO_INCREMENT=3 DEFAULT CHARSET=utf8mb4 COLLATE=utf8mb4_unicode_ci;
/*!40101 SET character_set_client = @saved_cs_client */;

--
-- Dumping data for table `contacts`
--

LOCK TABLES `contacts` WRITE;
/*!40000 ALTER TABLE `contacts` DISABLE KEYS */;
INSERT INTO `contacts` VALUES (1,'2018-11-22 01:08:32','2018-11-22 01:08:32','Trần Ngọc Toàn','toantnph04465@gmail.com','016377212121','qưqwq','qưqwqwqw',200),(2,'2018-12-15 00:24:29','2018-12-15 00:24:29','Lê Ngọc Doãn','doanln16@gmail.com','945786960',NULL,'0000',200);
/*!40000 ALTER TABLE `contacts` ENABLE KEYS */;
UNLOCK TABLES;

--
-- Table structure for table `crawl_frames`
--

DROP TABLE IF EXISTS `crawl_frames`;
/*!40101 SET @saved_cs_client     = @@character_set_client */;
/*!40101 SET character_set_client = utf8 */;
CREATE TABLE `crawl_frames` (
  `id` int(10) unsigned NOT NULL AUTO_INCREMENT,
  `name` varchar(191) COLLATE utf8mb4_unicode_ci NOT NULL,
  `image` varchar(191) COLLATE utf8mb4_unicode_ci DEFAULT NULL,
  `url` varchar(191) COLLATE utf8mb4_unicode_ci NOT NULL,
  `avatar` varchar(191) COLLATE utf8mb4_unicode_ci DEFAULT NULL,
  `style` text COLLATE utf8mb4_unicode_ci,
  `attr_image` varchar(191) COLLATE utf8mb4_unicode_ci DEFAULT NULL,
  `title` varchar(191) COLLATE utf8mb4_unicode_ci NOT NULL,
  `attr_title` varchar(191) COLLATE utf8mb4_unicode_ci DEFAULT NULL,
  `description` varchar(191) COLLATE utf8mb4_unicode_ci DEFAULT NULL,
  `attr_description` varchar(191) COLLATE utf8mb4_unicode_ci DEFAULT NULL,
  `content` text COLLATE utf8mb4_unicode_ci NOT NULL,
  `tag` varchar(191) COLLATE utf8mb4_unicode_ci DEFAULT NULL,
  `attr_tag` varchar(191) COLLATE utf8mb4_unicode_ci DEFAULT NULL,
  `except` varchar(191) COLLATE utf8mb4_unicode_ci DEFAULT NULL,
  `slug` varchar(191) COLLATE utf8mb4_unicode_ci DEFAULT NULL,
  `meta_title` text COLLATE utf8mb4_unicode_ci,
  `meta_description` text COLLATE utf8mb4_unicode_ci,
  `meta_keyword` text COLLATE utf8mb4_unicode_ci,
  `index` int(11) NOT NULL DEFAULT '10',
  `created_at` timestamp NULL DEFAULT NULL,
  `updated_at` timestamp NULL DEFAULT NULL,
  PRIMARY KEY (`id`)
) ENGINE=InnoDB AUTO_INCREMENT=2 DEFAULT CHARSET=utf8mb4 COLLATE=utf8mb4_unicode_ci;
/*!40101 SET character_set_client = @saved_cs_client */;

--
-- Dumping data for table `crawl_frames`
--

LOCK TABLES `crawl_frames` WRITE;
/*!40000 ALTER TABLE `crawl_frames` DISABLE KEYS */;
INSERT INTO `crawl_frames` VALUES (1,'Luật Hưng Sơn','meta[property=\"og:image\"]','https://luathungson.vn/',NULL,'<style></style>','content','meta[property=\"og:title\"]','content','meta[name=\"description\"]','content','#content','meta[name=\"keywords\"]','content',NULL,'luat-hung-son',NULL,NULL,NULL,9,'2018-11-10 07:15:41','2018-11-10 07:26:27');
/*!40000 ALTER TABLE `crawl_frames` ENABLE KEYS */;
UNLOCK TABLES;

--
-- Table structure for table `crawl_tasks`
--

DROP TABLE IF EXISTS `crawl_tasks`;
/*!40101 SET @saved_cs_client     = @@character_set_client */;
/*!40101 SET character_set_client = utf8 */;
CREATE TABLE `crawl_tasks` (
  `id` int(10) unsigned NOT NULL AUTO_INCREMENT,
  `dynamic_id` int(11) NOT NULL DEFAULT '0',
  `frame_id` int(11) NOT NULL,
  `quantity` int(11) NOT NULL DEFAULT '0',
  `user_id` int(11) DEFAULT NULL,
  `cate_id` int(11) DEFAULT NULL,
  `run_time` int(11) NOT NULL DEFAULT '0',
  `url` varchar(191) COLLATE utf8mb4_unicode_ci DEFAULT NULL,
  `url_post` varchar(191) COLLATE utf8mb4_unicode_ci DEFAULT NULL,
  `repeat_time` varchar(191) COLLATE utf8mb4_unicode_ci NOT NULL DEFAULT '00:05:00',
  `crawl_time` varchar(191) COLLATE utf8mb4_unicode_ci NOT NULL DEFAULT '06:00:00',
  `datetime_crawl` datetime DEFAULT NULL,
  `crawl_last_time` varchar(191) COLLATE utf8mb4_unicode_ci DEFAULT NULL,
  `status` int(11) NOT NULL DEFAULT '1',
  `created_at` timestamp NULL DEFAULT NULL,
  `updated_at` timestamp NULL DEFAULT NULL,
  PRIMARY KEY (`id`)
) ENGINE=InnoDB AUTO_INCREMENT=2 DEFAULT CHARSET=utf8mb4 COLLATE=utf8mb4_unicode_ci;
/*!40101 SET character_set_client = @saved_cs_client */;

--
-- Dumping data for table `crawl_tasks`
--

LOCK TABLES `crawl_tasks` WRITE;
/*!40000 ALTER TABLE `crawl_tasks` DISABLE KEYS */;
INSERT INTO `crawl_tasks` VALUES (1,3,1,25,1,36,0,'https://luathungson.vn/tin-tuc','.item-cat .col-sm-8>h2>a','00:05:00','1:30:0','2018-11-10 15:30:15','15:30:15',1,'2018-11-10 08:06:19','2018-11-10 08:30:15');
/*!40000 ALTER TABLE `crawl_tasks` ENABLE KEYS */;
UNLOCK TABLES;

--
-- Table structure for table `failed_jobs`
--

DROP TABLE IF EXISTS `failed_jobs`;
/*!40101 SET @saved_cs_client     = @@character_set_client */;
/*!40101 SET character_set_client = utf8 */;
CREATE TABLE `failed_jobs` (
  `id` bigint(20) unsigned NOT NULL AUTO_INCREMENT,
  `connection` text COLLATE utf8mb4_unicode_ci NOT NULL,
  `queue` text COLLATE utf8mb4_unicode_ci NOT NULL,
  `payload` longtext COLLATE utf8mb4_unicode_ci NOT NULL,
  `exception` longtext COLLATE utf8mb4_unicode_ci NOT NULL,
  `failed_at` timestamp NOT NULL DEFAULT CURRENT_TIMESTAMP,
  PRIMARY KEY (`id`)
) ENGINE=InnoDB DEFAULT CHARSET=utf8mb4 COLLATE=utf8mb4_unicode_ci;
/*!40101 SET character_set_client = @saved_cs_client */;

--
-- Dumping data for table `failed_jobs`
--

LOCK TABLES `failed_jobs` WRITE;
/*!40000 ALTER TABLE `failed_jobs` DISABLE KEYS */;
/*!40000 ALTER TABLE `failed_jobs` ENABLE KEYS */;
UNLOCK TABLES;

--
-- Table structure for table `gallery`
--

DROP TABLE IF EXISTS `gallery`;
/*!40101 SET @saved_cs_client     = @@character_set_client */;
/*!40101 SET character_set_client = utf8 */;
CREATE TABLE `gallery` (
  `id` int(10) unsigned NOT NULL AUTO_INCREMENT,
  `ref` varchar(191) COLLATE utf8mb4_unicode_ci NOT NULL DEFAULT 'unknow',
  `ref_id` int(10) unsigned NOT NULL DEFAULT '0',
  `original_filename` varchar(191) COLLATE utf8mb4_unicode_ci DEFAULT NULL,
  `filename` varchar(191) COLLATE utf8mb4_unicode_ci DEFAULT NULL,
  `created_at` timestamp NULL DEFAULT NULL,
  `updated_at` timestamp NULL DEFAULT NULL,
  PRIMARY KEY (`id`)
) ENGINE=InnoDB DEFAULT CHARSET=utf8mb4 COLLATE=utf8mb4_unicode_ci;
/*!40101 SET character_set_client = @saved_cs_client */;

--
-- Dumping data for table `gallery`
--

LOCK TABLES `gallery` WRITE;
/*!40000 ALTER TABLE `gallery` DISABLE KEYS */;
/*!40000 ALTER TABLE `gallery` ENABLE KEYS */;
UNLOCK TABLES;

--
-- Table structure for table `jobs`
--

DROP TABLE IF EXISTS `jobs`;
/*!40101 SET @saved_cs_client     = @@character_set_client */;
/*!40101 SET character_set_client = utf8 */;
CREATE TABLE `jobs` (
  `id` bigint(20) unsigned NOT NULL AUTO_INCREMENT,
  `queue` varchar(191) COLLATE utf8mb4_unicode_ci NOT NULL,
  `payload` longtext COLLATE utf8mb4_unicode_ci NOT NULL,
  `attempts` tinyint(3) unsigned NOT NULL,
  `reserved_at` int(10) unsigned DEFAULT NULL,
  `available_at` int(10) unsigned NOT NULL,
  `created_at` int(10) unsigned NOT NULL,
  PRIMARY KEY (`id`),
  KEY `jobs_queue_index` (`queue`)
) ENGINE=InnoDB DEFAULT CHARSET=utf8mb4 COLLATE=utf8mb4_unicode_ci;
/*!40101 SET character_set_client = @saved_cs_client */;

--
-- Dumping data for table `jobs`
--

LOCK TABLES `jobs` WRITE;
/*!40000 ALTER TABLE `jobs` DISABLE KEYS */;
/*!40000 ALTER TABLE `jobs` ENABLE KEYS */;
UNLOCK TABLES;

--
-- Table structure for table `menu_item_meta`
--

DROP TABLE IF EXISTS `menu_item_meta`;
/*!40101 SET @saved_cs_client     = @@character_set_client */;
/*!40101 SET character_set_client = utf8 */;
CREATE TABLE `menu_item_meta` (
  `id` int(10) unsigned NOT NULL AUTO_INCREMENT,
  `item_id` int(10) unsigned NOT NULL,
  `name` varchar(191) COLLATE utf8mb4_unicode_ci NOT NULL,
  `value` varchar(191) COLLATE utf8mb4_unicode_ci DEFAULT NULL,
  PRIMARY KEY (`id`)
) ENGINE=InnoDB AUTO_INCREMENT=46 DEFAULT CHARSET=utf8mb4 COLLATE=utf8mb4_unicode_ci;
/*!40101 SET character_set_client = @saved_cs_client */;

--
-- Dumping data for table `menu_item_meta`
--

LOCK TABLES `menu_item_meta` WRITE;
/*!40000 ALTER TABLE `menu_item_meta` DISABLE KEYS */;
INSERT INTO `menu_item_meta` VALUES (1,1,'route','home'),(2,1,'param',NULL),(3,1,'sub_type','default'),(4,1,'icon','home'),(5,1,'target','none'),(6,1,'classname',NULL),(7,2,'route','client.contact'),(8,2,'param',NULL),(9,2,'sub_type','none'),(10,2,'icon','none'),(11,2,'target','none'),(12,2,'classname',NULL),(24,5,'page_id','1'),(25,5,'sub_type','default'),(26,5,'icon',NULL),(27,5,'target','none'),(28,5,'classname',NULL),(29,6,'route','client.post'),(30,6,'param',NULL),(31,6,'sub_type','default'),(32,6,'icon','none'),(33,6,'target',NULL),(34,6,'classname',NULL),(35,7,'route','client.trip.search'),(36,7,'param',NULL),(37,7,'sub_type','default'),(38,7,'icon','none'),(39,7,'target',NULL),(40,7,'classname',NULL);
/*!40000 ALTER TABLE `menu_item_meta` ENABLE KEYS */;
UNLOCK TABLES;

--
-- Table structure for table `menu_items`
--

DROP TABLE IF EXISTS `menu_items`;
/*!40101 SET @saved_cs_client     = @@character_set_client */;
/*!40101 SET character_set_client = utf8 */;
CREATE TABLE `menu_items` (
  `id` int(10) unsigned NOT NULL AUTO_INCREMENT,
  `menu_id` int(10) unsigned NOT NULL,
  `parent_id` int(11) NOT NULL DEFAULT '0',
  `type` varchar(191) COLLATE utf8mb4_unicode_ci NOT NULL DEFAULT 'default',
  `title` varchar(191) COLLATE utf8mb4_unicode_ci DEFAULT NULL,
  `active_key` varchar(191) COLLATE utf8mb4_unicode_ci DEFAULT NULL,
  `priority` tinyint(4) NOT NULL DEFAULT '0',
  `status` int(11) NOT NULL DEFAULT '200',
  PRIMARY KEY (`id`)
) ENGINE=InnoDB AUTO_INCREMENT=9 DEFAULT CHARSET=utf8mb4 COLLATE=utf8mb4_unicode_ci;
/*!40101 SET character_set_client = @saved_cs_client */;

--
-- Dumping data for table `menu_items`
--

LOCK TABLES `menu_items` WRITE;
/*!40000 ALTER TABLE `menu_items` DISABLE KEYS */;
INSERT INTO `menu_items` VALUES (1,1,0,'route','Trang chủ','home',1,200),(2,1,0,'route','Liên hệ','contact',5,200),(5,1,0,'page','Giới thiệu','gioi-thieu',2,200),(6,1,0,'route','Tin tức','post',4,200),(7,1,0,'route','Lịch trình','trip',3,200);
/*!40000 ALTER TABLE `menu_items` ENABLE KEYS */;
UNLOCK TABLES;

--
-- Table structure for table `menus`
--

DROP TABLE IF EXISTS `menus`;
/*!40101 SET @saved_cs_client     = @@character_set_client */;
/*!40101 SET character_set_client = utf8 */;
CREATE TABLE `menus` (
  `id` int(10) unsigned NOT NULL AUTO_INCREMENT,
  `ref_id` int(11) NOT NULL DEFAULT '0',
  `name` varchar(191) COLLATE utf8mb4_unicode_ci NOT NULL,
  `type` varchar(191) COLLATE utf8mb4_unicode_ci NOT NULL DEFAULT 'default',
  `data` text COLLATE utf8mb4_unicode_ci,
  `priority` int(11) NOT NULL DEFAULT '0',
  `active` int(11) NOT NULL DEFAULT '1',
  `status` int(11) NOT NULL DEFAULT '200',
  PRIMARY KEY (`id`),
  UNIQUE KEY `menus_name_unique` (`name`)
) ENGINE=InnoDB AUTO_INCREMENT=2 DEFAULT CHARSET=utf8mb4 COLLATE=utf8mb4_unicode_ci;
/*!40101 SET character_set_client = @saved_cs_client */;

--
-- Dumping data for table `menus`
--

LOCK TABLES `menus` WRITE;
/*!40000 ALTER TABLE `menus` DISABLE KEYS */;
INSERT INTO `menus` VALUES (1,0,'main','default',NULL,1,1,200);
/*!40000 ALTER TABLE `menus` ENABLE KEYS */;
UNLOCK TABLES;

--
-- Table structure for table `metadata`
--

DROP TABLE IF EXISTS `metadata`;
/*!40101 SET @saved_cs_client     = @@character_set_client */;
/*!40101 SET character_set_client = utf8 */;
CREATE TABLE `metadata` (
  `id` int(10) unsigned NOT NULL AUTO_INCREMENT,
  `object` varchar(191) COLLATE utf8mb4_unicode_ci NOT NULL,
  `object_id` int(11) NOT NULL,
  `type` varchar(191) COLLATE utf8mb4_unicode_ci NOT NULL DEFAULT 'text',
  `name` varchar(191) COLLATE utf8mb4_unicode_ci NOT NULL,
  `value` varchar(191) COLLATE utf8mb4_unicode_ci DEFAULT NULL,
  PRIMARY KEY (`id`)
) ENGINE=InnoDB DEFAULT CHARSET=utf8mb4 COLLATE=utf8mb4_unicode_ci;
/*!40101 SET character_set_client = @saved_cs_client */;

--
-- Dumping data for table `metadata`
--

LOCK TABLES `metadata` WRITE;
/*!40000 ALTER TABLE `metadata` DISABLE KEYS */;
/*!40000 ALTER TABLE `metadata` ENABLE KEYS */;
UNLOCK TABLES;

--
-- Table structure for table `migrations`
--

DROP TABLE IF EXISTS `migrations`;
/*!40101 SET @saved_cs_client     = @@character_set_client */;
/*!40101 SET character_set_client = utf8 */;
CREATE TABLE `migrations` (
  `id` int(10) unsigned NOT NULL AUTO_INCREMENT,
  `migration` varchar(191) COLLATE utf8mb4_unicode_ci NOT NULL,
  `batch` int(11) NOT NULL,
  PRIMARY KEY (`id`)
) ENGINE=InnoDB AUTO_INCREMENT=53 DEFAULT CHARSET=utf8mb4 COLLATE=utf8mb4_unicode_ci;
/*!40101 SET character_set_client = @saved_cs_client */;

--
-- Dumping data for table `migrations`
--

LOCK TABLES `migrations` WRITE;
/*!40000 ALTER TABLE `migrations` DISABLE KEYS */;
INSERT INTO `migrations` VALUES (1,'2014_10_12_000000_create_users_table',1),(2,'2014_10_12_100000_create_password_resets_table',1),(3,'2018_01_25_171358_create_user_meta_table',1),(4,'2018_01_25_174454_create_modules_table',1),(5,'2018_01_25_174958_create_roles_table',1),(6,'2018_01_25_175357_create_user_roles_table',1),(7,'2018_01_25_180304_create_module_roles_table',1),(8,'2018_01_29_181706_create_web_options_table',1),(9,'2018_01_29_182312_create_menus_table',1),(10,'2018_01_29_182338_create_menu_items_table',1),(11,'2018_01_29_182356_create_menu_item_meta_table',1),(12,'2018_03_07_161617_create_posts_table',1),(13,'2018_03_07_161807_create_categories_table',1),(14,'2018_03_07_161812_create_category_properties_table',1),(15,'2018_03_08_035705_create_post_meta_table',1),(16,'2018_03_09_103136_create_products_table',1),(17,'2018_03_09_103145_create_product_properties_table',1),(18,'2018_03_09_141739_create_product_details_table',1),(19,'2018_03_09_141740_create_product_metas_table',1),(20,'2018_03_10_190230_create_wishlists_table',1),(21,'2018_03_11_195452_create_orders_table',1),(22,'2018_03_12_143500_create_order_products_table',1),(23,'2018_03_26_043210_create_post_product_links_table',1),(24,'2018_04_08_051012_create_sliders_table',1),(25,'2018_04_08_051800_create_slider_items_table',1),(26,'2018_04_10_104439_create_comments_table',1),(27,'2018_04_27_103848_create_tags_table',1),(28,'2018_04_27_104926_create_tag_links_table',1),(29,'2018_04_27_105017_create_metadata_table',1),(30,'2018_05_19_231259_create_contacts_table',1),(31,'2018_05_20_181106_create_contact_replies_table',1),(32,'2018_06_21_152644_create_user_links_table',1),(33,'2018_06_22_085309_create_gallery_table',1),(34,'2018_08_10_164548_create_jobs_table',1),(35,'2018_08_10_164923_create_failed_jobs_table',1),(36,'2018_10_29_172736_create_crawl_frames_table',1),(37,'2018_10_29_173656_create_crawl_tasks_table',1),(38,'2018_11_09_031748_create_subcribers_table',1),(39,'2018_11_10_002308_create_provinces_table',2),(40,'2018_11_13_100925_create_stations_table',3),(41,'2018_11_14_022839_create_routes_table',4),(42,'2018_11_15_175958_create_passing_places_table',5),(43,'2018_11_17_045759_create_companies_table',6),(48,'2018_11_17_171409_create_buses_table',7),(49,'2018_11_21_151734_create_schedules_table',7),(50,'2018_11_21_232429_create_trips_table',7),(51,'2018_11_29_111627_alter_table_trips_add_check_columns',8),(52,'2018_12_01_171932_create_ticket_prices_table',9);
/*!40000 ALTER TABLE `migrations` ENABLE KEYS */;
UNLOCK TABLES;

--
-- Table structure for table `module_roles`
--

DROP TABLE IF EXISTS `module_roles`;
/*!40101 SET @saved_cs_client     = @@character_set_client */;
/*!40101 SET character_set_client = utf8 */;
CREATE TABLE `module_roles` (
  `module_id` int(11) NOT NULL,
  `role_id` int(11) NOT NULL,
  PRIMARY KEY (`module_id`,`role_id`)
) ENGINE=InnoDB DEFAULT CHARSET=utf8mb4 COLLATE=utf8mb4_unicode_ci;
/*!40101 SET character_set_client = @saved_cs_client */;

--
-- Dumping data for table `module_roles`
--

LOCK TABLES `module_roles` WRITE;
/*!40000 ALTER TABLE `module_roles` DISABLE KEYS */;
INSERT INTO `module_roles` VALUES (1,5),(2,2),(3,1),(4,3),(5,3),(11,1),(14,2),(15,2),(16,2),(17,2),(18,2),(19,2),(20,2),(21,2),(22,2),(23,4);
/*!40000 ALTER TABLE `module_roles` ENABLE KEYS */;
UNLOCK TABLES;

--
-- Table structure for table `modules`
--

DROP TABLE IF EXISTS `modules`;
/*!40101 SET @saved_cs_client     = @@character_set_client */;
/*!40101 SET character_set_client = utf8 */;
CREATE TABLE `modules` (
  `id` int(10) unsigned NOT NULL AUTO_INCREMENT,
  `type` varchar(191) COLLATE utf8mb4_unicode_ci NOT NULL DEFAULT 'default',
  `name` varchar(191) COLLATE utf8mb4_unicode_ci NOT NULL,
  `parent_id` int(11) NOT NULL DEFAULT '0',
  `route` varchar(191) COLLATE utf8mb4_unicode_ci DEFAULT NULL,
  `description` varchar(191) COLLATE utf8mb4_unicode_ci DEFAULT NULL,
  `status` int(11) NOT NULL DEFAULT '200',
  `created_at` timestamp NULL DEFAULT NULL,
  `updated_at` timestamp NULL DEFAULT NULL,
  PRIMARY KEY (`id`),
  UNIQUE KEY `modules_name_unique` (`name`)
) ENGINE=InnoDB AUTO_INCREMENT=24 DEFAULT CHARSET=utf8mb4 COLLATE=utf8mb4_unicode_ci;
/*!40101 SET character_set_client = @saved_cs_client */;

--
-- Dumping data for table `modules`
--

LOCK TABLES `modules` WRITE;
/*!40000 ALTER TABLE `modules` DISABLE KEYS */;
INSERT INTO `modules` VALUES (1,'route_prefix','Trang quản trị',0,'admin',NULL,200,'2018-08-12 01:57:54','2018-08-12 01:57:54'),(2,'route_prefix','Quản lý người dùng',0,'admin/users',NULL,200,'2018-08-12 01:58:32','2018-08-12 01:58:32'),(3,'route_prefix','Quản lý phân quyền',0,'admin/permissions',NULL,200,'2018-08-12 01:59:06','2018-08-12 01:59:06'),(4,'route_prefix','Quản lý bài viết',0,'admin/posts',NULL,200,'2018-08-12 01:59:32','2018-08-12 01:59:32'),(5,'route_prefix','Quản lý trang',0,'admin/pages',NULL,200,'2018-08-12 01:59:57','2018-08-12 01:59:57'),(8,'route_prefix','Quản lý phản hồi',0,'admin/comments',NULL,200,'2018-08-12 02:02:03','2018-08-12 02:02:03'),(9,'route_prefix','Quản lý liên hệ',0,'admin/contacts',NULL,200,'2018-08-12 02:02:59','2018-08-12 02:02:59'),(10,'route_prefix','Quản lý nội dung (Thẻ, ...)',0,'admin/contents',NULL,200,'2018-08-12 02:04:08','2018-08-12 02:04:08'),(11,'route_prefix','Quản lý Thiết lập',0,'admin/options',NULL,200,'2018-08-12 02:04:57','2018-08-12 02:04:57'),(12,'route_prefix','Quản lý menu',0,'admin/menus',NULL,200,'2018-08-12 02:05:22','2018-08-12 02:06:11'),(13,'route_prefix','Quản lý slider',0,'admin/sliders',NULL,200,'2018-08-12 02:06:40','2018-08-12 02:06:40'),(14,'route_prefix','Quản lý mục nâng cao',0,'admin/dynamics',NULL,200,'2018-08-12 02:09:08','2018-08-12 02:09:59'),(15,'route_prefix','Quản lý tỉnh thành',0,'admin/provinces',NULL,200,'2018-11-30 22:25:59','2018-11-30 22:25:59'),(16,'route_prefix','Quản lý bến đầu cuối',0,'admin/stations',NULL,200,'2018-11-30 22:26:29','2018-11-30 22:26:29'),(17,'route_prefix','Quản lý địa điểm',0,'admin/places',NULL,200,'2018-11-30 22:27:16','2018-11-30 22:27:16'),(18,'route_prefix','Quản lý tuyến xe',0,'admin/routes',NULL,200,'2018-11-30 22:27:56','2018-11-30 22:27:56'),(19,'route_prefix','Quản lý nhà xe',0,'admin/companies',NULL,200,'2018-11-30 22:28:27','2018-11-30 22:28:27'),(20,'route_prefix','Quản lý xe',0,'admin/buses',NULL,200,'2018-11-30 22:29:04','2018-11-30 22:29:04'),(21,'route_prefix','Quản lý lịch trình',0,'admin/schedules',NULL,200,'2018-11-30 22:29:48','2018-11-30 22:29:48'),(22,'route_prefix','Quản lý chuyến',0,'admin/trips',NULL,200,'2018-11-30 22:30:21','2018-11-30 22:30:21'),(23,'route_prefix','Quản lý ra - vào',0,'admin/checkin',NULL,200,'2018-11-30 22:31:06','2018-11-30 22:31:06');
/*!40000 ALTER TABLE `modules` ENABLE KEYS */;
UNLOCK TABLES;

--
-- Table structure for table `order_products`
--

DROP TABLE IF EXISTS `order_products`;
/*!40101 SET @saved_cs_client     = @@character_set_client */;
/*!40101 SET character_set_client = utf8 */;
CREATE TABLE `order_products` (
  `order_id` int(11) NOT NULL,
  `product_id` int(11) NOT NULL,
  `product_qty` int(11) NOT NULL,
  `date_price` int(11) NOT NULL DEFAULT '0',
  `props` text COLLATE utf8mb4_unicode_ci,
  PRIMARY KEY (`order_id`,`product_id`)
) ENGINE=InnoDB DEFAULT CHARSET=utf8mb4 COLLATE=utf8mb4_unicode_ci;
/*!40101 SET character_set_client = @saved_cs_client */;

--
-- Dumping data for table `order_products`
--

LOCK TABLES `order_products` WRITE;
/*!40000 ALTER TABLE `order_products` DISABLE KEYS */;
/*!40000 ALTER TABLE `order_products` ENABLE KEYS */;
UNLOCK TABLES;

--
-- Table structure for table `orders`
--

DROP TABLE IF EXISTS `orders`;
/*!40101 SET @saved_cs_client     = @@character_set_client */;
/*!40101 SET character_set_client = utf8 */;
CREATE TABLE `orders` (
  `id` int(10) unsigned NOT NULL AUTO_INCREMENT,
  `name` varchar(191) COLLATE utf8mb4_unicode_ci NOT NULL,
  `email` varchar(191) COLLATE utf8mb4_unicode_ci DEFAULT NULL,
  `phone_number` varchar(191) COLLATE utf8mb4_unicode_ci DEFAULT NULL,
  `address` text COLLATE utf8mb4_unicode_ci,
  `payment_method` int(11) NOT NULL DEFAULT '1',
  `coupon_code` varchar(191) COLLATE utf8mb4_unicode_ci DEFAULT NULL,
  `total_money` int(11) NOT NULL DEFAULT '0',
  `notes` text COLLATE utf8mb4_unicode_ci,
  `status` int(11) NOT NULL DEFAULT '0',
  `created_at` timestamp NULL DEFAULT NULL,
  `updated_at` timestamp NULL DEFAULT NULL,
  PRIMARY KEY (`id`)
) ENGINE=InnoDB DEFAULT CHARSET=utf8mb4 COLLATE=utf8mb4_unicode_ci;
/*!40101 SET character_set_client = @saved_cs_client */;

--
-- Dumping data for table `orders`
--

LOCK TABLES `orders` WRITE;
/*!40000 ALTER TABLE `orders` DISABLE KEYS */;
/*!40000 ALTER TABLE `orders` ENABLE KEYS */;
UNLOCK TABLES;

--
-- Table structure for table `passing_places`
--

DROP TABLE IF EXISTS `passing_places`;
/*!40101 SET @saved_cs_client     = @@character_set_client */;
/*!40101 SET character_set_client = utf8 */;
CREATE TABLE `passing_places` (
  `id` int(10) unsigned NOT NULL AUTO_INCREMENT,
  `place_id` int(11) NOT NULL DEFAULT '0',
  `route_id` int(11) NOT NULL DEFAULT '0',
  `priority` int(11) NOT NULL DEFAULT '1',
  PRIMARY KEY (`id`)
) ENGINE=InnoDB AUTO_INCREMENT=26 DEFAULT CHARSET=utf8mb4 COLLATE=utf8mb4_unicode_ci;
/*!40101 SET character_set_client = @saved_cs_client */;

--
-- Dumping data for table `passing_places`
--

LOCK TABLES `passing_places` WRITE;
/*!40000 ALTER TABLE `passing_places` DISABLE KEYS */;
INSERT INTO `passing_places` VALUES (3,10,2,3),(4,4,2,2),(5,108,1,1),(6,105,1,2),(7,106,1,3),(8,107,1,4),(9,111,3,1),(10,110,3,2),(11,109,3,3),(17,22,8,1),(18,119,4,1),(19,22,4,2),(20,108,9,1),(21,18,12,1),(22,16,16,1),(23,1,16,2),(24,6,13,1),(25,9,13,2);
/*!40000 ALTER TABLE `passing_places` ENABLE KEYS */;
UNLOCK TABLES;

--
-- Table structure for table `password_resets`
--

DROP TABLE IF EXISTS `password_resets`;
/*!40101 SET @saved_cs_client     = @@character_set_client */;
/*!40101 SET character_set_client = utf8 */;
CREATE TABLE `password_resets` (
  `email` varchar(191) COLLATE utf8mb4_unicode_ci NOT NULL,
  `token` varchar(191) COLLATE utf8mb4_unicode_ci NOT NULL,
  `created_at` timestamp NULL DEFAULT NULL,
  KEY `password_resets_email_index` (`email`)
) ENGINE=InnoDB DEFAULT CHARSET=utf8mb4 COLLATE=utf8mb4_unicode_ci;
/*!40101 SET character_set_client = @saved_cs_client */;

--
-- Dumping data for table `password_resets`
--

LOCK TABLES `password_resets` WRITE;
/*!40000 ALTER TABLE `password_resets` DISABLE KEYS */;
INSERT INTO `password_resets` VALUES ('doanln16@gmail.com','ek5k7azoqkt082w3mkxdsx11n850vzcodym4ulabfdk04om7ukv3nat5mbwhok5d','2018-12-03 20:23:08'),('tuannh2210@gmail.com','ix38m6ckmvepfqao7mhd4kzjtj7pxj7bw2zutnvtwlqwkstuvxezhe0r3v9lhnpa','2018-11-30 23:39:57'),('doductientq@gmail.com','ycebc33p1knplpnlbai5lu0ti7wujirkorntea98jojwpfupg7pbanlz5xfpkywt','2018-12-05 15:04:53');
/*!40000 ALTER TABLE `password_resets` ENABLE KEYS */;
UNLOCK TABLES;

--
-- Table structure for table `post_meta`
--

DROP TABLE IF EXISTS `post_meta`;
/*!40101 SET @saved_cs_client     = @@character_set_client */;
/*!40101 SET character_set_client = utf8 */;
CREATE TABLE `post_meta` (
  `id` int(10) unsigned NOT NULL AUTO_INCREMENT,
  `post_id` int(11) NOT NULL,
  `type` varchar(191) COLLATE utf8mb4_unicode_ci NOT NULL DEFAULT 'text',
  `name` varchar(191) COLLATE utf8mb4_unicode_ci NOT NULL,
  `value` text COLLATE utf8mb4_unicode_ci,
  PRIMARY KEY (`id`)
) ENGINE=InnoDB AUTO_INCREMENT=122 DEFAULT CHARSET=utf8mb4 COLLATE=utf8mb4_unicode_ci;
/*!40101 SET character_set_client = @saved_cs_client */;

--
-- Dumping data for table `post_meta`
--

LOCK TABLES `post_meta` WRITE;
/*!40000 ALTER TABLE `post_meta` DISABLE KEYS */;
INSERT INTO `post_meta` VALUES (1,1,'text','custom_slug',NULL),(2,1,'text','show_thumbnail','on'),(3,1,'text','with_sidebar','on'),(4,1,'text','allow_comment',NULL),(5,1,'text','keep_original',NULL),(6,2,'text','custom_slug','0'),(7,2,'text','show_thumbnail','on'),(8,2,'text','with_sidebar','on'),(9,2,'text','allow_comment',NULL),(10,2,'text','keep_original',NULL),(11,2,'text','meta_title',NULL),(12,2,'text','meta_description',NULL),(13,3,'text','custom_slug','0'),(14,3,'text','show_thumbnail','on'),(15,3,'text','with_sidebar','on'),(16,3,'text','allow_comment',NULL),(17,3,'text','keep_original',NULL),(18,3,'text','meta_title',NULL),(19,3,'text','meta_description',NULL),(20,4,'text','custom_slug','0'),(21,4,'text','show_thumbnail','on'),(22,4,'text','with_sidebar','on'),(23,4,'text','allow_comment',NULL),(24,4,'text','keep_original',NULL),(25,4,'text','meta_title',NULL),(26,4,'text','meta_description',NULL),(27,1,'text','layout','single'),(28,1,'text','display_content','on'),(29,5,'text','custom_slug','0'),(30,5,'text','show_thumbnail','on'),(31,5,'text','with_sidebar','on'),(32,5,'text','allow_comment',NULL),(33,5,'text','keep_original',NULL),(34,5,'text','meta_title',NULL),(35,5,'text','meta_description',NULL),(36,6,'text','custom_slug','0'),(37,6,'text','show_thumbnail','on'),(38,6,'text','with_sidebar','on'),(39,6,'text','allow_comment',NULL),(40,6,'text','keep_original',NULL),(41,6,'text','meta_title',NULL),(42,6,'text','meta_description',NULL),(43,7,'text','custom_slug','0'),(44,7,'text','show_thumbnail','on'),(45,7,'text','with_sidebar','on'),(46,7,'text','allow_comment',NULL),(47,7,'text','keep_original',NULL),(48,7,'text','meta_title',NULL),(49,7,'text','meta_description',NULL),(50,8,'text','custom_slug','0'),(51,8,'text','show_thumbnail','on'),(52,8,'text','with_sidebar','on'),(53,8,'text','allow_comment',NULL),(54,8,'text','keep_original',NULL),(55,8,'text','meta_title',NULL),(56,8,'text','meta_description',NULL),(57,9,'text','custom_slug','0'),(58,9,'text','show_thumbnail','on'),(59,9,'text','with_sidebar','on'),(60,9,'text','allow_comment',NULL),(61,9,'text','keep_original',NULL),(62,9,'text','meta_title',NULL),(63,9,'text','meta_description',NULL),(64,10,'text','custom_slug','0'),(65,10,'text','show_thumbnail','on'),(66,10,'text','with_sidebar','on'),(67,10,'text','allow_comment',NULL),(68,10,'text','keep_original',NULL),(69,10,'text','meta_title',NULL),(70,10,'text','meta_description',NULL),(71,11,'text','custom_slug','0'),(72,11,'text','show_thumbnail','on'),(73,11,'text','with_sidebar','on'),(74,11,'text','allow_comment',NULL),(75,11,'text','keep_original',NULL),(76,11,'text','meta_title',NULL),(77,11,'text','meta_description',NULL),(78,12,'text','custom_slug','0'),(79,12,'text','show_thumbnail','on'),(80,12,'text','with_sidebar','on'),(81,12,'text','allow_comment',NULL),(82,12,'text','keep_original',NULL),(83,12,'text','meta_title',NULL),(84,12,'text','meta_description',NULL),(85,13,'text','custom_slug','0'),(86,13,'text','show_thumbnail','on'),(87,13,'text','with_sidebar','on'),(88,13,'text','allow_comment',NULL),(89,13,'text','keep_original',NULL),(90,13,'text','meta_title',NULL),(91,13,'text','meta_description',NULL),(92,14,'text','custom_slug','0'),(93,14,'text','show_thumbnail','on'),(94,14,'text','with_sidebar','on'),(95,14,'text','allow_comment',NULL),(96,14,'text','keep_original',NULL),(97,14,'text','meta_title',NULL),(98,14,'text','meta_description',NULL),(99,15,'text','custom_slug',NULL),(100,15,'text','show_thumbnail','on'),(101,15,'text','with_sidebar','on'),(102,15,'text','allow_comment',NULL),(103,15,'text','keep_original',NULL),(104,15,'text','layout','sidebar'),(105,15,'text','display_content',NULL),(106,16,'text','custom_slug',NULL),(107,16,'text','post_type','gallery'),(108,16,'text','show_thumbnail','on'),(109,16,'text','with_sidebar',NULL),(110,16,'text','children_props',NULL),(111,16,'text','use_category',NULL),(112,16,'text','allow_comment',NULL),(113,16,'text','keep_original',NULL),(114,16,'text','required_fields','title,slug,description,content,keywords,feature_image,tag'),(115,17,'text','custom_slug','0'),(116,17,'text','show_thumbnail','on'),(117,17,'text','with_sidebar','on'),(118,17,'text','allow_comment',NULL),(119,17,'text','keep_original',NULL),(120,17,'text','meta_title',NULL),(121,17,'text','meta_description',NULL);
/*!40000 ALTER TABLE `post_meta` ENABLE KEYS */;
UNLOCK TABLES;

--
-- Table structure for table `post_product_links`
--

DROP TABLE IF EXISTS `post_product_links`;
/*!40101 SET @saved_cs_client     = @@character_set_client */;
/*!40101 SET character_set_client = utf8 */;
CREATE TABLE `post_product_links` (
  `id` int(10) unsigned NOT NULL AUTO_INCREMENT,
  `post_id` int(11) NOT NULL DEFAULT '0',
  `product_id` int(11) NOT NULL DEFAULT '0',
  PRIMARY KEY (`id`)
) ENGINE=InnoDB DEFAULT CHARSET=utf8mb4 COLLATE=utf8mb4_unicode_ci;
/*!40101 SET character_set_client = @saved_cs_client */;

--
-- Dumping data for table `post_product_links`
--

LOCK TABLES `post_product_links` WRITE;
/*!40000 ALTER TABLE `post_product_links` DISABLE KEYS */;
/*!40000 ALTER TABLE `post_product_links` ENABLE KEYS */;
UNLOCK TABLES;

--
-- Table structure for table `posts`
--

DROP TABLE IF EXISTS `posts`;
/*!40101 SET @saved_cs_client     = @@character_set_client */;
/*!40101 SET character_set_client = utf8 */;
CREATE TABLE `posts` (
  `id` int(10) unsigned NOT NULL AUTO_INCREMENT,
  `type` varchar(191) COLLATE utf8mb4_unicode_ci NOT NULL DEFAULT 'post',
  `title` varchar(191) COLLATE utf8mb4_unicode_ci NOT NULL,
  `slug` varchar(191) COLLATE utf8mb4_unicode_ci NOT NULL,
  `keywords` varchar(191) COLLATE utf8mb4_unicode_ci DEFAULT NULL,
  `description` text COLLATE utf8mb4_unicode_ci,
  `content` text COLLATE utf8mb4_unicode_ci,
  `feature_image` varchar(191) COLLATE utf8mb4_unicode_ci DEFAULT NULL,
  `views` int(11) NOT NULL DEFAULT '0',
  `user_id` int(10) unsigned NOT NULL DEFAULT '0',
  `parent_id` int(10) unsigned NOT NULL DEFAULT '0',
  `cate_id` int(10) unsigned NOT NULL DEFAULT '0',
  `cate_map` varchar(191) COLLATE utf8mb4_unicode_ci DEFAULT NULL,
  `status` int(11) NOT NULL DEFAULT '200',
  `created_at` timestamp NULL DEFAULT NULL,
  `updated_at` timestamp NULL DEFAULT NULL,
  PRIMARY KEY (`id`)
) ENGINE=InnoDB AUTO_INCREMENT=18 DEFAULT CHARSET=utf8mb4 COLLATE=utf8mb4_unicode_ci;
/*!40101 SET character_set_client = @saved_cs_client */;

--
-- Dumping data for table `posts`
--

LOCK TABLES `posts` WRITE;
/*!40000 ALTER TABLE `posts` DISABLE KEYS */;
INSERT INTO `posts` VALUES (1,'page','Giới thiệu','gioi-thieu',NULL,'Đây là trang giới thiệu','<section>\r\n<div class=\"container\">\r\n<div class=\"about-us about\">\r\n<div class=\"col-lg-6 col-sm-10 col-md-10 about-detail\">\r\n<h2 class=\"title text-left\">Đ&ocirc;i n&eacute;t về BMS</h2>\r\n<hr class=\"divider\" />\r\n<div class=\"range\">&nbsp;</div>\r\n<p>BMS được ra mắt v&agrave;o 2018. L&agrave; trang web h&agrave;ng đầu để t&igrave;m v&eacute; xe bu&yacute;t li&ecirc;n th&agrave;nh phố trực tuyến. Hệ thống đặt v&eacute; của ch&uacute;ng t&ocirc;i cho ph&eacute;p du kh&aacute;ch t&igrave;m kiếm v&eacute; xe bu&yacute;t cho hơn một trăm c&ocirc;ng ty xe bu&yacute;t tr&ecirc;n khắp Việt Nam</p>\r\n<p>Ch&uacute;ng t&ocirc;i cung cấp cho kh&aacute;ch h&agrave;ng khả năng t&igrave;m kiếm nhiều lịch biểu từ nhiều mạng di động ở một nơi để họ c&oacute; thể dễ d&agrave;ng so s&aacute;nh v&agrave; quyết định điều g&igrave; ph&ugrave; hợp nhất với họ.</p>\r\n</div>\r\n<div class=\"col-lg-6 col-sm-10 about-media \"><video controls=\"controls\" width=\"100%\" height=\"auto\">\r\n<source src=\"/source/videos/1.mp4\" type=\"video/mp4\" /></video></div>\r\n</div>\r\n</div>\r\n</section>\r\n<section class=\"bg-zircon\">\r\n<div class=\"container\">\r\n<div class=\"testimonials \">\r\n<h2 class=\"title\">Đ&aacute;nh gi&aacute;</h2>\r\n<hr class=\"divider\" />\r\n<div class=\"range row owl-carousel owl-theme bms-carousel col-md-10 mx-auto\" data-padding=\"10\" data-loop=\"truw\" data-margin=\"60\" data-show=\"3\">\r\n<div class=\"\">\r\n<blockquote>\r\n<div class=\"media\">\r\n<div class=\"media-left\">&nbsp;</div>\r\n<div class=\"media-body\">Qu&yacute; kh&aacute;ch c&oacute; thể lựa chọn nh&agrave; xe v&agrave; vị tr&iacute; ghế ngồi của m&igrave;nh v&ocirc; c&ugrave;ng dễ d&agrave;ng, thanh to&aacute;n v&eacute; trực tuyến an to&agrave;n v&agrave; nhận v&eacute; ngay th&ocirc;ng qua Email.&nbsp;<br />\r\n<div class=\"testimonials-user\">\r\n<div class=\"img-user\"><img src=\"/source/images/user1.jpg\" alt=\"\" width=\"40\" height=\"40\" /></div>\r\n<div class=\"name-user\">Tiennk</div>\r\n</div>\r\n</div>\r\n</div>\r\n</blockquote>\r\n</div>\r\n<div class=\" \">\r\n<blockquote>\r\n<div class=\"media\">\r\n<div class=\"media-left\">&nbsp;</div>\r\n<div class=\"media-body\">Qu&yacute; kh&aacute;ch c&oacute; thể lựa chọn nh&agrave; xe v&agrave; vị tr&iacute; ghế ngồi của m&igrave;nh v&ocirc; c&ugrave;ng dễ d&agrave;ng, thanh to&aacute;n v&eacute; trực tuyến an to&agrave;n v&agrave; nhận v&eacute; ngay th&ocirc;ng qua Email. H&atilde;y đặt v&eacute; tại BMS ngay h&ocirc;m nay v&agrave; tận hưởng một chuyến du lịch với nhiều kỉ niệm đ&aacute;ng nhớ..\r\n<div class=\"testimonials-user\">\r\n<div class=\"img-user\"><img src=\"/source/images/user1.jpg\" alt=\"\" /></div>\r\n<div class=\"name-user\">Do&atilde;n</div>\r\n</div>\r\n</div>\r\n</div>\r\n</blockquote>\r\n</div>\r\n<div class=\"\">\r\n<blockquote>\r\n<div class=\"media\">\r\n<div class=\"media-left\">&nbsp;</div>\r\n<div class=\"media-body\">Qu&yacute; kh&aacute;ch c&oacute; thể lựa chọn nh&agrave; xe v&agrave; vị tr&iacute; ghế ngồi của m&igrave;nh v&ocirc; c&ugrave;ng dễ d&agrave;ng, thanh to&aacute;n v&eacute; trực tuyến an to&agrave;n v&agrave; nhận v&eacute; ngay th&ocirc;ng qua Email. H&atilde;y đặt v&eacute; tại BMS ngay h&ocirc;m nay v&agrave; tận hưởng một chuyến du lịch với nhiều kỉ niệm đ&aacute;ng nhớ..\r\n<div class=\"testimonials-user\">\r\n<div class=\"img-user\"><img src=\"/source/images/user1.jpg\" alt=\"\" width=\"40\" height=\"40\" /></div>\r\n<div class=\"name-user\">Tiến Đỗ</div>\r\n</div>\r\n</div>\r\n</div>\r\n</blockquote>\r\n</div>\r\n</div>\r\n</div>\r\n</div>\r\n</section>','076320800-1542814656.png',57,1,0,0,NULL,200,'2018-11-21 22:37:36','2018-12-15 00:47:17'),(2,'post','Thêm mới bến xe','them-moi-ben-xe',NULL,'Thêm mới 10 bến xe vào hệ thống','<p>Th&ecirc;m mới 10 bến xe v&agrave;o hệ thống</p>','036227800-1542815413.png',13,4,0,1,' 1,',-1,'2018-11-21 22:50:13','2018-11-30 23:04:58'),(3,'post','9X đâm chết tài xế xe khách ở bến','9x-dam-chet-tai-xe-xe-khach-o-ben',NULL,'Sau khi xuống bến xe Ba Đồn, Thỏa gọi bạn chạy xe máy đến gây gổ tài xế rồi rút dao đâm chết nạn nhân sau cuộc cãi vã.','<p>Chiều 26/10, thượng t&aacute; L&ecirc; Văn H&oacute;a, Trưởng C&ocirc;ng an thị x&atilde; Ba Đồn (Quảng B&igrave;nh), cho biết đơn vị vừa bắt khẩn cấp Trần Tiến Th&aacute;i (24 tuổi, tr&uacute; phường Quảng Thọ) v&agrave; Trần Ngọc Thỏa (23 tuổi, tr&uacute; phường Ba Đồn) để l&agrave;m r&otilde; vụ việc li&ecirc;n quan đến một t&agrave;i xế xe kh&aacute;ch bị đ&acirc;m chết.</p>\r\n<p>Nạn nh&acirc;n được x&aacute;c định l&agrave; &ocirc;ng L&ecirc; Thanh Ho&agrave;n, t&agrave;i xế xe kh&aacute;ch chạy tuyến TP Huế - Ba Đồn.</p>\r\n<p>Khoảng 11h c&ugrave;ng ng&agrave;y, Thỏa v&agrave; Th&aacute;i đi xe m&aacute;y đến bến xe Ba Đồn để gọi &ocirc;ng Ho&agrave;n xuống xe. Hai b&ecirc;n xảy ra tranh c&atilde;i, lời qua tiếng lại.&nbsp;</p>\r\n<p>Một trong 2 thanh ni&ecirc;n sau đ&oacute; r&uacute;t dao đ&acirc;m v&agrave;o ngực t&agrave;i xế rồi l&ecirc;n xe m&aacute;y bỏ chạy khỏi hiện trường. Nạn nh&acirc;n sau đ&oacute; được đưa đi cấp cứu nhưng vết thương qu&aacute; nặng đ&atilde; tử vong tại Bệnh viện đa khoa Bắc Quảng B&igrave;nh.&nbsp;</p>\r\n<p>&ldquo;Nhận tin b&aacute;o, c&ocirc;ng an thị x&atilde; đ&atilde; huy động lực lượng chốt chặn c&aacute;c ngả đường để truy t&igrave;m c&aacute;c nghi can. Đến hơn 13h th&igrave; lực lượng truy bắt đ&atilde; bắt giữ được Tiến v&agrave; Thỏa khi 2 người n&agrave;y đang trốn tại nh&agrave; một người quen ở phường Quảng Thuận\", thượng t&aacute; H&oacute;a n&oacute;i.</p>\r\n<p>Theo cơ quan chức năng, Thỏa l&agrave; h&agrave;nh kh&aacute;ch đi tr&ecirc;n chuyến xe từ TP Huế ra thị x&atilde; Ba Đồn. Thanh ni&ecirc;n n&agrave;y đ&atilde; c&oacute; m&acirc;u thuẫn, c&atilde;i v&atilde; với t&agrave;i xế Ho&agrave;n rồi gọi bạn đến giải quyết..&nbsp;</p>\r\n<p>Vụ việc đang được c&ocirc;ng an tỉnh Quảng B&igrave;nh tiếp nhận, điều tra l&agrave;m r&otilde;.</p>\r\n<table class=\"picture\" align=\"center\">\r\n<tbody>\r\n<tr>\r\n<td class=\"pic\"><img src=\"https://znews-photo.zadn.vn/w660/Uploaded/mdf_neymvf/2018_10_26/map_quangbinh_benxekhachbadon.jpg\" alt=\"9X dam chet tai xe xe khach o ben hinh anh 2\" width=\"900\" height=\"562\" /></td>\r\n</tr>\r\n</tbody>\r\n</table>','073512400-1543477995.png',6,1,0,1,' 1,',200,'2018-11-29 14:53:15','2018-12-09 18:33:41'),(4,'post','Phát hiện hàng loạt sai phạm tại Bến xe Miền Đông','phat-hien-hang-loat-sai-pham-tai-ben-xe-mien-dong',NULL,'Thanh tra TP.HCM chỉ ra sai phạm tại Công ty TNHH MTV Bến xe Miền Đông trong việc thu phí dịch vụ, cho thuê mặt bằng.','<p>Thanh tra TP.HCM tiến h&agrave;nh kiểm tra to&agrave;n diện Tổng c&ocirc;ng ty Cơ kh&iacute; Giao th&ocirc;ng Vận tải S&agrave;i G&ograve;n - TNHH MTV (Samco) v&agrave; ph&aacute;t hiện ra sai phạm tại C&ocirc;ng ty TNHH MTV Bến xe Miền Đ&ocirc;ng.</p>\r\n<h3>Kh&ocirc;ng thu ph&iacute; dịch vụ, xe vẫn xuất bến</h3>\r\n<p>Theo đ&oacute;, C&ocirc;ng ty Bến xe Miền Đ&ocirc;ng k&yacute; hợp đồng khai th&aacute;c dịch vụ với 199 đơn vị vận tải, trong đ&oacute; c&oacute; c&aacute;c loại xe từ 16-50 chỗ ngồi.</p>\r\n<p>Xe ra v&agrave;o bến nộp ph&iacute; dịch vụ, mức ph&iacute; t&ugrave;y theo số ghế mỗi xe v&agrave; cự ly vận tải h&agrave;nh kh&aacute;ch, gi&aacute; thấp nhất l&agrave; 3.100 đồng/ghế, cao nhất 8.400 đồng/ghế.</p>\r\n<p>Khi Thanh tra TP.HCM chọn 58 ng&agrave;y bất kỳ trong ba năm gần đ&acirc;y để kiểm tra th&igrave; nhận thấy số lượt xe xuất bến trong ng&agrave;y nhiều hơn số lượt xe xuất bến c&oacute; thu ph&iacute; dịch vụ. Ch&ecirc;nh lệch dao động từ 97-206 lượt/ng&agrave;y. Tổng trong 58 ng&agrave;y l&agrave; 10.072 lượt.</p>\r\n<p>Theo đơn gi&aacute; thấp nhất, đơn vị n&agrave;y để thất tho&aacute;t hơn 8,6 triệu đồng/ ng&agrave;y, tương đương khoảng 500 triệu đồng/58 ng&agrave;y. T&igrave;nh trạng n&agrave;y đ&atilde; k&eacute;o d&agrave;i 3 năm n&ecirc;n số tiền thất tho&aacute;t l&agrave; rất lớn.</p>\r\n<p>Về ph&iacute;a C&ocirc;ng ty Bến xe Miền Đ&ocirc;ng, đơn vị n&agrave;y giải tr&igrave;nh khi ho&agrave;n th&agrave;nh chuyến (xuất bến v&agrave; quay về bến), nếu c&aacute;c xe kh&ocirc;ng tiếp tục hoạt động m&agrave; về đơn vị hoặc về nơi đỗ xe th&igrave; kh&ocirc;ng thu tiền.</p>\r\n<p>Tuy nhi&ecirc;n, Thanh tra TP cho rằng điều n&agrave;y l&agrave; kh&ocirc;ng c&oacute; cơ sở. Tr&ecirc;n thực tế, C&ocirc;ng ty Bến xe Miền Đ&ocirc;ng kh&ocirc;ng chứng minh xe về đơn vị hay thực hiện chuyến đi.</p>\r\n<p>Ngo&agrave;i ra, việc k&yacute; kết v&agrave; thực hiện hợp đồng giữa C&ocirc;ng ty Bến xe Miền Đ&ocirc;ng với C&ocirc;ng ty Phương Trinh (đơn vị vận chuyển h&agrave;nh kh&aacute;ch c&ocirc;ng cộng tuyến Bến xe Miền Đ&ocirc;ng - Thủ Dầu Một) cũng chưa đầy đủ ph&aacute;p l&yacute;.</p>\r\n<h3>Cho thu&ecirc; mặt bằng sai quy định</h3>\r\n<p>Bến xe Miền Đ&ocirc;ng được UBND TP.HCM giao quản l&yacute;&nbsp; hơn 62.000 m2 tại phường 26, quận B&igrave;nh Thạnh, l&agrave;m bến xe. Thời gian sử dụng đất ổn định l&acirc;u d&agrave;i theo quy định của ph&aacute;p luật đất đai.</p>\r\n<p>Năm 2005, khi chuyển đổi th&agrave;nh loại h&igrave;nh doanh nghiệp c&ocirc;ng ty TNHH, đơn vị n&agrave;y kh&ocirc;ng thực hiện đăng k&yacute; sử dụng đất v&agrave; k&yacute; hợp đồng thu&ecirc; đất với Sở T&agrave;i nguy&ecirc;n v&agrave; M&ocirc;i trường. C&ocirc;ng ty cũng kh&ocirc;ng l&agrave;m thủ tục để được miễn giảm tiền thu&ecirc; đất theo quy định. Theo Thanh tra TP, việc n&agrave;y l&agrave; kh&ocirc;ng đ&uacute;ng quy định.</p>\r\n<table class=\"picture\" align=\"center\">\r\n<tbody>\r\n<tr>\r\n<td class=\"pic\"><img src=\"https://znews-photo.zadn.vn/w660/Uploaded/oqivovbv/2018_10_02/bxMD_ZING.jpg\" alt=\"Phat hien hang loat sai pham tai Ben xe Mien Dong hinh anh 2\" width=\"1024\" height=\"768\" /></td>\r\n</tr>\r\n<tr>\r\n<td class=\"pCaption caption\">Bến xe Miền Đ&ocirc;ng l&agrave; bến xe kh&aacute;ch lớn nhất TP.HCM về lượng kh&aacute;ch vận chuyển mỗi năm v&agrave; về lưu lượng xe mỗi ng&agrave;y. Ảnh:&nbsp;<em>Ng&acirc;n Giang.</em></td>\r\n</tr>\r\n</tbody>\r\n</table>\r\n<p>B&ecirc;n cạnh đ&oacute;, việc c&ocirc;ng ty n&agrave;y d&ugrave;ng một phần khu vực t&ograve;a nh&agrave; văn ph&ograve;ng ch&iacute;nh cho thu&ecirc; l&agrave;m si&ecirc;u thị, dịch vụ ăn uống v&agrave; quầy v&eacute; l&agrave; kh&ocirc;ng đ&uacute;ng quy định.</p>\r\n<p>Qu&aacute; tr&igrave;nh định gi&aacute; t&agrave;i sản, x&aacute;c định diện t&iacute;ch c&ocirc;ng tr&igrave;nh nh&agrave; đất do C&ocirc;ng ty Đ&ocirc;ng &Aacute; thực hiện đối với C&ocirc;ng ty Bến xe Miền Đ&ocirc;ng cũng chưa ch&iacute;nh x&aacute;c v&agrave; chưa đ&uacute;ng với thực tế.</p>\r\n<p>Cụ thể, Ph&ograve;ng V&eacute; - Kế hoạch điều độ đưa v&agrave;o sử dụng cuối năm 2012, nguy&ecirc;n gi&aacute; theo sổ s&aacute;ch kế to&aacute;n hơn 882 triệu đồng, gi&aacute; trị c&ograve;n lại hơn 444 triệu đồng. Tuy nhi&ecirc;n, C&ocirc;ng ty Đ&ocirc;ng &Aacute; định gi&aacute; gi&aacute; trị c&ograve;n lại chỉ hơn 303 triệu đồng, giảm gần 141 triệu đồng.</p>\r\n<p>Thanh tra TP kết luận: Nếu kh&ocirc;ng kiểm tra, định gi&aacute; lại th&igrave; t&agrave;i sản thực tế của doanh nghiệp v&agrave; t&agrave;i sản thực tế của Nh&agrave; nước tại doanh nghiệp giảm; diện t&iacute;ch c&ocirc;ng tr&igrave;nh nh&agrave; cửa, vật kiến tr&uacute;c của doanh nghiệp giảm.</p>\r\n<p>Với những sai phạm tr&ecirc;n, Thanh tra TP.HCM kiến nghị Chủ tịch UBND TP giao Chủ tịch Hội đồng th&agrave;nh vi&ecirc;n v&agrave; Tổng Gi&aacute;m đốc C&ocirc;ng ty Bến xe Miền Đ&ocirc;ng kiểm điểm, l&agrave;m r&otilde; tr&aacute;ch nhiệm đối với c&aacute; nh&acirc;n, tập thể c&oacute; li&ecirc;n quan.</p>','002176700-1543478140.png',9,1,0,1,' 1,',200,'2018-11-29 14:55:40','2018-12-09 18:33:41'),(5,'post','Hà Nội: Tạm giữ đối tượng dùng súng dọa giết người ở bến xe Mỹ Đình','ha-noi-tam-giu-doi-tuong-dung-sung-doa-giet-nguoi-o-ben-xe-my-dinh',NULL,'Do mâu thuẫn trong việc làm ăn. Khoảng 21h30 ngày 10/9 Thắng gọi Phương ra bến xe Mỹ Đình nói chuyện. Tại đây Thắng đã nổ súng đe dọa giết Phương.','<p class=\"body-text\">Cơ quan CSĐT - C&ocirc;ng an quận Nam Từ Li&ecirc;m đ&atilde; ra lệnh tạm giữ h&igrave;nh sự đối với Đinh Quang Thắng (SN 1974, tr&uacute; tại phường Nghĩa T&acirc;n, quận Cầu Giấy, H&agrave; Nội) để điều tra về tội \"đe dọa giết người\" v&agrave; \"t&agrave;ng trữ, sử dụng tr&aacute;i ph&eacute;p vũ kh&iacute; qu&acirc;n dụng\".</p>\r\n<p class=\"body-image\"><a class=\"photo\" href=\"https://photo-1-baomoi.zadn.vn/w1000_r1/2018_09_13_323_27705480/910d1aefaaa843f61ab9.jpg\" data-desc=\"\" data-index=\"0\"><img src=\"https://photo-1-baomoi.zadn.vn/w700_r1/2018_09_13_323_27705480/910d1aefaaa843f61ab9.jpg\" data-width=\"600\" data-height=\"379\" /></a></p>\r\n<p class=\"body-text\"><em>Khẩu s&uacute;ng v&agrave; đối tượng bắt giữ tại cơ quan c&ocirc;ng an. (Ảnh ANTĐ)</em></p>\r\n<p class=\"body-text\">Theo t&agrave;i liệu điều tra của cơ quan c&ocirc;ng an, v&agrave;o khoảng 21h30 ng&agrave;y 10/9, C&ocirc;ng an Nam Từ Li&ecirc;m nhận được tin b&aacute;o tại cổng Bến xe kh&aacute;ch Mỹ Đ&igrave;nh xảy ra vụ x&ocirc; x&aacute;t v&agrave; đ&atilde; c&oacute; tiếng s&uacute;ng nổ.</p>\r\n<p class=\"body-text\">Ngay sau khi nhận được tin b&aacute;o, C&ocirc;ng an quận Nam Từ Li&ecirc;m đ&atilde; triển khai lực lượng đến hiện trường nhưng đối tượng đ&atilde; nhanh ch&oacute;ng bỏ đi. Tại hiện trường lực lượng chức năng thấy 1 vi&ecirc;n đạn của loại s&uacute;ng qu&acirc;n dụng bắn v&agrave;o của của 1 chiếc xe taxi m&agrave;u bạc.</p>\r\n<p class=\"body-text\">Thấy đ&acirc;y l&agrave; vụ việc c&oacute; t&iacute;nh chất nguy hiểm, lực lượng chức năng đ&atilde; v&agrave;o cuộc điều tra, qu&aacute; tr&igrave;nh điều tra C&ocirc;ng an x&aacute;c định đ&acirc;y l&agrave; một vụ việc do m&acirc;u thuẫn c&aacute; nh&acirc;n trong việc kinh doanh vận tại tại bến xe kh&aacute;ch Mỹ Đ&igrave;nh.</p>\r\n<p class=\"body-text\">Sau nhiều giờ giờ truy t&igrave;m, C&ocirc;ng an đ&atilde; bắt giữ được Đinh Quang Thắng.</p>\r\n<p class=\"body-text\">Tại cơ quan điều tra, Thắng khai nhận vụ việc l&agrave; do m&acirc;u thuẫn c&aacute; nh&acirc;n giữa Thắng v&agrave; anh Nguyễn Minh Phương (SN 1986 ở x&atilde; Gia Sinh, huyện Gia Viễn, tỉnh Ninh B&igrave;nh) khi anh Phương kh&ocirc;ng hợp t&aacute;c l&agrave;m ăn tiếp.</p>\r\n<p class=\"body-text\">Cũng theo t&agrave;i liệu điều tra của cơ quan c&ocirc;ng an, khoảng 21h ng&agrave;y 10/9, Thắng cầm khẩu s&uacute;ng ngắn dạng K54 c&ugrave;ng 5 vi&ecirc;n đạn được lắp sẵn trong hộp tiếp đạn v&agrave; nhờ Trịnh B&ugrave;i Luận chở đến cổng bến xe Mỹ Đ&igrave;nh t&igrave;m gặp anh Phương để giải quyết m&acirc;u thuẫn.</p>\r\n<p class=\"body-text\">Tới cổng bến xe, Thắng r&uacute;t điện thoại gọi anh Phương v&agrave; hai b&ecirc;n xảy ra to tiếng, chửi bới qua điện thoại. Một l&uacute;c sau anh Phương đi xe m&aacute;y ra cổng. Vừa nh&igrave;n thấy Phương, Thắng lao v&agrave;o đấm đ&aacute;, r&uacute;t s&uacute;ng đe dọa sẽ giết anh Phương. Thấy vậy Luận đ&atilde; v&agrave;o &ocirc;m v&agrave; can ngan nhưng bị Thắng chĩa s&uacute;ng v&agrave;o người đe dọa.</p>\r\n<p class=\"body-text\">Trong qu&aacute; tr&igrave;nh xảy ra x&ocirc; x&aacute;t, anh Phương bị Thắng đ&aacute;nh ng&atilde; v&agrave;o cửa chiếc xe taxi. Thắng tiếp tục x&ocirc;ng tới, tay tr&aacute;i cầm s&uacute;ng, tay phải l&ecirc;n đạn đồng thời tiếp tục đ&aacute; v&agrave;o mặt anh Phương, d&ugrave;ng b&aacute;ng s&uacute;ng đập v&agrave;o đầu. L&uacute;c n&agrave;y s&uacute;ng ph&aacute;t nổ, vi&ecirc;n đạn đi xuy&ecirc;n v&agrave;o c&aacute;nh cửa sau của chiếc xe taxi.</p>\r\n<p class=\"body-text\">Sau khi s&uacute;ng nổ đối tượng Thắng được Luận trở đi rời khỏi hiện trường. Hiện khẩu s&uacute;ng do đối tượng Thắng sử dụng đ&atilde; được cơ quan c&ocirc;ng an thu giữ.</p>\r\n<p class=\"body-text\">Hiện vụ việc đang được cơ quan chức năng tiếp tục điều tra l&agrave;m r&otilde;.</p>\r\n<p class=\"body-text\"><strong>N.T</strong></p>','031470900-1544231460.png',3,1,0,1,' 1,',200,'2018-12-08 08:11:00','2018-12-10 00:59:48'),(6,'post','Bóc gỡ đường dây trộm cắp cả trăm chiếc xe máy Wave, đưa ra nước ngoài tiêu thụ','boc-go-duong-day-trom-cap-ca-tram-chiec-xe-may-wave-dua-ra-nuoc-ngoai-tieu-thu',NULL,'ANTD.VN - Sáng 20-9,  trao đổi với PV ANTĐ, Trung tá Lê Khắc Minh – Trưởng phòng CSHS Công an tỉnh Thanh Hóa cho biết, đơn vị phối hợp với lực lượng CSHS Bộ Công an và Công an một số  địa phương vừa bóc gỡ đường dây trộm cắp, tiêu thụ xe máy xuyên quốc gia với số lượng lên đến cả trăm chiếc.','<p>Sau thời gian lập chuy&ecirc;n &aacute;n đấu tranh, trung tuần th&aacute;ng 9 vừa&nbsp; qua, tại Thanh Ho&aacute;, TP.HCM, B&igrave;nh Dương, B&igrave;nh Phước, Th&aacute;i B&igrave;nh...C&ocirc;ng an tỉnh Thanh H&oacute;a phối hợp với c&aacute;c lực lượng chức năng đồng loạt bắt, kh&aacute;m x&eacute;t khẩn cấp đối với 9 đối tượng trong đường d&acirc;y phạm tội hết sức quy m&ocirc; n&agrave;y.</p>\r\n<p><strong>Những vị kh&aacute;ch&hellip;kh&ocirc;ng biết n&oacute;i</strong></p>\r\n<p>Theo CQĐT, c&aacute;c đối tượng tuy sống ở nhiều tỉnh, th&agrave;nh phố nhưng đ&atilde; m&oacute;c nối trong thời gian d&agrave;i, ph&acirc;n c&ocirc;ng vai tr&ograve; kẻ trộm cắp, kẻ vận chuyển, đục ph&aacute; số khung, số m&aacute;y, l&agrave;m giấy tờ giả rồi mang sang Campuchia ti&ecirc;u thụ.</p>\r\n<p>Manh mối đường d&acirc;y tội phạm n&agrave;y bị trinh s&aacute;t C&ocirc;ng an tỉnh Thanh H&oacute;a ph&aacute;t hiện,&nbsp; từ li&ecirc;n tiếp c&aacute;c vụ trộm nh&agrave; d&acirc;n, cơ quan, bệnh viện, trường học... xảy ra tr&ecirc;n địa b&agrave;n. Đối tượng chuy&ecirc;n nhắm v&agrave;o d&ograve;ng xe Wave, d&ugrave;ng vam v&ocirc; hiệu h&oacute;a kho&aacute; điện, kh&oacute;a c&agrave;ng.</p>\r\n<p><img class=\"center-img cms-photo\" src=\"https://image.anninhthudo.vn/w700/uploaded/110/2018_09_20/tromxethanhhoa.jpg\" alt=\"ảnh 1\" data-photo-original-src=\"https://image.anninhthudo.vn/uploaded/110/2018_09_20/tromxethanhhoa.jpg\" data-desc=\"C&aacute;c đối tượng ch&iacute;nh trong vụ &aacute;n\" /><em>C&aacute;c đối tượng ch&iacute;nh trong vụ &aacute;n</em></p>\r\n<p>Tiến h&agrave;nh điều tra, C&ocirc;ng an tỉnh Thanh H&oacute;a dựng được 2 đối tượng nghi vấn, l&agrave; T&ocirc; Sỹ Chinh (tức Chiến - 40 tuổi, tr&uacute; ở thị trấn T&agrave;o Xuy&ecirc;n, TP. Thanh Ho&aacute;) v&agrave; Trương Ngọc Tường (41 tuổi, tr&uacute; ở Hoằng Kim, Hoằng Ho&aacute;). Trong đ&oacute;, Chinh l&agrave; đối tượng nghiện ma tu&yacute;, c&oacute; tiền &aacute;n về tội trộm cắp t&agrave;i sản.</p>\r\n<p>Vừa giữ vai tr&ograve; cầm đầu, cặp đ&ocirc;i n&agrave;y c&ograve;n trực tiếp lấy cắp xe m&aacute;y, sau đ&oacute; t&igrave;m c&aacute;ch ti&ecirc;u thụ. Tinh qu&aacute;i hơn c&aacute;c đối tượng,&nbsp; ổ nh&oacute;m trộm xe kh&aacute;c từng bị bắt giữ, nh&oacute;m Tường, Chinh m&oacute;c nối với 1 nh&agrave; xe kh&aacute;ch li&ecirc;n tỉnh, thỏa thuận vận chuyển &ldquo;h&agrave;ng&rdquo; rời khỏi Thanh H&oacute;a ngay sau mỗi phi vụ tr&oacute;t lọt.</p>\r\n<p>Đ&oacute; l&agrave; nh&agrave; xe An B&igrave;nh c&oacute; trụ sở ở tỉnh Th&aacute;i B&igrave;nh, với nhiều đầu xe chạy tuyến Th&aacute;i B&igrave;nh - TP.HCM.&nbsp;Khi tiếp nhận th&ocirc;ng tin, giữa nh&agrave; xe n&agrave;y v&agrave; nh&oacute;m trộm cắp quy ước &aacute;m hiệu qua điện thoại, mỗi xe m&aacute;y tang vật sẽ được gọi l&agrave; 1 kh&aacute;ch.</p>\r\n<p><strong>Chuỗi m&oacute;c x&iacute;ch tinh vi</strong></p>\r\n<p>&ldquo;Tẩu t&aacute;n ngay tang vật chỉ l&agrave; một trong những t&iacute;nh to&aacute;n hết sức tinh vi của đường d&acirc;y phạm tội n&agrave;y.&nbsp; Cao&nbsp; thủ hơn, khi mỗi chiếc xe m&aacute;y tang vật đến địa chỉ nhận, sẽ c&oacute; đối tượng tiếp quản để thực hiện c&aacute;c thao t&aacute;c &ldquo;ph&ugrave; ph&eacute;p&rdquo;, Trung t&aacute; L&ecirc; Khắc Minh kể.</p>\r\n<p>Cụ thể khi đến TP. HCM, tại bến xe miền Đ&ocirc;ng, sẽ c&oacute; 2 đối tượng l&agrave; Trần Ch&iacute; Ki&ecirc;n (46 tuổi) v&agrave; Nguyễn Đ&igrave;nh Quyền (41 tuổi) nhận xe, đưa về B&igrave;nh Dương tập kết. Tại đ&acirc;y, ch&uacute;ng tổ chức đục lại số khung, số m&aacute;y, l&agrave;m giả giấy tờ rồi c&acirc;u kết với Đặng Kim Gi&agrave;u (tức Trọng - 52 tuổi), để đưa sang Campuchia ti&ecirc;u thụ.</p>\r\n<p>Sau khi nắm r&otilde; quy luật, phương thức hoạt động phạm tội của đường d&acirc;y n&agrave;y, ban chuy&ecirc;n &aacute;n đ&atilde; theo s&aacute;t v&agrave; chọn đ&uacute;ng thời điểm c&aacute;c đối tượng thực hiện tội phạm để bắt giữ.</p>\r\n<p>Ng&agrave;y 11-9, tại Bệnh viện đa khoa Hoằng Ho&aacute;, đối tượng T&ocirc; Sỹ Chinh v&agrave; đồng bọn đ&atilde; trộm cắp được chiếc xe m&aacute;y Wave BKS: 36B4-77082.&nbsp;T&agrave;i liệu trinh s&aacute;t thu thập cho thấy, kẻ đang chuẩn bị đ&oacute;n &ldquo;h&agrave;ng&rdquo; l&agrave; Trần Văn Kiện (47 tuổi), chủ xe kh&aacute;ch BKS: 17B-01502, nh&agrave; xe An B&igrave;nh; Vũ Văn Đạt (39 tuổi), cũng l&agrave; chủ xe kh&aacute;ch; v&agrave; Vũ Văn Khanh (25 tuổi), phụ xe. Theo lịch tr&igrave;nh, chiếc xe m&aacute;y sẽ được mang v&agrave;o tỉnh B&igrave;nh Dương giao cho Ki&ecirc;n v&agrave; Quyền ti&ecirc;u thụ.&nbsp;</p>\r\n<p>X&aacute;c định thời điểm ph&aacute; &aacute;n đ&atilde; đến, đồng loạt c&aacute;c tổ c&ocirc;ng t&aacute;c gồm li&ecirc;n qu&acirc;n C&ocirc;ng an Thanh H&oacute;a, Cục CSHS Bộ C&ocirc;ng an v&agrave;&nbsp; C&ocirc;ng an một số địa phương đ&atilde; v&agrave;o vị tr&iacute;.</p>\r\n<p>S&aacute;ng sớm ng&agrave;y 12-9, tại địa b&agrave;n thị x&atilde; Bỉm Sơn, Thanh Ho&aacute;, T&ocirc; Sỹ Chinh chuyển chiếc xe m&aacute;y trộm cắp được cho nh&agrave; xe An B&igrave;nh. Tr&ecirc;n đường đi, c&aacute;c đối tượng đ&atilde; thay BKS của chiếc xe n&agrave;y.</p>\r\n<p>Sau một ng&agrave;y đ&ecirc;m di chuyển, chiếc xe m&aacute;y đ&atilde; v&agrave;o đến bến xe miền Đ&ocirc;ng. Đ&uacute;ng thời điểm Đạt, Khanh giao xe cho Ki&ecirc;n, Quyền,&nbsp; lực lượng C&ocirc;ng an đ&atilde; tiến h&agrave;nh &nbsp;bắt quả tang, thu giữ tang vật v&agrave; c&aacute;c t&agrave;i liệu li&ecirc;n quan.&nbsp;</p>\r\n<p>C&ugrave;ng thời điểm đ&oacute;, tại Thanh Ho&aacute;, ban chuy&ecirc;n &aacute;n thi h&agrave;nh lệnh bắt, kh&aacute;m x&eacute;t nơi ở của T&ocirc; Sỹ Ching v&agrave; Trương Ngọc Tường. Tại Lộc Ninh, B&igrave;nh Phước, cơ&nbsp; quan C&ocirc;ng an bắt giữ th&agrave;nh c&ocirc;ng đối tượng Đặng Kim Gi&agrave;u.</p>\r\n<p>Biết đồng bọn đ&atilde; lộ diện, ng&agrave;y 16-9, Trần Văn Kiện đ&atilde; đến Ph&ograve;ng CSHS C&ocirc;ng an Thanh Ho&aacute; đầu th&uacute;. Bước đầu, c&aacute;c đối tượng đ&atilde; khai nhận trộm cắp, ti&ecirc;u thụ hơn 100 xe m&aacute;y,&nbsp; chủ yếu l&agrave; d&ograve;ng xe Wave...Chuy&ecirc;n &aacute;n đang được điều tra mở rộng.</p>','048707500-1544231535.png',3,1,0,1,' 1,',200,'2018-12-08 08:12:15','2018-12-10 21:02:31'),(7,'post','Hà Nội: Nhiều hãng xe ngang nhiên ra Mỹ Đình lập “bến cóc”','ha-noi-nhieu-hang-xe-ngang-nhien-ra-my-dinh-lap-ben-coc',NULL,'- Nhiều nhà xe chạy tuyến cố định ở bến xe Nước Ngầm (Hà Nội) nhưng lại tạo vỏ bọc bằng cách liên kết với một công ty du lịch ở khu vực gần bến Mỹ Đình để trở thành xe hợp đồng và ngang nhiên đón trả khách.','<h2 class=\"detail-sp\" data-field=\"sapo\">- Nhiều nh&agrave; xe chạy tuyến cố định ở bến xe Nước Ngầm (H&agrave; Nội) nhưng lại tạo vỏ bọc bằng c&aacute;ch li&ecirc;n kết với một c&ocirc;ng ty du lịch ở khu vực gần bến Mỹ Đ&igrave;nh để trở th&agrave;nh xe hợp đồng v&agrave; ngang nhi&ecirc;n đ&oacute;n trả kh&aacute;ch.</h2>\r\n<div class=\"content-new clear\" data-field=\"body\">\r\n<div class=\"VCSortableInPreviewMode\">\r\n<div><img id=\"img_1c2c4d20-3873-11e8-a3d6-37793b03b740\" src=\"http://giadinh.mediacdn.vn/thumb_w/640/2018/4/5/nha-xe-2-copy-15228927646261879024940.jpg\" alt=\"\r\nMột chiếc xe của nh&agrave; xe Anh Thắng đang đ&oacute;n kh&aacute;ch trước cổng &ldquo;nh&agrave; chờ chui&rdquo; tr&ecirc;n đường Mỹ Đ&igrave;nh. Ảnh: PV\r\n\" data-original=\"http://giadinh.mediacdn.vn/2018/4/5/nha-xe-2-copy-15228927646261879024940.jpg\" /></div>\r\n<div class=\"PhotoCMS_Caption\">\r\n<p>Một chiếc xe của nh&agrave; xe Anh Thắng đang đ&oacute;n kh&aacute;ch trước cổng &ldquo;nh&agrave; chờ chui&rdquo; tr&ecirc;n đường Mỹ Đ&igrave;nh. Ảnh: PV</p>\r\n</div>\r\n</div>\r\n<p><strong>Nhiều biến tướng</strong></p>\r\n<p>Theo ghi nhận của PV B&aacute;o Gia đ&igrave;nh &amp; X&atilde; hội, thời gian gần đ&acirc;y, nhiều nh&agrave; xe chạy tuyến H&agrave; Nội về một số tỉnh miền Trung li&ecirc;n tục lập &ldquo;bến c&oacute;c&rdquo; xung quanh bến xe Mỹ Đ&igrave;nh để đ&oacute;n trả kh&aacute;ch. Điều đ&aacute;ng n&oacute;i c&aacute;c nh&agrave; xe n&agrave;y đều c&oacute; lốt ở bến xe Nước Ngầm c&aacute;ch đ&oacute; hơn 10km.</p>\r\n<p>Điển h&igrave;nh như c&aacute;c nh&agrave; xe Ph&uacute;c Lợi chạy tuyến H&agrave; Nội &ndash; Vinh (Nghệ An); nh&agrave; xe Việt Kh&aacute;nh chạy tuyến H&agrave; Nội - Vinh - H&agrave; Tĩnh; nh&agrave; xe Hưng Long chạy tuyến H&agrave; Nội &ndash; Vinh &ndash; H&agrave; Tĩnh &ndash; Quảng B&igrave;nh&hellip;</p>\r\n<p>Trong vai một h&agrave;nh kh&aacute;ch c&oacute; nhu cầu đi từ H&agrave; Nội v&agrave;o th&agrave;nh phố Vinh, khi PV bước ch&acirc;n v&agrave;o ph&ograve;ng v&eacute; của nh&agrave; xe Ph&uacute;c Lợi tr&ecirc;n đường Mỹ Đ&igrave;nh, ngay lập tức một nh&acirc;n vi&ecirc;n th&ocirc;ng b&aacute;o sẽ c&oacute; 2 chuyến chạy v&agrave;o l&uacute;c 9h30 v&agrave; chuyến l&uacute;c 22 giờ h&agrave;ng ng&agrave;y.</p>\r\n<p>Theo đ&oacute;, nh&agrave; xe n&agrave;y y&ecirc;u cầu kh&aacute;ch đến điểm trung chuyển trước 30 ph&uacute;t để vận chuyển xuống bến xe Nước Ngầm sau đ&oacute; mới tiếp tục lộ tr&igrave;nh đi từ H&agrave; Nội v&agrave;o TP Vinh. Điểm b&aacute;n v&eacute;, tập trung v&agrave; trung chuyển kh&aacute;ch cũng ch&iacute;nh l&agrave; khu vực văn ph&ograve;ng v&eacute; của đơn vị vận tải n&agrave;y tr&ecirc;n đường Mỹ Đ&igrave;nh. Qua khảo s&aacute;t, c&oacute; rất đ&ocirc;ng h&agrave;nh kh&aacute;ch được nh&acirc;n vi&ecirc;n của nh&agrave; xe Ph&uacute;c Lợi đ&oacute;n trả tại đ&acirc;y.</p>\r\n<p>Tr&ecirc;n đường Thi&ecirc;n Hiền (phường Mỹ Đ&igrave;nh 2, quận Nam Từ Li&ecirc;m) cũng xuất hiện nhiều nh&agrave; xe lập &ldquo;bến c&oacute;c&rdquo;, bắt kh&aacute;ch như nh&agrave; xe Việt Kh&aacute;nh, nh&agrave; xe Hưng Long, thậm ch&iacute; nhiều xe kh&ocirc;ng treo biển hiệu h&agrave;nh tr&igrave;nh. H&agrave;ng ng&agrave;y c&oacute; rất nhiều lượt xe của c&aacute;c h&atilde;ng n&oacute;i tr&ecirc;n đ&oacute;n trả kh&aacute;ch ngay trước cửa văn ph&ograve;ng. Tại khu vực trước cửa ph&ograve;ng v&eacute; của nh&agrave; xe Hưng Long, cứ một chuyến di chuyển đi th&igrave; khoảng 20 ph&uacute;t sau c&oacute; một chiếc xe kh&aacute;c xuất hiện v&agrave; l&ugrave;i v&agrave;o vị tr&iacute; của xe trước đ&oacute; để chờ kh&aacute;ch. Quy tr&igrave;nh n&agrave;y diễn ra trước cửa văn ph&ograve;ng nh&agrave; xe Hưng Long từ chiều tối đến 21h mới kết th&uacute;c. Theo quan s&aacute;t, ngay đầu đường Thi&ecirc;n Hiền c&oacute; biển cấm đỗ xe kh&aacute;ch nhưng c&aacute;c nh&agrave; xe n&oacute;i tr&ecirc;n vẫn ngang nhi&ecirc;n dừng đỗ v&agrave; đ&oacute;n kh&aacute;ch một c&aacute;ch rất v&ocirc; tư m&agrave; kh&ocirc;ng thấy lực lượng chức năng xử l&yacute;.</p>\r\n<p>Trong khi đ&oacute;, tại tuyến đường Phạm H&ugrave;ng, t&igrave;nh trạng c&aacute;c nh&agrave; xe chạy với tốc độ &ldquo;r&ugrave;a b&ograve;&rdquo; thậm ch&iacute; dừng ngh&ecirc;nh ngang tr&ecirc;n đường bắt kh&aacute;ch vẫn diễn ra rất phổ biến, đặc biệt l&agrave; giờ cao điểm. Tại chuyến xe của h&atilde;ng vận tải Hưng Long m&agrave; ph&oacute;ng vi&ecirc;n đang c&oacute; mặt vẫn &igrave; ạch vừa đi vừa bắt kh&aacute;ch đến hơn 1 giờ sau mới c&oacute; mặt tại bến Nước Ngầm, sau đ&oacute; đ&oacute;n kh&aacute;ch đ&atilde; đặt v&eacute; trước rồi mới di chuyển theo lộ tr&igrave;nh về H&agrave; Tĩnh, Quảng B&igrave;nh&hellip;</p>\r\n<p>Chiều 3/4, theo quan s&aacute;t của ph&oacute;ng vi&ecirc;n tr&ecirc;n đường Thi&ecirc;n Hiền, nh&agrave; xe Việt Kh&aacute;nh đ&atilde; tự th&aacute;o bỏ biển th&ocirc;ng b&aacute;o ghi r&otilde; tuyến chạy H&agrave; Nội &ndash; Vinh &ndash; H&agrave; Tĩnh để thuận tiện việc chạy l&ograve;ng v&ograve;ng đ&oacute;n kh&aacute;ch quanh khu vực bến xe Mỹ Đ&igrave;nh. C&ugrave;ng thời điểm n&agrave;y, chiếc xe mang biển kiểm so&aacute;t 39B-03828 của nh&agrave; xe Anh Thắng ngang nhi&ecirc;n b&aacute;n v&eacute;, bắt kh&aacute;ch chui tại đ&acirc;y m&agrave; kh&ocirc;ng gặp phải sự kiểm tra của lực lượng chức năng.</p>\r\n<p>Trao đổi với PV B&aacute;o Gia đ&igrave;nh &amp; X&atilde; hội, &ocirc;ng Nguyễn Như Tr&uacute;c &ndash; Gi&aacute;m đốc bến xe Mỹ Đ&igrave;nh cho biết, trước đ&acirc;y c&aacute;c nh&agrave; xe n&agrave;y c&oacute; lốt trong bến Mỹ Đ&igrave;nh nhưng sau đợt điều chuyển tuyến đ&atilde; về bến xe Nước Ngầm. &Ocirc;ng Tr&uacute;c cũng b&agrave;y tỏ sự bức x&uacute;c trước việc nhiều h&atilde;ng vận tải lập &ldquo;bến c&oacute;c&rdquo; quanh khu vực bến Mỹ Đ&igrave;nh để bắt kh&aacute;ch, cạnh tranh kh&ocirc;ng l&agrave;nh mạnh với c&aacute;c nh&agrave; xe kh&aacute;c. &ldquo;Đ&acirc;y l&agrave; một thủ đoạn &ldquo;l&aacute;ch luật&rdquo; để thu lợi bất ch&iacute;nh của một số h&atilde;ng vận tải&rdquo;, Gi&aacute;m đốc bến xe Mỹ Đ&igrave;nh n&oacute;i th&ecirc;m.</p>\r\n<p><strong>Cơ quan chức năng n&oacute;i g&igrave;?</strong></p>\r\n<div class=\"VCSortableInPreviewMode IMSCurrentEditorEditObject\">\r\n<div><img id=\"img_1c55ce20-3873-11e8-a5a2-b14a796420f3\" src=\"http://giadinh.mediacdn.vn/thumb_w/640/2018/4/5/nha-xe-3-copy-1522892764630232212731.jpg\" alt=\"\r\nLoại xe nhỏ thường được c&aacute;c nh&agrave; xe sử dụng trung chuyển kh&aacute;ch từ khu vực Mỹ Đ&igrave;nh về bến xe Nước Ngầm.\r\n\" data-original=\"http://giadinh.mediacdn.vn/2018/4/5/nha-xe-3-copy-1522892764630232212731.jpg\" /></div>\r\n<div class=\"PhotoCMS_Caption\">\r\n<p>Loại xe nhỏ thường được c&aacute;c nh&agrave; xe sử dụng trung chuyển kh&aacute;ch từ khu vực Mỹ Đ&igrave;nh về bến xe Nước Ngầm.</p>\r\n</div>\r\n</div>\r\n<p>Li&ecirc;n quan đến vấn đề tr&ecirc;n, Ph&ograve;ng tham mưu tổng hợp thuộc Thanh tra giao th&ocirc;ng TP H&agrave; Nội đ&atilde; cung cấp th&ocirc;ng tin đến B&aacute;o Gia đ&igrave;nh &amp; X&atilde; hội về việc xử phạt nh&agrave; xe Việt Kh&aacute;nh.</p>\r\n<p>Theo đ&oacute; trong 2 ng&agrave;y 11/1 v&agrave; 28/3/2018, Thanh tra giao th&ocirc;ng đ&atilde; tiến h&agrave;nh xử phạt đối với nh&agrave; xe Việt Kh&aacute;nh (thuộc c&ocirc;ng ty Việt Kh&aacute;nh) hai lần với c&aacute;c lỗi: Trả h&agrave;nh kh&aacute;ch tại nơi cấm dừng, người điều khiển xe &ocirc; t&ocirc; kh&ocirc;ng mang theo Giấy đăng k&yacute; xe, kh&ocirc;ng mang theo Giấy chứng nhận kiểm định an to&agrave;n kỹ thuật v&agrave; bảo vệ m&ocirc;i trường, điều khiển xe vận chuyển h&agrave;nh kh&aacute;ch kh&ocirc;ng c&oacute; nh&acirc;n vi&ecirc;n phục vụ tr&ecirc;n xe đối với những xe quy định phải c&oacute; nh&acirc;n vi&ecirc;n phục vụ&hellip;</p>\r\n<div id=\"admzone480462\">&nbsp;</div>\r\n<p>Trao đổi với PV B&aacute;o Gia đ&igrave;nh &amp; X&atilde; hội, Thượng &uacute;y Trần Quang Chinh, Đội ph&oacute; đội CSGT số 6 (Ph&ograve;ng CSGT &ndash; C&ocirc;ng an TP H&agrave; Nội) cho biết, từ đầu năm 2017, khi di dời 400 lốt xe khỏi bến Mỹ Đ&igrave;nh th&igrave; xuất hiện nhiều nh&agrave; xe quay lại khu vực bến Mỹ Đ&igrave;nh lập bến c&oacute;c để bắt kh&aacute;ch. &ldquo;Từ c&aacute;c h&igrave;nh ảnh, clip cung cấp bởi người d&acirc;n, c&aacute;c cơ quan b&aacute;o đ&agrave;i, Đội CSGT số 6 đ&atilde; tăng cường xử phạt nhiều nh&agrave; xe vi phạm. Tuy vậy, hiện tại vẫn tồn tại sự cạnh tranh kh&ocirc;ng l&agrave;nh mạnh giữa c&aacute;c nh&agrave; xe, tất cả c&aacute;c xe &ldquo;biến tướng&rdquo; th&agrave;nh xe hợp đồng v&agrave; xe chạy tuyến cố định. Nhiều nh&agrave; xe bất chấp để đạt được lợi nhuận v&agrave; đảm bảo lợi nhuận, đa số t&igrave;m mọi c&aacute;ch để trốn tr&aacute;nh bị xử l&yacute; an to&agrave;n giao th&ocirc;ng&rdquo;, Thượng &uacute;y Chinh cho hay.</p>\r\n<p>&Ocirc;ng L&ecirc; Xu&acirc;n Tiến - Ph&oacute; Ch&aacute;nh thanh tra Sở GTVT H&agrave; Nội cũng cho biết: &ldquo;C&aacute;c nh&agrave; xe n&agrave;y tạo vỏ bọc bằng c&aacute;ch li&ecirc;n kết với 1 c&ocirc;ng ty du lịch ở đường Phạm H&ugrave;ng để trở th&agrave;nh xe hợp đồng. Qua qu&aacute; tr&igrave;nh theo d&otilde;i hoạt động, ch&uacute;ng t&ocirc;i đ&atilde; tiến h&agrave;nh lập bi&ecirc;n bản v&agrave; xử phạt h&agrave;nh ch&iacute;nh rất nhiều lần về lỗi dừng đỗ kh&ocirc;ng đ&uacute;ng nơi quy định&rdquo;.</p>\r\n<p>Theo vị Ph&oacute; Ch&aacute;nh thanh tra Sở, tuy đ&atilde; nhiều lần xử phạt, nhưng c&aacute;c nh&agrave; xe n&agrave;y c&oacute; dấu hiệu bất chấp, coi thường lực lượng chức năng v&agrave; t&aacute;i phạm. Trong thời gian, Thanh tra giao th&ocirc;ng sẽ tiến h&agrave;nh phối hợp chặt chẽ với đội CSGT số 6, thậm ch&iacute; l&agrave; c&aacute;c tổ chức hội ở phường sở tại như phụ nữ, thanh ni&ecirc;n tăng cường gi&aacute;m s&aacute;t, xử l&yacute; để giải quyết dứt điểm t&igrave;nh trạng n&agrave;y.</p>\r\n</div>','090960600-1544231616.png',2,1,0,1,' 1,',200,'2018-12-08 08:13:36','2018-12-09 18:33:35'),(8,'post','Cuối năm dẹp “bến cóc”, đầu năm “mọc” tràn lan','cuoi-nam-dep-ben-coc-dau-nam-moc-tran-lan',NULL,'Nhiều nhà xe có lốt ở trong bến xe Mỹ Đình (quận Nam Từ Liêm, Hà Nội) nhưng lại dừng, đỗ đón trả khách ở bên ngoài. Thậm chí, họ còn lập “bến cóc”, trưng dụng lòng đường thành nơi rửa, sửa xe hay mở cây xăng để tự phục vụ.','<h2 class=\"detail-sp\" data-field=\"sapo\">Nhiều nh&agrave; xe c&oacute; lốt ở trong bến xe Mỹ Đ&igrave;nh (quận Nam Từ Li&ecirc;m, H&agrave; Nội) nhưng lại dừng, đỗ đ&oacute;n trả kh&aacute;ch ở b&ecirc;n ngo&agrave;i. Thậm ch&iacute;, họ c&ograve;n lập &ldquo;bến c&oacute;c&rdquo;, trưng dụng l&ograve;ng đường th&agrave;nh nơi rửa, sửa xe hay mở c&acirc;y xăng để tự phục vụ.</h2>\r\n<div class=\"content-new clear\" data-field=\"body\">\r\n<div class=\"VCSortableInPreviewMode\">\r\n<div><img id=\"img_17647c10-20de-11e8-b342-e7341c276efe\" src=\"http://giadinh.mediacdn.vn/thumb_w/640/2018/3/6/kumho1-copy-15202998822711125572306.jpg\" alt=\"\r\nXe của h&atilde;ng Kumho Việt Thanh d&agrave;n h&agrave;ng ngang trong khu đ&ocirc; thị Nam Trung Y&ecirc;n (Cầu Giấy &ndash; H&agrave; Nội). Ảnh: PV\r\n\" data-original=\"http://giadinh.mediacdn.vn/2018/3/6/kumho1-copy-15202998822711125572306.jpg\" /></div>\r\n<div class=\"PhotoCMS_Caption\">\r\n<p>Xe của h&atilde;ng Kumho Việt Thanh d&agrave;n h&agrave;ng ngang trong khu đ&ocirc; thị Nam Trung Y&ecirc;n (Cầu Giấy &ndash; H&agrave; Nội). Ảnh: PV</p>\r\n</div>\r\n</div>\r\n<p><strong>Tận dụng từ l&ograve;ng đường đến ng&otilde; hẹp</strong></p>\r\n<p>Ng&agrave;y đầu tuần, tại c&aacute;c cung đường quanh khu vực bến xe Mỹ Đ&igrave;nh l&uacute;c n&agrave;o cũng &ugrave;n ứ k&eacute;o d&agrave;i do xuất hiện nhiều xe kh&aacute;ch đường d&agrave;i t&ugrave;y tiện dừng đ&oacute;n, trả kh&aacute;ch. Theo th&ocirc;ng tin PV B&aacute;o Gia đ&igrave;nh &amp; X&atilde; hội thu thập được, tuyến đường thuộc khu đ&ocirc; thị Nam Trung Y&ecirc;n (Cầu Giấy, H&agrave; Nội) lu&ocirc;n c&oacute; h&agrave;ng chục xe kh&aacute;ch li&ecirc;n tỉnh mang t&ecirc;n nh&agrave; xe Kumho Việt Thanh dừng đỗ. V&agrave;o giờ cao điểm, nh&agrave; xe Kumho Việt Thanh chạy v&ograve;ng quanh khu vực bến xe Mỹ Đ&igrave;nh để bắt kh&aacute;ch, g&acirc;y cản trở giao th&ocirc;ng.</p>\r\n<p>Một t&agrave;i xế cho biết, nh&agrave; xe Kumho Việt Thanh c&oacute; lốt xe tại bến xe Mỹ Đ&igrave;nh v&agrave; h&agrave;nh kh&aacute;ch muốn đi xe th&igrave; phải ra bến mua v&eacute;. Tuy nhi&ecirc;n, để thuận tiện đi lại nh&agrave; xe n&agrave;y kh&ocirc;ng chạy thẳng v&agrave;o bến xe Mỹ Đ&igrave;nh m&agrave; xuất ph&aacute;t từ b&atilde;i tại l&ocirc; A7 Nguyễn Ch&aacute;nh, Nam Trung Y&ecirc;n rồi chạy dọc theo tuyến đường Dương Đ&igrave;nh Nghệ - Phạm H&ugrave;ng - Phạm Văn Đồng&hellip; với tốc độ r&ugrave;a b&ograve; để bắt kh&aacute;ch, tần suất khoảng 15-20 ph&uacute;t/chuyến.</p>\r\n<p>Theo phản &aacute;nh của nhiều người d&acirc;n sống tại khu đ&ocirc; thị Nam Trung Y&ecirc;n, những con đường trong khu đ&ocirc; thị n&agrave;y vốn đ&atilde; kh&aacute; chật hẹp nay lại c&agrave;ng trở n&ecirc;n b&iacute; b&aacute;ch, ngột ngạt khi c&oacute; sự xuất hiện của nhiều chiếc xe của h&atilde;ng Kumho Việt Thanh. Tại đ&acirc;y, c&oacute; một b&atilde;i xe lớn với diện t&iacute;ch cả ngh&igrave;n m2 chứa h&agrave;ng trăm chiếc xe taxi v&agrave; xe kh&aacute;ch của h&atilde;ng n&agrave;y. Nhiều h&ocirc;m, do b&ecirc;n trong b&atilde;i xe đ&atilde; hết chỗ trống n&ecirc;n nhiều chiếc xe kh&aacute;ch lớn n&agrave;y phải để ở ngo&agrave;i đường. Điều đ&aacute;ng ngại, tr&ecirc;n đoạn đường chỉ rộng khoảng 5m, s&aacute;t Trường tiểu học Nam Trung Y&ecirc;n lu&ocirc;n c&oacute; những chiếc xe của h&atilde;ng Kumho Việt Thanh d&agrave;n h&agrave;ng ngang g&acirc;y &aacute;ch tắc, &ugrave;n ứ. Những nh&aacute;nh đường xương c&aacute; xung quanh cũng được tận dụng l&agrave;m nơi dừng đỗ xe, bốc xếp h&agrave;ng h&oacute;a.</p>\r\n<p>Đ&aacute;ng n&oacute;i hơn, tại b&atilde;i tr&ocirc;ng giữ xe n&agrave;y, nh&agrave; xe Kumho Việt Thanh c&ograve;n dựng l&ecirc;n một c&acirc;y xăng để phục vụ ri&ecirc;ng cho h&agrave;ng chục xe kh&aacute;ch. C&acirc;y xăng được dựng l&ecirc;n kh&aacute; sơ s&agrave;i, xung quanh c&oacute; c&aacute;c t&aacute;n l&aacute; c&acirc;y che khuất. Theo một người kinh doanh dịch vụ vận tải, mỗi chiếc xe kh&aacute;ch chạy, ti&ecirc;u thụ hết khoảng 1.250 l&iacute;t dầu/th&aacute;ng. Với số lượng tr&ecirc;n, gần hai chục xe hoạt động ng&agrave;y đ&ecirc;m tại b&atilde;i n&agrave;y th&igrave; lượng xăng/dầu ti&ecirc;u thụ c&oacute; thể l&ecirc;n đến h&agrave;ng chục ngh&igrave;n l&iacute;t/th&aacute;ng.</p>\r\n<p><strong>&ldquo;Xe d&ugrave;, bến c&oacute;c&rdquo; mọc l&ecirc;n s&ocirc;i nổi</strong></p>\r\n<div class=\"VCSortableInPreviewMode IMSCurrentEditorEditObject\">\r\n<div><img id=\"img_178bda30-20de-11e8-9222-7330946932cb\" src=\"http://giadinh.mediacdn.vn/thumb_w/640/2018/3/6/kumho2-copy-1520299882273846328638.jpg\" alt=\"\r\nChiếc xe kh&aacute;ch tuyến Mỹ Đ&igrave;nh &ndash; Cẩm Phả dừng đỗ, bắt kh&aacute;ch tr&ecirc;n đường Phạm H&ugrave;ng, cạnh bến xe Mỹ Đ&igrave;nh.\r\n\" data-original=\"http://giadinh.mediacdn.vn/2018/3/6/kumho2-copy-1520299882273846328638.jpg\" /></div>\r\n<div class=\"PhotoCMS_Caption\">\r\n<p>Chiếc xe kh&aacute;ch tuyến Mỹ Đ&igrave;nh &ndash; Cẩm Phả dừng đỗ, bắt kh&aacute;ch tr&ecirc;n đường Phạm H&ugrave;ng, cạnh bến xe Mỹ Đ&igrave;nh.</p>\r\n</div>\r\n</div>\r\n<p>Hiện nay, t&igrave;nh trạng &ldquo;bến c&oacute;c&rdquo; được lập dọc nhiều tuyến đường giao th&ocirc;ng, nhất l&agrave; những khu vực gần c&aacute;c bến xe lớn kh&ocirc;ng c&ograve;n qu&aacute; xa lạ với những h&agrave;nh kh&aacute;ch đi xe li&ecirc;n tỉnh. Sau khi Sở GTVT H&agrave; Nội thực hiện điều chỉnh ph&acirc;n luồng tuyến của một số tuyến xe của c&aacute;c tỉnh như: Đắk Lắk, Gia Lai, H&agrave; Tĩnh, Nam Định, Nghệ An, Th&aacute;i B&igrave;nh, Thanh H&oacute;a, Ninh B&igrave;nh đang hoạt động tại bến xe Mỹ Đ&igrave;nh, Gia L&acirc;m, Y&ecirc;n Nghĩa&hellip; chuyển về bến xe Nước Ngầm th&igrave; t&igrave;nh trạng &ldquo;xe d&ugrave;, bến c&oacute;c&rdquo; lại mọc l&ecirc;n kh&aacute; s&ocirc;i nổi. C&aacute;c nh&agrave; xe hoạt động một c&aacute;ch c&ocirc;ng khai, v&ocirc; tư ra v&agrave;o đ&oacute;n trả h&agrave;nh kh&aacute;ch.</p>\r\n<p>Sau những đợt truy qu&eacute;t cuối năm, c&aacute;c &ldquo;bến c&oacute;c&rdquo; trở lại hoạt động một c&aacute;ch &ldquo;k&iacute;n kẽ&rdquo; hơn, kh&ocirc;ng c&ograve;n c&ocirc;ng khai như trước. Nổi bật nhất phải kể đến &ldquo;bến c&oacute;c&rdquo; c&oacute; địa chỉ tại số 52 đường Phạm H&ugrave;ng, phường Mỹ Đ&igrave;nh I, quận Nam Từ Li&ecirc;m. Theo t&igrave;m hiểu, trước đ&acirc;y, &ldquo;bến c&oacute;c&rdquo; n&agrave;y l&agrave; một b&atilde;i gửi xe tự ph&aacute;t. Nhưng từ khi Sở GTVT H&agrave; Nội thực hiện điều chỉnh ph&acirc;n luồng tuyến của một số tuyến xe di dời ra khỏi bến xe Mỹ Đ&igrave;nh th&igrave; nơi đ&acirc;y c&oacute; vị tr&iacute; kh&aacute; thuận lợi khi nằm ngay mặt đường Phạm H&ugrave;ng, di chuyển giao th&ocirc;ng thuận tiện v&agrave; gần với bến xe Mỹ Đ&igrave;nh. Nhờ vậy, &ldquo;bến xe c&oacute;c&rdquo; tại số 52 đường Phạm H&ugrave;ng đ&atilde; được c&aacute;c đầu xe của c&aacute;c h&atilde;ng vận tải chọn l&agrave;m nơi đ&oacute;n trả kh&aacute;ch sau khi đ&atilde; bị di dời kh&ocirc;ng được v&agrave;o bến xe Mỹ Đ&igrave;nh.</p>\r\n<p>Ng&agrave;y 5/3, trao đổi với PV B&aacute;o Gia đ&igrave;nh &amp; X&atilde; hội, Đại &uacute;y Trần Quang Chinh &ndash; Đội ph&oacute; đội CSGT số 6 (Ph&ograve;ng CSGT TP H&agrave; Nội) cho biết, đội CSGT số 6 đ&atilde; kh&ocirc;ng &iacute;t lần lập bi&ecirc;n bản v&agrave; xử phạt đối với c&aacute;c xe của h&atilde;ng Kumho Việt Thanh v&agrave; nhiều nh&agrave; xe kh&aacute;c về lỗi n&agrave;y. Tuy vậy đến thời điểm hiện tại, t&igrave;nh trạng n&agrave;y vẫn chưa thể chấm dứt. Ri&ecirc;ng về trường hợp nh&agrave; xe Kumho Việt Thanh, l&atilde;nh đạo đội CSGT số 6 cho biết c&ograve;n nhận được nhiều phản &aacute;nh về việc nh&agrave; xe n&agrave;y c&oacute; biểu hiện ch&egrave;n &eacute;p c&aacute;c nh&agrave; xe kh&aacute;c, nhất l&agrave; tuyến Mỹ Đ&igrave;nh &ndash; Cẩm Phả.</p>\r\n<div id=\"admzone480462\">&nbsp;</div>\r\n<p>Li&ecirc;n quan đến vấn đề tr&ecirc;n, đại diện TTGT (Sở GTVT H&agrave; Nội) thừa nhận vẫn c&ograve;n t&igrave;nh trạng &ldquo;xe d&ugrave;, bến c&oacute;c&rdquo; ở c&aacute;c khu vực ven bến xe tr&ecirc;n địa b&agrave;n H&agrave; Nội. &ldquo;Ch&uacute;ng t&ocirc;i thường xuy&ecirc;n xử phạt lỗi dừng đỗ, bắt kh&aacute;ch sai quy định dọc tuyến đường Phạm H&ugrave;ng &ndash; Phạm Văn Đồng đối với nh&agrave; xe Kumho Việt Thanh v&agrave; nhiều h&atilde;ng kh&aacute;c. B&ecirc;n cạnh đ&oacute;, một số xe kh&aacute;ch chạy tuyến li&ecirc;n tỉnh trả kh&aacute;ch tại khu vực tr&ecirc;n đường v&agrave;nh đai 3 diễn ra nhanh ch&oacute;ng n&ecirc;n rất kh&oacute; xử l&yacute;. Chưa kể, nếu kh&ocirc;ng bắt tận tay vi phạm, nh&agrave; xe sẽ kh&ocirc;ng nhận lỗi&rdquo;, đại diện TTGT cho biết v&agrave; th&ocirc;ng tin th&ecirc;m, TTGT đ&atilde; l&ecirc;n kế hoạch phối hợp với CSGT v&agrave; c&aacute;c lực lượng chức năng tổng kiểm tra, r&agrave; so&aacute;t, xử l&yacute;, giải tỏa c&aacute;c tụ điểm &ldquo;xe d&ugrave;, bến c&oacute;c&rdquo;.</p>\r\n<div id=\"ObjectBoxContent_1520299854586\" class=\"VCSortableInPreviewMode\" dir=\"center\" data-back=\"E6E6FA\" data-border=\"999\">\r\n<p><strong>Ni&ecirc;m phong c&acirc;y xăng cạnh trường tiểu học</strong></p>\r\n<p>Ng&agrave;y 5/3, theo ghi nhận của PV B&aacute;o Gia đ&igrave;nh &amp; X&atilde; hội, c&acirc;y xăng dầu nằm trong b&atilde;i đậu của nh&agrave; xe Kumho Việt Thanh tại khu đ&ocirc; thị Nam Trung Y&ecirc;n (phường Y&ecirc;n H&ograve;a, quận Cầu Giấy, H&agrave; Nội) đ&atilde; bị lực lượng chức năng ni&ecirc;m phong v&agrave; qu&acirc;y k&iacute;n lại.</p>\r\n<p>&Ocirc;ng Ho&agrave;ng Trung Ki&ecirc;n - Chủ tịch UBND phường Y&ecirc;n H&ograve;a cho biết: &ldquo;Sau khi tiếp nhận th&ocirc;ng tin, lực lượng chức năng đ&atilde; tiến h&agrave;nh ni&ecirc;m phong c&acirc;y xăng, chờ kết quả xử l&yacute;. Ch&uacute;ng t&ocirc;i đang phối hợp với Đội quản l&yacute; thị trường số 13 - quận Cầu Giấy l&agrave;m r&otilde; vấn đề n&agrave;y v&agrave; sẽ th&ocirc;ng tin đến b&aacute;o ch&iacute;&rdquo;</p>\r\n</div>\r\n</div>','023583300-1544231664.png',2,1,0,1,' 1,',200,'2018-12-08 08:14:24','2018-12-09 18:33:34'),(9,'post','Grabbike giả \"đại náo\" bến xe Mỹ Đình','grabbike-gia-dai-nao-ben-xe-my-dinh',NULL,'Trong hàng trăm người chở khách mang đồng phục màu xanh GrabBike đứng chật kín điểm trả khách tại bến xe Mỹ Đình có rất nhiều là GrabBkie giả.','<h2 class=\"detail-sp\" data-field=\"sapo\">&nbsp;Trong h&agrave;ng trăm người chở kh&aacute;ch mang đồng phục m&agrave;u xanh GrabBike đứng chật k&iacute;n điểm trả kh&aacute;ch tại bến xe Mỹ Đ&igrave;nh c&oacute; rất nhiều l&agrave; GrabBkie giả.</h2>\r\n<div class=\"content-new clear\" data-field=\"body\">\r\n<p>Người phụ nữ t&ecirc;n Hường mặc &aacute;o xanh GrabBike, đầu đội mũ bảo hiểm c&oacute; logo GrabBike, chạy xe Honda Wave biển kiểm so&aacute;t 29 - F1 400&hellip; chuy&ecirc;n đứng bắt kh&aacute;ch trước cổng bến xe Mỹ Đ&igrave;nh kh&ocirc;ng hề giấu diếm: &ldquo;T&ocirc;i l&agrave; GrabBike giả th&igrave; c&oacute; sao? Xe &ocirc;m truyền thống giờ kh&oacute; bắt kh&aacute;ch đ&agrave;nh mạo danh kiếm ăn. Nhưng n&oacute;i thật &ldquo;mượn &aacute;o&rdquo; th&ocirc;i, kh&ocirc;ng lừa kh&aacute;ch đ&acirc;u, GrabBike giả c&ograve;n rẻ hơn thật&rdquo;.</p>\r\n<p>Gi&aacute; h&agrave;nh tr&igrave;nh từ bến xe Mỹ Đ&igrave;nh (quận Nam Từ Li&ecirc;m) về đến Khu đ&ocirc; thị Linh Đ&agrave;m (quận Ho&agrave;ng Mai), GrabBike lấy kh&aacute;ch 40.000 đồng. T&ocirc;i bảo chị Hường: &ldquo;Mở ứng dụng điện thoại ra, hết bao nhi&ecirc;u t&ocirc;i trả bấy nhi&ecirc;u&rdquo;.</p>\r\n<p>Hường n&oacute;i: &ldquo;Kh&ocirc;ng c&oacute; ứng dụng, &ldquo;mượn &aacute;o&rdquo; GrabBkie th&ocirc;i, gi&aacute; thỏa thuận, ưng th&igrave; đi. Em ngồi GrabBkie thật, gi&aacute; kh&ocirc;ng dưới 40.000 đồng đ&acirc;u&rdquo;. Chị Hường thừa nhận từ ng&agrave;y mạo danh, kh&aacute;ch đi kh&ocirc;ng ngớt.</p>\r\n<div class=\"VCSortableInPreviewMode\">\r\n<div><img id=\"img_b07c6d60-a274-11e7-b061-cd0b99b6bd76\" src=\"http://giadinh.mediacdn.vn/thumb_w/640/2017/img-1096-1506400763850.jpg\" alt=\"\" data-original=\"http://giadinh.mediacdn.vn/2017/img-1096-1506400763850.jpg\" /></div>\r\n<div class=\"PhotoCMS_Caption\">&nbsp;</div>\r\n</div>\r\n<p>Theo t&igrave;m hiểu, nếu ai đ&oacute; muốn mạo danh GrabBike chỉ cần bỏ ra 500.000 đồng nhờ mối dẫn dắt sẽ c&oacute; 1 bộ GrabBike gồm 2 mũ bảo hiểm, &aacute;o đồng phục v&agrave; &aacute;o mưa đều ch&iacute;nh h&atilde;ng.</p>\r\n<p>Trước đ&acirc;y, để c&oacute; một bộ đồng phục của GrabBike, người chạy xe &ocirc;m chỉ cần mua với gi&aacute; 60.000 đồng một chiếc mũ, 50.000 đồng một &aacute;o đồng phục. Nhưng hiện nay, GrabBike l&agrave;m chặt hơn kh&acirc;u cấp đồng phục.</p>\r\n<p>Hường bật m&iacute;: &ldquo;Giờ b&ecirc;n Grab lo vấn đề tuồn h&agrave;ng ra ngo&agrave;i n&ecirc;n khi nh&acirc;n vi&ecirc;n mua, họ bắt xuất tr&igrave;nh CMND, giấy tờ n&agrave;y nọ. Trước chỉ cần b&aacute;o mất l&agrave; được cấp hoặc mua mới rất dễ&rdquo;.</p>\r\n<p>Kh&acirc;u cấp đồng phục của Grab chặt chẽ hơn trước nhưng kh&ocirc;ng v&igrave; vậy m&agrave; giới xe &ocirc;m muốn giả mạo Grab hết đường l&agrave;m ăn. Thay v&igrave; mua gi&aacute; rẻ họ phải bỏ khoảng nửa triệu để c&oacute; một bộ đồng phục gồm 2 mũ, &aacute;o đồng phục v&agrave; &aacute;o mưa.</p>\r\n<p>Theo t&igrave;m hiểu của ch&uacute;ng t&ocirc;i, kh&ocirc;ng &iacute;t người chạy xe &ocirc;m truyền thống ngại chi ra nửa triệu đồng nhờ tay trong mua đồng phục Grab, họ tiết kiệm bằng c&aacute;ch mua mũ bảo hiểm ở ngo&agrave;i rồi về sơn m&agrave;u xanh, vẽ logo nh&aacute;i của GrabBike.</p>\r\n<div class=\"VCSortableInPreviewMode\">\r\n<div><img id=\"img_4a595ed0-a26f-11e7-aaaa-51ac0faef9da\" src=\"http://giadinh.mediacdn.vn/thumb_w/640/2017/img-1089-1506398443537.jpg\" alt=\"\" data-original=\"http://giadinh.mediacdn.vn/2017/img-1089-1506398443537.jpg\" /></div>\r\n<div class=\"PhotoCMS_Caption\">&nbsp;</div>\r\n</div>\r\n<p>Hiện nay, tại Bến xe Mỹ Đ&igrave;nh, trong số h&agrave;ng chục người mặc &aacute;o c&oacute; logo GrabBike th&igrave; kh&ocirc;ng c&oacute; nhiều người d&ugrave;ng ứng dụng của h&atilde;ng n&agrave;y tr&ecirc;n điện thoại smartphone để t&iacute;nh tiền kh&aacute;ch. Những người kh&ocirc;ng d&ugrave;ng ứng dụng n&agrave;y rất c&oacute; thể l&agrave; GrabBike giả.</p>\r\n<div id=\"admzone480462\">&nbsp;</div>\r\n<p>Trong số rất nhiều GrabBike giả hoạt động tại bến xe Mỹ Đ&igrave;nh, kh&aacute; nhiều l&agrave; d&acirc;n bản địa, trước đ&acirc;y chạy xe &ocirc;m truyền thống, hoặc kh&ocirc;ng t&igrave;m được việc l&agrave;m trở lại kiếm sống bằng nghề chở kh&aacute;ch. C&aacute; biệt, theo tiết lộ của một số người chạy xe &ocirc;m l&acirc;u năm, trong số GrabBike giả đ&oacute; c&oacute; cả những người nghiện ma t&uacute;y.</p>\r\n<p>Việc mạo danh v&agrave; hoạt động tự do n&ecirc;n t&igrave;nh trạng ch&egrave;o k&eacute;o kh&aacute;ch diễn lu&ocirc;n diễn ra trước cổng bến xe Mỹ Đ&igrave;nh, đặc biệt v&agrave;o giờ cao điểm mặc cho lực lượng chức năng lu&ocirc;n ra sức dẹp trật tự.</p>\r\n</div>','079816400-1544231724.png',2,1,0,1,' 1,',200,'2018-12-08 08:15:24','2018-12-09 18:33:34'),(10,'post','Hà Nội di dời 4 bến, nhà xe và khách về đâu?','ha-noi-di-doi-4-ben-nha-xe-va-khach-ve-dau',NULL,'Theo quy hoạch, Hà Nội dự kiến sẽ di dời 4 bến xe lớn ở khu vực nội đô hiện nay là Gia Lâm, Giáp Bát, Nước Ngầm và Mỹ Đình. Trước mắt, đến năm 2020, hai bến xe lớn là Gia Lâm và Giáp Bát sẽ được di dời trước. Với phương án này, các nhà xe và hành khách sẽ được bố trí về đâu để tiện đi lại?','<h2 class=\"detail-sp\" data-field=\"sapo\">Theo quy hoạch, H&agrave; Nội dự kiến sẽ di dời 4 bến xe lớn ở khu vực nội đ&ocirc; hiện nay l&agrave; Gia L&acirc;m, Gi&aacute;p B&aacute;t, Nước Ngầm v&agrave; Mỹ Đ&igrave;nh. Trước mắt, đến năm 2020, hai bến xe lớn l&agrave; Gia L&acirc;m v&agrave; Gi&aacute;p B&aacute;t sẽ được di dời trước. Với phương &aacute;n n&agrave;y, c&aacute;c nh&agrave; xe v&agrave; h&agrave;nh kh&aacute;ch sẽ được bố tr&iacute; về đ&acirc;u để tiện đi lại?</h2>\r\n<div class=\"content-new clear\" data-field=\"body\">\r\n<div class=\"VCSortableInPreviewMode\">\r\n<div><img id=\"img_217adc60-6ce5-11e7-931e-59c711d0b442\" src=\"http://giadinh.mediacdn.vn/thumb_w/640/2017/copy-of-ben-xe-my-dinh-1-1500511699520.jpg\" alt=\"BX Mỹ Đ&igrave;nh cũng sẽ nằm trong diện phải di dời sau năm 2025. Ảnh: TG\" data-original=\"http://giadinh.mediacdn.vn/2017/copy-of-ben-xe-my-dinh-1-1500511699520.jpg\" /></div>\r\n<div class=\"PhotoCMS_Caption\">BX Mỹ Đ&igrave;nh cũng sẽ nằm trong diện phải di dời sau năm 2025. Ảnh: TG</div>\r\n</div>\r\n<p><strong>Dời 2 bến Gia L&acirc;m, Gi&aacute;p B&aacute;t từ 2020</strong></p>\r\n<p>Theo tờ tr&igrave;nh của Sở GTVT H&agrave; Nội, BX li&ecirc;n tỉnh Gia L&acirc;m c&oacute; quy m&ocirc; diện t&iacute;ch l&agrave; 1,45ha. Bến n&agrave;y nằm s&acirc;u trong v&agrave;nh đai 3, dự kiến sau năm 2020 sẽ chuyển th&agrave;nh b&atilde;i đỗ xe, điểm đầu cuối xe bu&yacute;t phục vụ vận tải h&agrave;nh kh&aacute;ch nội đ&ocirc;. C&aacute;c tuyến của BX Gia L&acirc;m sẽ được điều chuyển về BX Cổ Bi, BX Đ&ocirc;ng Anh, BX Nội B&agrave;i v&agrave; BX ph&iacute;a Nam (Ngọc Hồi). Như vậy, h&agrave;nh kh&aacute;ch, nh&agrave; xe đang hoạt động tại BX Gia L&acirc;m sẽ được di dời về c&aacute;c bến mới n&ecirc;u tr&ecirc;n. BX Mỹ Đ&igrave;nh c&oacute; diện t&iacute;ch l&agrave; 3,5ha, bến n&agrave;y nằm cạnh đường v&agrave;nh đai 3, nơi c&oacute; mật độ d&acirc;n cư cao, dự kiến sau năm 2025 sẽ chuyển th&agrave;nh b&atilde;i đỗ xe, l&agrave;m điểm đầu cuối xe bu&yacute;t phục vụ vận tải h&agrave;nh kh&aacute;ch nội đ&ocirc;. C&aacute;c tuyến của BX Mỹ Đ&igrave;nh sẽ được điều chuyển về BX Cổ Bi, BX Nội B&agrave;i, BX Ph&ugrave;ng v&agrave; BX ph&iacute;a T&acirc;y mới. Theo phương &aacute;n n&agrave;y, c&aacute;c tuyến vận tải đang hoạt động tại BX Mỹ Đ&igrave;nh cũng sẽ được ph&acirc;n bổ về c&aacute;c bến l&acirc;n cận v&agrave; h&agrave;nh kh&aacute;ch sẽ tới c&aacute;c bến n&agrave;y để về qu&ecirc;.</p>\r\n<p>BX Gi&aacute;p B&aacute;t hiện c&oacute; diện t&iacute;ch l&agrave; 3,65ha, đ&acirc;y cũng l&agrave; bến nằm s&acirc;u trong v&agrave;nh đai 3, cũng l&agrave; khu vực c&oacute; mật độ d&acirc;n cư, giao th&ocirc;ng cao, dự kiến sau năm 2020 bến n&agrave;y cũng được chuyển th&agrave;nh b&atilde;i đỗ xe, l&agrave;m điểm đầu cuối xe bu&yacute;t phục vụ vận tải h&agrave;nh kh&aacute;ch nội đ&ocirc;. C&aacute;c tuyến xe ở BX n&agrave;y sẽ được điều chuyển về BX Cổ Bi, BX Đ&ocirc;ng Anh, BX Y&ecirc;n Nghĩa v&agrave; BX Ngọc Hồi. C&ugrave;ng đ&oacute;, BX Nước Ngầm cũng sẽ được điều chuyển th&agrave;nh đầu mối giao th&ocirc;ng c&ocirc;ng cộng sau năm 2025. C&aacute;c tuyến ở BX n&agrave;y sẽ được chuyển về BX Cổ Bi v&agrave; BX ph&iacute;a Nam (Ngọc Hồi). Tờ tr&igrave;nh của Sở GTVT TP H&agrave; Nội cho rằng, nguy&ecirc;n tắc bố tr&iacute; c&aacute;c BX li&ecirc;n tỉnh nằm tr&ecirc;n c&aacute;c trục hướng t&acirc;m cửa ng&otilde; v&agrave; v&agrave;nh đai 4 theo c&aacute;c hướng vận chuyển h&agrave;nh kh&aacute;ch Đ&ocirc;ng, T&acirc;y, Nam, Bắc. Số BX mới được x&acirc;y dựng kết hợp với c&aacute;c điểm đầu, cuối của hệ thống bu&yacute;t c&ocirc;ng cộng v&agrave; gần nh&agrave; ga của c&aacute;c tuyến đường sắt đ&ocirc; thị. Mục đ&iacute;ch của việc bố tr&iacute; n&agrave;y l&agrave; thay thế to&agrave;n bộ c&aacute;c bến xe kh&aacute;ch hiện c&oacute; ở khu vực nội đ&ocirc;.</p>\r\n<p><strong>7 bến mới nằm ở vị tr&iacute; n&agrave;o?</strong></p>\r\n<p>Để đ&aacute;p ứng nhu cầu vận tải của Thủ đ&ocirc;, theo quy hoạch sẽ c&oacute; tổng cộng 7 BX mới được x&acirc;y dựng quanh khu vực v&agrave;nh đai 4. Cụ thể, BX Nội B&agrave;i phục vụ c&aacute;c tuyến li&ecirc;n tỉnh ph&iacute;a Bắc sẽ được x&acirc;y tại khu vực n&uacute;t giao giữa cao tốc H&agrave; Nội - L&agrave;o Cai, H&agrave; Nội - Hạ Long, Bắc Thăng Long - Nội B&agrave;i v&agrave; gi&aacute;p tuyến đường sắt đ&ocirc; thị số 6. Bến n&agrave;y quy hoạch rộng 7ha dự kiến quy m&ocirc; l&agrave; 10ha. Bến n&agrave;y tiếp nhận xe từ c&aacute;c tuyến QL2, cao tốc H&agrave; Nội - L&agrave;o Cai của c&aacute;c tỉnh Vĩnh Ph&uacute;c, Ph&uacute; Thọ, Tuy&ecirc;n Quang, H&agrave; Giang, Y&ecirc;n B&aacute;i, L&agrave;o Cai, Lai Ch&acirc;u. BX kh&aacute;ch Đ&ocirc;ng Anh nằm tại điểm giao QL3 với đường v&agrave;nh đai 3 v&agrave; gi&aacute;p tuyến đường sắt đ&ocirc; thị số 4. Bến tiếp nhận xe từ c&aacute;c tỉnh Th&aacute;i Nguy&ecirc;n, Bắc Kạn, Cao Bằng v&agrave; một số huyện của tỉnh Lạng Sơn, Th&aacute;i Nguy&ecirc;n v&agrave;o trung t&acirc;m H&agrave; Nội.</p>\r\n<p>BX kh&aacute;ch li&ecirc;n tỉnh ph&iacute;a Đ&ocirc;ng Bắc (BX Cổ Bi) nằm giữa vị tr&iacute; kẹp giữa đường sắt v&agrave;nh đai v&agrave; QL5 thuộc x&atilde; Cổ Bi (Gia L&acirc;m), gi&aacute;p tuyến đường sắt đ&ocirc; thị số 1. Bến n&agrave;y tiếp nhận xe từ QL1B, QL18, QL5 đến từ c&aacute;c tỉnh Bắc Ninh, Bắc Giang, Lạng Sơn, Quảng Ninh, Hưng Y&ecirc;n, Hải Dương, Hải Ph&ograve;ng v&agrave; một số huyện của tỉnh Th&aacute;i B&igrave;nh đi theo QL5. Diện t&iacute;ch của bến n&agrave;y l&agrave; 10ha. BX kh&aacute;ch ph&iacute;a Nam mới (Ngọc Hồi) nằm giữa QL1A cũ v&agrave; đường cao tốc Ph&aacute;p V&acirc;n - Cầu Giẽ. Bến n&agrave;y thu h&uacute;t xe từ QL1A, cao tốc Ph&aacute;p V&acirc;n - Ninh B&igrave;nh từ c&aacute;c tỉnh ph&iacute;a Nam về H&agrave; Nội, bến c&oacute; diện t&iacute;ch l&agrave; 11ha. Một trong 7 BX theo quy hoạch đ&atilde; được x&acirc;y dựng l&agrave; BX Y&ecirc;n Nghĩa (H&agrave; Đ&ocirc;ng), bến n&agrave;y phục vụ c&aacute;c xe về từ c&aacute;c tỉnh T&acirc;y Bắc như H&ograve;a B&igrave;nh, Sơn La, Điện Bi&ecirc;n v&agrave; c&aacute;c tỉnh ph&iacute;a Nam chạy theo đường Hồ Ch&iacute; Minh.</p>\r\n<p>BX ph&iacute;a T&acirc;y mới (huyện Ho&agrave;i Đức) nằm cạnh n&uacute;t giao v&agrave;nh đai 4 v&agrave; Đại lộ Thăng Long, gi&aacute;p tuyến đường sắt đ&ocirc; thị số 5, c&oacute; diện t&iacute;ch 5ha. Bến n&agrave;y phục vụ kh&aacute;ch của c&aacute;c tỉnh H&ograve;a B&igrave;nh, Sơn La, Điện Bi&ecirc;n. Bến cuối c&ugrave;ng l&agrave; BX Ph&ugrave;ng nằm ở điểm giao giữa QL32 v&agrave; đường v&agrave;nh đai 4, gi&aacute;p tuyến đường sắt đ&ocirc; thị số 3. Bến tiếp nhận xe kh&aacute;ch chạy tr&ecirc;n QL32 từ c&aacute;c tỉnh Vĩnh Ph&uacute;c, Ph&uacute; Thọ, Lai Ch&acirc;u.</p>\r\n<div id=\"admzone480462\">&nbsp;</div>\r\n<div id=\"ObjectBoxContent_1500511636276\" class=\"VCSortableInPreviewMode\" dir=\"center\" data-back=\"E6E6FA\" data-border=\"999\">\r\n<p>Ngo&agrave;i c&aacute;c BX kh&aacute;ch, H&agrave; Nội cũng sẽ c&oacute; 8 BX tải với tổng diện t&iacute;ch khoảng 99,4ha. C&aacute;c bến n&agrave;y bao gồm: Nội B&agrave;i, Ph&ugrave; Lỗ, Y&ecirc;n Vi&ecirc;n, Tr&acirc;u Quỳ, Khuyến Lương, Ngũ Hiệp, H&agrave; Đ&ocirc;ng, Ph&ugrave;ng.</p>\r\n</div>\r\n</div>','051354800-1544231779.png',4,1,0,1,' 1,',200,'2018-12-08 08:16:19','2018-12-09 18:33:33'),(11,'post','Công an phường Mỹ Đình 2: Bắt 2 đối tượng mang ma túy số lượng lớn, vứt xe bỏ chạy','cong-an-phuong-my-dinh-2-bat-2-doi-tuong-mang-ma-tuy-so-luong-lon-vut-xe-bo-chay',NULL,'Ngay lúc này, tại Công an phường Mỹ Đình 2 (Hà Nội), cán bộ tổ công tác Y13/141 đang bàn giao 2 đối tượng nam thanh niên cùng tang vật là nhiều gói chứa ma túy với chủng loại khác nhau..','<h2 class=\"detail-sp\" data-field=\"sapo\">Ngay l&uacute;c n&agrave;y, tại C&ocirc;ng an phường Mỹ Đ&igrave;nh 2 (H&agrave; Nội), c&aacute;n bộ tổ c&ocirc;ng t&aacute;c Y13/141 đang b&agrave;n giao 2 đối tượng nam thanh ni&ecirc;n c&ugrave;ng tang vật l&agrave; nhiều g&oacute;i chứa ma t&uacute;y với chủng loại kh&aacute;c nhau..</h2>\r\n<div class=\"content-new clear\" data-field=\"body\">\r\n<p>Ngay l&uacute;c n&agrave;y, tại&nbsp;<strong>C&ocirc;ng an phường Mỹ Đ&igrave;nh 2</strong>&nbsp;(H&agrave; Nội), c&aacute;n bộ tổ c&ocirc;ng t&aacute;c Y13/141 (do Đại &uacute;y Lưu Quang Trung l&agrave;m tổ trưởng) đang b&agrave;n giao 2 đối tượng nam thanh ni&ecirc;n c&ugrave;ng tang vật l&agrave; nhiều g&oacute;i chứa ma t&uacute;y với chủng loại kh&aacute;c nhau cho lực lượng c&ocirc;ng an phường tiếp tục điều tra, l&agrave;m r&otilde;.</p>\r\n<div class=\"VCSortableInPreviewMode IMSCurrentEditorEditObject\">\r\n<div><img id=\"img_26cbbca0-0e23-11e7-8c76-8dcdd39ba847\" src=\"http://giadinh.mediacdn.vn/thumb_w/640/2017/ma-tuy-3-1490092981955.jpg\" alt=\"\" data-original=\"http://giadinh.mediacdn.vn/2017/ma-tuy-3-1490092981955.jpg\" /></div>\r\n<div class=\"PhotoCMS_Caption\">&nbsp;</div>\r\n</div>\r\n<p>Cụ thể, khoảng 16h15\' ng&agrave;y 21/3, tổ Y13/141 l&agrave;m nhiệm vụ tại n&uacute;t giao th&ocirc;ng Phạm H&ugrave;ng - T&ocirc;n Thất Thuyết đ&atilde; ph&aacute;t hiện 2 nam thanh ni&ecirc;n điều khiển xe m&aacute;y BKS 29Z1-277.38 vi phạm luật giao th&ocirc;ng n&ecirc;n dừng xe kiểm tra.</p>\r\n<div class=\"VCSortableInPreviewMode\">\r\n<div><img id=\"img_26ad3820-0e23-11e7-9a68-75ee0abdeec3\" src=\"http://giadinh.mediacdn.vn/2017/ma-tuy-2-1490092981953.jpg\" alt=\"\r\nNguyễn Đ&igrave;nh Hải.\r\n\" data-original=\"http://giadinh.mediacdn.vn/2017/ma-tuy-2-1490092981953.jpg\" /></div>\r\n<div class=\"PhotoCMS_Caption\">\r\n<p>Nguyễn Đ&igrave;nh Hải.</p>\r\n</div>\r\n</div>\r\n<p>Ph&aacute;t hiện cảnh s&aacute;t dừng xe, 2 đối tượng nhanh ch&oacute;ng bỏ lại xe rồi nhảy qua h&agrave;ng r&agrave;o ph&acirc;n c&aacute;ch v&agrave; trốn v&agrave;o Bến xe Mỹ Đ&igrave;nh để lẩn trốn. Qu&aacute; tr&igrave;nh bỏ chạy, một trong hai đối tượng n&eacute;m lại hộp chứa k&iacute;nh mắt. Sau khi c&aacute;n bộ tổ Y13 bắt giữ được hai đối tượng v&agrave; kiểm tra hộp k&iacute;nh, b&ecirc;n trong chứa nhiều t&uacute;i ni-l&ocirc;ng đựng chất tinh thể m&agrave;u trắng (nghi l&agrave; ma t&uacute;y đ&aacute;).</p>\r\n<div class=\"VCSortableInPreviewMode\">\r\n<div><img id=\"img_268d2d00-0e23-11e7-9a68-75ee0abdeec3\" src=\"http://giadinh.mediacdn.vn/2017/ma-tuy-1-1490092981951.jpg\" alt=\"\r\nNguyễn Đ&igrave;nh Trung\r\n\" data-original=\"http://giadinh.mediacdn.vn/2017/ma-tuy-1-1490092981951.jpg\" /></div>\r\n<div class=\"PhotoCMS_Caption\">\r\n<p>Nguyễn Đ&igrave;nh Trung</p>\r\n</div>\r\n</div>\r\n<p>Tiếp tục kiểm tra tr&ecirc;n xe, tổ c&ocirc;ng t&aacute;c ph&aacute;t hiện tại nơi treo đồ ph&iacute;a trước xe c&oacute; 1 t&uacute;i ni-l&ocirc;ng, b&ecirc;n trong chứa 1 hộp tr&agrave; gừng. Khi mở hộp tr&agrave; gừng, c&aacute;n bộ tổ c&ocirc;ng t&aacute;c ph&aacute;t hiện th&ecirc;m nhiều g&oacute;i ni-l&ocirc;ng chứa c&aacute;c hạt tinh thể m&agrave;u trắng c&ugrave;ng vi&ecirc;n n&eacute;n (nghi l&agrave; ma t&uacute;y tổng hợp).</p>\r\n<p>Tại c&ocirc;ng an phường, danh t&iacute;nh của c&aacute;c đối tượng được l&agrave;m r&otilde; l&agrave; Nguyễn Đ&igrave;nh Hải (sinh năm 1994, HKTT tại Cẩm Kh&ecirc;, Ph&uacute; Thọ, l&agrave; người điều khiển xe) v&agrave; người ngồi sau xe l&agrave; Nguyễn Đ&igrave;nh Trung (sinh năm 1986, tr&uacute; tại Cầu Giấy, H&agrave; Nội).</p>\r\n<div id=\"admzone480462\">&nbsp;</div>\r\n<p>Vụ việc hiện đang được C&ocirc;ng an phường Mỹ Đ&igrave;nh 2 tiếp tục điều tra, l&agrave;m r&otilde;.</p>\r\n</div>','056012000-1544231866.png',2,1,0,2,' 2,',200,'2018-12-08 08:17:46','2018-12-09 18:33:12'),(12,'post','Hà Nội: Các bến xe vắng khách bất thường dịp đầu năm','ha-noi-cac-ben-xe-vang-khach-bat-thuong-dip-dau-nam',NULL,'Trong những ngày đầu xuân Đinh Dậu 2017, lượng khách đi lại tuyến cố định ở các bến xe trong TP Hà Nội giảm nhiều so với mọi năm khiến các doanh nghiệp vận tải rơi vào cảnh ế ẩm.','<h2 class=\"detail-sp\" data-field=\"sapo\">Trong những ng&agrave;y đầu xu&acirc;n Đinh Dậu 2017, lượng kh&aacute;ch đi lại tuyến cố định ở c&aacute;c bến xe trong TP H&agrave; Nội giảm nhiều so với mọi năm khiến c&aacute;c doanh nghiệp vận tải rơi v&agrave;o cảnh ế ẩm.</h2>\r\n<div class=\"content-new clear\" data-field=\"body\">\r\n<div class=\"VCSortableInPreviewMode\">\r\n<div><img id=\"img_ae159850-ea21-11e6-8266-c3ec70c4fb0b\" src=\"http://giadinh.mediacdn.vn/thumb_w/640/2017/copy-of-bx-my-dinh-1486134096871.jpg\" alt=\"Dịp cao điểm trước v&agrave; sau Tết nguy&ecirc;n đ&aacute;n 2017, bến xe Mỹ Đ&igrave;nh (H&agrave; Nội) kh&ocirc;ng c&ograve;n cảnh đ&ocirc;ng đ&uacute;c như mọi năm. Ảnh: Cao Tu&acirc;n\" data-original=\"http://giadinh.mediacdn.vn/2017/copy-of-bx-my-dinh-1486134096871.jpg\" /></div>\r\n<div class=\"PhotoCMS_Caption\">Dịp cao điểm trước v&agrave; sau Tết nguy&ecirc;n đ&aacute;n 2017, bến xe Mỹ Đ&igrave;nh (H&agrave; Nội) kh&ocirc;ng c&ograve;n cảnh đ&ocirc;ng đ&uacute;c như mọi năm. Ảnh: Cao Tu&acirc;n</div>\r\n</div>\r\n<p><strong>Dịp cao điểm, bến xe vẫn th&ocirc;ng tho&aacute;ng</strong></p>\r\n<p>Li&ecirc;n tiếp c&aacute;c ng&agrave;y 2/2 v&agrave; 3/2 (tức m&ugrave;ng 6 v&agrave; m&ugrave;ng 7 Tết &Acirc;m lịch), theo ghi nhận của PV B&aacute;o Gia đ&igrave;nh &amp; X&atilde; hội, lượng h&agrave;nh kh&aacute;ch đổ về bến xe Mỹ Đ&igrave;nh kh&ocirc;ng đ&ocirc;ng đ&uacute;c như những năm trước. Dọc tuyến đường Phạm H&ugrave;ng, Khuất Duy Tiến v&agrave; đường v&agrave;nh đai 3 tr&ecirc;n cao kh&ocirc;ng xảy ra &ugrave;n tắc, c&aacute;c phương tiện đi lại dễ d&agrave;ng, c&aacute;c điểm giao cắt trước bến xe Mỹ Đ&igrave;nh, hầm chui Trần Duy Hưng &ndash; Đại lộ Thăng Long, Phạm H&ugrave;ng - L&ecirc; Văn Lương kh&aacute; th&ocirc;ng tho&aacute;ng.</p>\r\n<p>Qua quan s&aacute;t, tại khu vực b&ecirc;n ngo&agrave;i v&agrave; b&ecirc;n trong bến xe Mỹ Đ&igrave;nh, lượng kh&aacute;ch đi lại sau Tết kh&ocirc;ng đ&ocirc;ng như mọi năm. Nh&agrave; chờ hay h&agrave;nh lang b&ecirc;n trong bến xe, h&agrave;nh kh&aacute;ch kh&ocirc;ng phải chen nhau l&ecirc;n xe. Thừa nhận thực trạng tr&ecirc;n, &ocirc;ng Nguyễn Như Tr&uacute;c, Gi&aacute;m đốc bến xe Mỹ Đ&igrave;nh l&yacute; giải: &ldquo;Do việc điều chuyển luồng tuyến dịp trước Tết n&ecirc;n gi&agrave; nửa lượng kh&aacute;ch mọi năm đ&atilde; chuyển sang đi lại ở c&aacute;c bến xe kh&aacute;ch ph&iacute;a Nam. Ch&iacute;nh v&igrave; vậy, ngay từ m&ugrave;ng 5, m&ugrave;ng 6 Tết Nguy&ecirc;n đ&aacute;n, bến xe vẫn th&ocirc;ng tho&aacute;ng&rdquo;. Cũng theo lời &ocirc;ng Tr&uacute;c, như mọi năm, dịp cao điểm trước v&agrave; sau Tết Nguy&ecirc;n đ&aacute;n, một số nh&agrave; xe phải tăng cường tuyến để phục vụ h&agrave;nh kh&aacute;ch.</p>\r\n<p>Được biết, trong đợt điều chuyển luồng tuyến vừa qua, bến xe Mỹ Đ&igrave;nh tiếp nhận 123 chuyến/ng&agrave;y, bến xe Gi&aacute;p B&aacute;t tiếp nhận 20 chuyến/ng&agrave;y, bến xe Gia L&acirc;m tiếp nhận 10 chuyến/ng&agrave;y, bến xe Y&ecirc;n Nghĩa tiếp nhận 48 chuyến/ng&agrave;y v&agrave; nhiều nhất l&agrave; bến xe Nước Ngầm tiếp nhận 440 chuyến/ng&agrave;y. D&ugrave; đến thời điểm hiện tại c&aacute;c bến đ&atilde; tiếp nhận đầy đủ theo đ&uacute;ng kế hoạch, tuy nhi&ecirc;n lượng kh&aacute;ch tại c&aacute;c bến xe kh&ocirc;ng đ&ocirc;ng như kỳ vọng.</p>\r\n<p>Tại bến xe kh&aacute;ch Gi&aacute;p B&aacute;t, theo th&ocirc;ng lệ h&agrave;ng năm, trước v&agrave; ngay sau thời điểm nghỉ Tết Nguy&ecirc;n đ&aacute;n, c&aacute;c nh&agrave; xe đều tăng c&ocirc;ng suất &ldquo;kịch khung&rdquo; hoặc vượt đến cả mấy chục phần trăm nhưng vẫn kh&ocirc;ng thể đ&aacute;p ứng hết nhu cầu đi lại của h&agrave;nh kh&aacute;ch. Tuy nhi&ecirc;n năm nay, lượng kh&aacute;ch kh&ocirc;ng qu&aacute; đ&ocirc;ng khiến c&aacute;c doanh nghiệp vận tải dở kh&oacute;c, dở cười. &ldquo;Mọi năm mỗi đợt cao điểm lượng h&agrave;nh kh&aacute;ch đi lại tuyến cố định trong bến l&ecirc;n đến hơn 2 vạn. Tuy nhi&ecirc;n năm nay lượng kh&aacute;ch giảm hơn 20%. Đ&acirc;y l&agrave; một con số lớn ảnh hưởng đến kinh doanh của c&aacute;c doanh nghiệp vận tải&rdquo;, &ocirc;ng Nguyễn Tất Th&agrave;nh, Gi&aacute;m đốc Bến xe Gi&aacute;p B&aacute;t cho hay.</p>\r\n<p><strong>Chuy&ecirc;n gia l&yacute; giải nguy&ecirc;n nh&acirc;n</strong></p>\r\n<p>T&igrave;nh trạng nh&agrave; xe vắng kh&aacute;ch dịp cao điểm l&agrave;m cho giới kinh doanh vận tải h&agrave;nh kh&aacute;ch như &ldquo;ngồi tr&ecirc;n lửa&rdquo;. Nhiều chủ xe đ&atilde; ph&agrave;n n&agrave;n k&egrave;m theo nhiều dấu hỏi về thực tế lạ l&ugrave;ng n&agrave;y.</p>\r\n<p>Trao đổi với PV B&aacute;o Gia đ&igrave;nh &amp; X&atilde; hội, &ocirc;ng Kh&uacute;c Hữu Thanh Hải - người c&oacute; hơn 20 năm kinh nghiệm thực tế trong lĩnh vực kinh doanh vận tải h&agrave;nh kh&aacute;ch li&ecirc;n tỉnh tỏ ra kh&aacute; bất ngờ với cảnh &ldquo;ế ẩm&rdquo; tại c&aacute;c bến xe dịp Tết Đinh Dậu. Theo &ocirc;ng Hải, c&oacute; thể xuất ph&aacute;t từ sự bất ổn định trong hoạt động vận tải, việc ph&acirc;n lại luồng tuyến chưa thực sự ổn định dẫn đến việc người d&acirc;n chủ động li&ecirc;n lạc qua mạng x&atilde; hội v&agrave; đặt xe online, xe d&ugrave;... hoặc gom tiền đặt xe qua c&aacute;c ứng dụng như Grab, Uber, xe đi chung...</p>\r\n<p>&ldquo;Với sự trợ gi&uacute;p tối đa của c&ocirc;ng nghệ, kh&aacute;ch h&agrave;ng giờ đ&acirc;y đ&atilde; l&agrave;m chủ được h&agrave;nh tr&igrave;nh của m&igrave;nh. Với nhiều người, họ kh&ocirc;ng cần phải ra bến xe để t&igrave;m xe nữa m&agrave; l&ecirc;n mạng t&igrave;m xe, đặt chỗ, sau đ&oacute; t&igrave;m địa điểm thuận lợi nhất để l&ecirc;n xe&rdquo;, &ocirc;ng Hải chia sẻ.</p>\r\n<p>Cũng theo &ocirc;ng Hải, đợt &ldquo;đại ph&acirc;n lại luồng, tuyến&rdquo; tại c&aacute;c bến xe ở H&agrave; Nội cũng ảnh hưởng kh&ocirc;ng nhỏ đến t&acirc;m l&yacute; kh&aacute;ch h&agrave;ng. Người d&acirc;n giờ ngại đến c&aacute;c bến xe v&igrave; đều xa trung t&acirc;m. D&ugrave;ng c&aacute;c phương tiện kh&aacute;c ra bến th&igrave; vừa mất thời gian vừa tốn k&eacute;m lại chưa chắc đ&atilde; c&ograve;n chỗ trong khi dịch vụ tại bến xe mỗi dịp lễ Tết th&igrave; lu&ocirc;n l&agrave; &ldquo;cơn &aacute;c mộng&rdquo;.</p>\r\n<div id=\"admzone480462\">&nbsp;</div>\r\n<p>Thế nhưng ngược lại, c&aacute;c dịch vụ của c&aacute;c đầu xe tạm gọi l&agrave; xe đi chung, xe d&ugrave;, xe tr&aacute; h&igrave;nh... lu&ocirc;n nằm s&acirc;u b&ecirc;n trong nội đ&ocirc; với chất lượng dịch vụ vượt trội, sẵn s&agrave;ng đ&oacute;n trả kh&aacute;ch tại nh&agrave; khiến người d&acirc;n thiện cảm hơn nhiều. &ldquo;Đời sống tăng cao, người d&acirc;n sẵn s&agrave;ng trả tiền cao hơn để hưởng dịch vụ tốt hơn. C&ograve;n họ kh&ocirc;ng quan t&acirc;m v&agrave; cũng kh&ocirc;ng c&oacute; nghĩa vụ phải biết xe đ&oacute; c&oacute; l&agrave; xe d&ugrave; hay kh&ocirc;ng, miễn l&agrave; họ được phục vụ đ&uacute;ng nhu cầu. Ch&uacute;ng ta kh&ocirc;ng thể tr&aacute;ch họ được&rdquo;, &ocirc;ng Hải nhấn mạnh.</p>\r\n<div id=\"ObjectBoxContent_1486134051671\" class=\"VCSortableInPreviewMode\" dir=\"center\" data-back=\"E6E6FA\" data-border=\"999\">\r\n<p><strong>Phải tạo được sự ổn định trong hoạt động vận tải</strong></p>\r\n<p>Nhận định rằng nếu t&igrave;nh trạng xe d&ugrave;, bến c&oacute;c b&ugrave;ng nổ sẽ kh&ocirc;ng chỉ đe dọa trực tiếp đến ng&agrave;nh vận tải h&agrave;nh kh&aacute;ch tuyến cố định m&agrave; c&ograve;n g&acirc;y thất tho&aacute;t nguồn thu cho nh&agrave; nước, &ocirc;ng Kh&uacute;c Hữu Thanh Hải kiến nghị: &ldquo;Nếu muốn cải thiện được t&igrave;nh trạng n&agrave;y, c&aacute;c cơ quan quản l&yacute; phải tạo được sự ổn định trong hoạt động vận tải từ đ&oacute; h&igrave;nh th&agrave;nh được th&oacute;i quen đi lại của h&agrave;nh kh&aacute;ch. Tạo những điểm đ&oacute;n trả kh&aacute;ch hợp l&yacute; đ&aacute;p ứng nhu cầu đi lại của người d&acirc;n. N&acirc;ng cấp chất lượng dịch vụ tại c&aacute;c bến xe để thu h&uacute;t h&agrave;nh kh&aacute;ch đến bến hơn nữa...&rdquo;.</p>\r\n</div>\r\n</div>','014958600-1544231931.png',6,1,0,2,' 2,',200,'2018-12-08 08:18:51','2018-12-09 18:33:12'),(13,'post','Nhốn nháo cảnh bắt khách bên ngoài bến xe Mỹ Đình','nhon-nhao-canh-bat-khach-ben-ngoai-ben-xe-my-dinh',NULL,'Sau một thời gian không còn cảnh các xe chạy tuyến lòng vòng đón khách do cơ quan chức năng ra quân xử lý nghiêm thì hiện nay, tình trạng nhốn nháo này lại tiếp tục tái diễn ngoài Bến xe Mỹ Đình. Nhiều điểm trên đường Phạm Hùng xung quanh bến trở thành nơi đón khách, nhận hàng.','<h2 class=\"detail-sp\" data-field=\"sapo\">Sau một thời gian kh&ocirc;ng c&ograve;n cảnh c&aacute;c xe chạy tuyến l&ograve;ng v&ograve;ng đ&oacute;n kh&aacute;ch do cơ quan chức năng ra qu&acirc;n xử l&yacute; nghi&ecirc;m th&igrave; hiện nay, t&igrave;nh trạng nhốn nh&aacute;o n&agrave;y lại tiếp tục t&aacute;i diễn ngo&agrave;i Bến xe Mỹ Đ&igrave;nh. Nhiều điểm tr&ecirc;n đường Phạm H&ugrave;ng xung quanh bến trở th&agrave;nh nơi đ&oacute;n kh&aacute;ch, nhận h&agrave;ng.</h2>\r\n<div class=\"content-new clear\" data-field=\"body\">\r\n<p>Hầu như c&aacute;c xe khi xuất bến đều chạy l&ograve;ng v&ograve;ng rất chậm, sẵn s&agrave;ng dừng ngay giữa đường, mở cửa để cho kh&aacute;ch l&ecirc;n. Nhiều xe c&ograve;n ngang nhi&ecirc;n tạt v&agrave;o c&aacute;c điểm dừng của xe bu&yacute;t để vợt kh&aacute;ch. Thậm ch&iacute; kh&ocirc;ng &iacute;t xe dừng đ&oacute;n kh&aacute;ch ngay tại ch&acirc;n cầu vượt Mai Dịch, g&acirc;y nguy hiểm cho c&aacute;c phương tiện tham gia giao th&ocirc;ng kh&aacute;c. Dưới đ&acirc;y l&agrave; những h&igrave;nh ảnh PV B&aacute;o Gia đ&igrave;nh &amp; X&atilde; hội ghi lại được trong s&aacute;ng 1/3.</p>\r\n<div class=\"VCSortableInPreviewMode\">\r\n<div><img id=\"img_9faf0970-fef5-11e6-9ab7-f9b634fccb4c\" src=\"http://giadinh.mediacdn.vn/thumb_w/640/2017/copy-of-anh-1-1488424150341.jpg\" alt=\"Xe bắt kh&aacute;ch tại ngay ch&acirc;n cầu vượt Mai Dịch.\" data-original=\"http://giadinh.mediacdn.vn/2017/copy-of-anh-1-1488424150341.jpg\" /></div>\r\n<div class=\"PhotoCMS_Caption\">Xe bắt kh&aacute;ch tại ngay ch&acirc;n cầu vượt Mai Dịch.</div>\r\n</div>\r\n<div class=\"VCSortableInPreviewMode\">\r\n<div><img id=\"img_a03af5c0-fef5-11e6-9824-2dfbc8fe5943\" src=\"http://giadinh.mediacdn.vn/thumb_w/640/2017/copy-of-anh-3-1488424150346.jpg\" alt=\"Sẵn s&agrave;ng dừng đỗ giữa đường để nhận h&agrave;ng.\" data-original=\"http://giadinh.mediacdn.vn/2017/copy-of-anh-3-1488424150346.jpg\" /></div>\r\n<div class=\"PhotoCMS_Caption\">Sẵn s&agrave;ng dừng đỗ giữa đường để nhận h&agrave;ng.</div>\r\n</div>\r\n<div class=\"VCSortableInPreviewMode\">\r\n<div><img id=\"img_a00bcf70-fef5-11e6-af85-a114006b5426\" src=\"http://giadinh.mediacdn.vn/thumb_w/640/2017/copy-of-anh-2-1488424150344.jpg\" alt=\"Điểm dừng xe bu&yacute;t trở th&agrave;nh nơi đ&oacute;n kh&aacute;ch của xe tuyến.\" data-original=\"http://giadinh.mediacdn.vn/2017/copy-of-anh-2-1488424150344.jpg\" /></div>\r\n<div class=\"PhotoCMS_Caption\">Điểm dừng xe bu&yacute;t trở th&agrave;nh nơi đ&oacute;n kh&aacute;ch của xe tuyến.</div>\r\n</div>\r\n<div class=\"VCSortableInPreviewMode\">\r\n<div><img id=\"img_a083be90-fef5-11e6-9ab7-f9b634fccb4c\" src=\"http://giadinh.mediacdn.vn/thumb_w/640/2017/copy-of-anh-4-1488424150349.jpg\" alt=\"Nhiều h&agrave;nh kh&aacute;ch coi ch&acirc;n cầu l&agrave; điểm bắt xe.\" data-original=\"http://giadinh.mediacdn.vn/2017/copy-of-anh-4-1488424150349.jpg\" /></div>\r\n<div class=\"PhotoCMS_Caption\">Nhiều h&agrave;nh kh&aacute;ch coi ch&acirc;n cầu l&agrave; điểm bắt xe.</div>\r\n</div>\r\n</div>','047726700-1544232086.png',7,1,0,2,' 2,',200,'2018-12-08 08:21:26','2018-12-10 18:40:59'),(14,'post','Giật mình phát hiện thai nhi bị bỏ rơi ở cổng bến xe Mỹ Đình','giat-minh-phat-hien-thai-nhi-bi-bo-roi-o-cong-ben-xe-my-dinh',NULL,'Trong lúc đứng ở vệ đường chờ xe khách, một số người dân bàng hoàng phát hiện một bé sơ sinh trong bao ni-lông màu đen.','<h2 class=\"detail-sp\" data-field=\"sapo\">Trong l&uacute;c đứng ở vệ đường chờ xe kh&aacute;ch, một số người d&acirc;n b&agrave;ng ho&agrave;ng ph&aacute;t hiện một b&eacute; sơ sinh trong bao ni-l&ocirc;ng m&agrave;u đen.</h2>\r\n<div class=\"content-new clear\" data-field=\"body\">\r\n<p>Theo th&ocirc;ng tin ban đầu, v&agrave;o khoảng 5h30 s&aacute;ng nay (5/5), trong l&uacute;c chờ xe kh&aacute;ch tại bến xe Mỹ Đ&igrave;nh (quận Nam Từ Li&ecirc;m, H&agrave; Nội), một số người d&acirc;n giật m&igrave;nh khi ph&aacute;t hiện thi thể một&nbsp;</p>\r\n<h4 title=\"tag\"><a class=\"VCCTagItemInNews\" title=\"b&eacute; sơ sinh\" draggable=\"false\" href=\"http://giadinh.net.vn/be-so-sinh.tag\" target=\"_blank\" rel=\"noopener\" data-id=\"1458\" data-zoneid=\"0\">b&eacute; sơ sinh</a></h4>\r\n<p>&nbsp;bỏ trong bao ni-l&ocirc;ng m&agrave;u đen s&aacute;t cạnh ph&iacute;a cổng ra.</p>\r\n<div class=\"VCSortableInPreviewMode\">\r\n<div><img id=\"img_348846\" src=\"http://giadinh.mediacdn.vn/k:2016/thai-nhi-1-1462342178585/giat-minh-phat-hien-thai-nhi-bi-bo-roi-o-cong-ben-xe-my-dinh.jpg\" alt=\"\r\nSự việc thu h&uacute;t nhiều người hiếu kỳ đến theo d&otilde;i. Ảnh Nhật T&acirc;n\r\n\" /></div>\r\n<div class=\"PhotoCMS_Caption\">\r\n<p>Sự việc thu h&uacute;t nhiều người hiếu kỳ đến theo d&otilde;i. Ảnh Nhật T&acirc;n</p>\r\n</div>\r\n</div>\r\n<p>Sự việc thu h&uacute;t nhiều người hiếu kỳ đến theo d&otilde;i. Lối ra đường Phạm H&ugrave;ng của bến xe Mỹ Đ&igrave;nh cũng bị &ugrave;n tắc cục bộ.</p>\r\n<p>Nhận được tin b&aacute;o, lực lượng c&ocirc;ng an phường Mỹ Đ&igrave;nh 2 nhanh ch&oacute;ng c&oacute; mặt lập bi&ecirc;n bản v&agrave; ghi nhận vụ việc.</p>\r\n<div class=\"VCSortableInPreviewMode IMSCurrentEditorEditObject\">\r\n<div><img id=\"img_348847\" src=\"http://giadinh.mediacdn.vn/k:2016/thai-nhi-2-1462342203749/giat-minh-phat-hien-thai-nhi-bi-bo-roi-o-cong-ben-xe-my-dinh.jpg\" alt=\"\r\nLực lượng c&ocirc;ng an l&agrave;m c&ocirc;ng t&aacute;c bảo vệ hiện trường. Ảnh Nhật T&acirc;n\r\n\" /></div>\r\n<div class=\"PhotoCMS_Caption\">\r\n<p>Lực lượng c&ocirc;ng an l&agrave;m c&ocirc;ng t&aacute;c bảo vệ hiện trường. Ảnh Nhật T&acirc;n</p>\r\n</div>\r\n</div>\r\n<p>Đến khoảng 10h c&ugrave;ng ng&agrave;y, thi thể ch&aacute;u b&eacute; vẫn được đặt cạnh vệ đường để chờ ph&iacute;a UBND phường đến l&agrave;m thủ tục ch&ocirc;n cất.</p>\r\n<p>Hiện nguy&ecirc;n nh&acirc;n vụ việc đang được x&aacute;c minh l&agrave;m r&otilde;.</p>\r\n</div>','070392000-1544232139.png',26,1,0,1,' 1,',200,'2018-12-08 08:22:19','2018-12-10 18:43:45'),(15,'page','qua mon r','qua-mon-r','qua','qua môn r','<p>qua m&ocirc;n r&nbsp;</p>\r\n<div id=\"eJOY__extension_root\" style=\"all: unset;\">&nbsp;</div>','020115400-1544516845.png',6,1,0,0,NULL,-1,'2018-12-11 15:27:25','2018-12-12 00:57:57'),(16,'dynamic','Tiến Đẹp Zai','tien-dep-zai',NULL,'test','<p>test</p>','097387300-1545207840.png',0,1,0,0,NULL,-1,'2018-12-19 15:24:00','2018-12-19 16:27:50'),(17,'post','test','test',NULL,'Chuyện tình cảm của bạn ntn?\r\n\r\n@+[1888310324723998:0]\r\n@+[110129416173028:0]\r\n@+[1298522976895992:0]\r\n@+[1373827445993734:0]\r\n@+[418086558551980:0]\r\n@+[1819745788351690:0]\r\n@+[1370175356359069:0]\r\n@+[1286557418099967:0]\r\n@+[957562141049175:0]\r\n@+[404856593206330:0]\r\n@+[398307550555473:0]\r\n@+[417835105241529:0]\r\n@+[1586995977991579:0]\r\n@+[1664384767198066:0]\r\n@+[1062030147274154:0]\r\n@+[205436059952676:0]\r\n@+[101722350379571:0]\r\n@+[1575476729129605:0]\r\n@+[1408641499201342:0]\r\n@+[1487076604644947:0]\r\n@+[101722350379571:0]\r\n@+[1288022104600252:0]\r\n@+[737544909750894:0]\r\n@+[1312452285502801:0]\r\n@+[113893265771110:0]\r\n@+[756425217866059:0]\r\n@+[290281258068215:0]\r\n@+[185024678673990:0]\r\n@+[915452775220403:0]\r\n@+[737544909750894:0]','<ol>\r\n<li>Ho</li>\r\n</ol>','013260500-1546313940.png',0,11,0,2,' 2,',200,'2019-01-01 10:39:00','2019-01-01 10:39:00');
/*!40000 ALTER TABLE `posts` ENABLE KEYS */;
UNLOCK TABLES;

--
-- Table structure for table `product_details`
--

DROP TABLE IF EXISTS `product_details`;
/*!40101 SET @saved_cs_client     = @@character_set_client */;
/*!40101 SET character_set_client = utf8 */;
CREATE TABLE `product_details` (
  `id` int(10) unsigned NOT NULL AUTO_INCREMENT,
  `product_id` int(10) unsigned NOT NULL,
  `name` varchar(191) COLLATE utf8mb4_unicode_ci NOT NULL,
  `content` text COLLATE utf8mb4_unicode_ci,
  PRIMARY KEY (`id`)
) ENGINE=InnoDB DEFAULT CHARSET=utf8mb4 COLLATE=utf8mb4_unicode_ci;
/*!40101 SET character_set_client = @saved_cs_client */;

--
-- Dumping data for table `product_details`
--

LOCK TABLES `product_details` WRITE;
/*!40000 ALTER TABLE `product_details` DISABLE KEYS */;
/*!40000 ALTER TABLE `product_details` ENABLE KEYS */;
UNLOCK TABLES;

--
-- Table structure for table `product_meta`
--

DROP TABLE IF EXISTS `product_meta`;
/*!40101 SET @saved_cs_client     = @@character_set_client */;
/*!40101 SET character_set_client = utf8 */;
CREATE TABLE `product_meta` (
  `id` int(10) unsigned NOT NULL AUTO_INCREMENT,
  `product_id` int(11) NOT NULL,
  `type` varchar(191) COLLATE utf8mb4_unicode_ci NOT NULL DEFAULT 'text',
  `name` varchar(191) COLLATE utf8mb4_unicode_ci NOT NULL,
  `value` varchar(191) COLLATE utf8mb4_unicode_ci DEFAULT NULL,
  PRIMARY KEY (`id`)
) ENGINE=InnoDB DEFAULT CHARSET=utf8mb4 COLLATE=utf8mb4_unicode_ci;
/*!40101 SET character_set_client = @saved_cs_client */;

--
-- Dumping data for table `product_meta`
--

LOCK TABLES `product_meta` WRITE;
/*!40000 ALTER TABLE `product_meta` DISABLE KEYS */;
/*!40000 ALTER TABLE `product_meta` ENABLE KEYS */;
UNLOCK TABLES;

--
-- Table structure for table `product_properties`
--

DROP TABLE IF EXISTS `product_properties`;
/*!40101 SET @saved_cs_client     = @@character_set_client */;
/*!40101 SET character_set_client = utf8 */;
CREATE TABLE `product_properties` (
  `id` int(10) unsigned NOT NULL AUTO_INCREMENT,
  `product_id` int(11) NOT NULL,
  `name` varchar(191) COLLATE utf8mb4_unicode_ci NOT NULL,
  `value` text COLLATE utf8mb4_unicode_ci,
  PRIMARY KEY (`id`)
) ENGINE=InnoDB DEFAULT CHARSET=utf8mb4 COLLATE=utf8mb4_unicode_ci;
/*!40101 SET character_set_client = @saved_cs_client */;

--
-- Dumping data for table `product_properties`
--

LOCK TABLES `product_properties` WRITE;
/*!40000 ALTER TABLE `product_properties` DISABLE KEYS */;
/*!40000 ALTER TABLE `product_properties` ENABLE KEYS */;
UNLOCK TABLES;

--
-- Table structure for table `products`
--

DROP TABLE IF EXISTS `products`;
/*!40101 SET @saved_cs_client     = @@character_set_client */;
/*!40101 SET character_set_client = utf8 */;
CREATE TABLE `products` (
  `id` int(10) unsigned NOT NULL AUTO_INCREMENT,
  `user_id` int(10) unsigned NOT NULL DEFAULT '0',
  `cate_id` int(10) unsigned NOT NULL DEFAULT '0',
  `cate_map` varchar(191) COLLATE utf8mb4_unicode_ci DEFAULT NULL,
  `name` varchar(191) COLLATE utf8mb4_unicode_ci NOT NULL,
  `slug` varchar(191) COLLATE utf8mb4_unicode_ci NOT NULL,
  `code` varchar(191) COLLATE utf8mb4_unicode_ci DEFAULT NULL,
  `keywords` varchar(191) COLLATE utf8mb4_unicode_ci DEFAULT NULL,
  `description` text COLLATE utf8mb4_unicode_ci,
  `detail` text COLLATE utf8mb4_unicode_ci,
  `feature_image` varchar(191) COLLATE utf8mb4_unicode_ci DEFAULT NULL,
  `list_price` int(11) NOT NULL DEFAULT '0',
  `sale_price` int(11) NOT NULL DEFAULT '0',
  `total` int(11) NOT NULL DEFAULT '0',
  `views` int(11) NOT NULL DEFAULT '0',
  `likes` int(11) NOT NULL DEFAULT '0',
  `status` int(11) NOT NULL DEFAULT '200',
  `created_at` timestamp NULL DEFAULT NULL,
  `updated_at` timestamp NULL DEFAULT NULL,
  PRIMARY KEY (`id`),
  UNIQUE KEY `products_slug_unique` (`slug`)
) ENGINE=InnoDB DEFAULT CHARSET=utf8mb4 COLLATE=utf8mb4_unicode_ci;
/*!40101 SET character_set_client = @saved_cs_client */;

--
-- Dumping data for table `products`
--

LOCK TABLES `products` WRITE;
/*!40000 ALTER TABLE `products` DISABLE KEYS */;
/*!40000 ALTER TABLE `products` ENABLE KEYS */;
UNLOCK TABLES;

--
-- Table structure for table `provinces`
--

DROP TABLE IF EXISTS `provinces`;
/*!40101 SET @saved_cs_client     = @@character_set_client */;
/*!40101 SET character_set_client = utf8 */;
CREATE TABLE `provinces` (
  `id` int(10) unsigned NOT NULL AUTO_INCREMENT,
  `type` varchar(191) COLLATE utf8mb4_unicode_ci NOT NULL DEFAULT 'province',
  `name` varchar(191) COLLATE utf8mb4_unicode_ci DEFAULT NULL,
  `slug` varchar(191) COLLATE utf8mb4_unicode_ci DEFAULT NULL,
  `created_at` timestamp NULL DEFAULT NULL,
  `updated_at` timestamp NULL DEFAULT NULL,
  PRIMARY KEY (`id`)
) ENGINE=InnoDB AUTO_INCREMENT=43 DEFAULT CHARSET=utf8mb4 COLLATE=utf8mb4_unicode_ci;
/*!40101 SET character_set_client = @saved_cs_client */;

--
-- Dumping data for table `provinces`
--

LOCK TABLES `provinces` WRITE;
/*!40000 ALTER TABLE `provinces` DISABLE KEYS */;
INSERT INTO `provinces` VALUES (2,'province','Bắc Cạn','bac-can','2018-11-13 02:17:17','2018-11-13 02:17:17'),(3,'province','Bắc Giang','bac-giang','2018-11-13 02:17:17','2018-11-13 02:17:17'),(4,'province','Bắc Ninh','bac-ninh','2018-11-13 02:17:17','2018-11-13 02:17:17'),(5,'province','Bình Dương','binh-duong','2018-11-13 02:17:17','2018-11-13 02:17:17'),(6,'province','Bình Phước','binh-phuoc','2018-11-13 02:17:17','2018-11-13 02:17:17'),(7,'province','Cao Bằng','cao-bang','2018-11-13 02:17:17','2018-11-13 02:17:17'),(8,'province','Gia Lai','gia-lai','2018-11-13 02:17:17','2018-11-13 02:17:17'),(9,'province','Hà Giang','ha-giang','2018-11-13 02:17:17','2018-11-13 02:17:17'),(10,'province','Hà Nam','ha-nam','2018-11-13 02:17:17','2018-11-13 02:17:17'),(11,'city','Hà Nội','ha-noi','2018-11-13 02:17:17','2018-11-13 03:04:40'),(12,'province','Hà Tĩnh','ha-tinh','2018-11-13 02:17:17','2018-11-13 02:17:17'),(13,'province','Hải Dương','hai-duong','2018-11-13 02:17:17','2018-11-13 02:17:17'),(14,'province','Hòa Bình','hoa-binh','2018-11-13 02:17:17','2018-11-13 02:17:17'),(15,'province','Hưng Yên','hung-yen','2018-11-13 02:17:17','2018-11-13 02:17:17'),(16,'province','Kom Tum','kom-tum','2018-11-13 02:17:18','2018-11-13 02:17:18'),(17,'province','Lai Châu','lai-chau','2018-11-13 02:17:18','2018-11-13 02:17:18'),(18,'province','Lâm Đồng','lam-dong','2018-11-13 02:17:18','2018-11-13 02:17:18'),(19,'province','Lạng Sơn','lang-son','2018-11-13 02:17:18','2018-11-13 02:17:18'),(20,'province','Lào Cai','lao-cai','2018-11-13 02:17:18','2018-11-13 02:17:18'),(21,'province','Nam Định','nam-dinh','2018-11-13 02:17:18','2018-11-13 02:17:18'),(22,'province','Phú Thọ','phu-tho','2018-11-13 02:17:18','2018-11-13 02:17:18'),(23,'province','Quảng Bình','quang-binh','2018-11-13 02:17:18','2018-11-13 02:17:18'),(24,'province','Quảng Ninh','quang-ninh','2018-11-13 02:17:18','2018-11-13 02:17:18'),(25,'province','Sơn La','son-la','2018-11-13 02:17:18','2018-11-13 02:17:18'),(26,'province','Thái Bình','thai-binh','2018-11-13 02:17:18','2018-11-13 02:17:18'),(27,'province','Thái Nguyên','thai-nguyen','2018-11-13 02:17:18','2018-11-13 02:17:18'),(28,'province','Thanh Hóa','thanh-hoa','2018-11-13 02:17:18','2018-11-13 02:17:18'),(30,'province','TP. Hải Phòng','tp-hai-phong','2018-11-13 02:17:18','2018-11-13 02:17:18'),(31,'province','T.P. Đà Nẵng','tp-da-nang','2018-11-13 02:17:18','2018-11-13 02:17:18'),(32,'province','T.P. Hồ Chí Minh','tp-ho-chi-minh','2018-11-13 02:17:18','2018-11-13 02:17:18'),(33,'province','Tuyên Quang','tuyen-quang','2018-11-13 02:17:18','2018-11-13 02:17:18'),(34,'province','Vĩnh Phúc','vinh-phuc','2018-11-13 02:17:18','2018-11-13 02:17:18'),(35,'province','Yên Bái','yen-bai','2018-11-13 02:17:18','2018-11-13 02:17:18'),(36,'province','Đắk Lăk','dak-lak','2018-11-13 02:17:18','2018-11-13 02:17:18'),(37,'province','Điện Biên','dien-bien','2018-11-13 02:17:18','2018-11-13 02:17:18'),(40,'province','Tuần Giáo','tuan-giao','2018-11-21 20:59:58','2018-11-21 20:59:58');
/*!40000 ALTER TABLE `provinces` ENABLE KEYS */;
UNLOCK TABLES;

--
-- Table structure for table `roles`
--

DROP TABLE IF EXISTS `roles`;
/*!40101 SET @saved_cs_client     = @@character_set_client */;
/*!40101 SET character_set_client = utf8 */;
CREATE TABLE `roles` (
  `id` int(10) unsigned NOT NULL AUTO_INCREMENT,
  `name` varchar(191) COLLATE utf8mb4_unicode_ci NOT NULL,
  `handle` varchar(191) COLLATE utf8mb4_unicode_ci DEFAULT NULL,
  `description` varchar(191) COLLATE utf8mb4_unicode_ci DEFAULT NULL,
  `status` int(11) NOT NULL DEFAULT '200',
  `created_at` timestamp NULL DEFAULT NULL,
  `updated_at` timestamp NULL DEFAULT NULL,
  PRIMARY KEY (`id`),
  UNIQUE KEY `roles_name_unique` (`name`)
) ENGINE=InnoDB AUTO_INCREMENT=6 DEFAULT CHARSET=utf8mb4 COLLATE=utf8mb4_unicode_ci;
/*!40101 SET character_set_client = @saved_cs_client */;

--
-- Dumping data for table `roles`
--

LOCK TABLES `roles` WRITE;
/*!40000 ALTER TABLE `roles` DISABLE KEYS */;
INSERT INTO `roles` VALUES (1,'Admin',NULL,NULL,200,'2018-11-11 09:09:13','2018-12-01 19:12:42'),(2,'Mod',NULL,NULL,200,'2018-11-11 09:09:24','2018-12-01 19:12:50'),(3,'Content',NULL,NULL,200,'2018-11-11 09:09:33','2018-12-01 19:12:59'),(4,'Barie','get_station_id',NULL,200,'2018-11-21 22:41:34','2018-11-21 22:41:34'),(5,'Access',NULL,NULL,200,'2018-11-30 22:36:04','2018-11-30 22:36:04');
/*!40000 ALTER TABLE `roles` ENABLE KEYS */;
UNLOCK TABLES;

--
-- Table structure for table `routes`
--

DROP TABLE IF EXISTS `routes`;
/*!40101 SET @saved_cs_client     = @@character_set_client */;
/*!40101 SET character_set_client = utf8 */;
CREATE TABLE `routes` (
  `id` int(10) unsigned NOT NULL AUTO_INCREMENT,
  `from_id` int(11) NOT NULL DEFAULT '0',
  `to_id` int(11) NOT NULL DEFAULT '0',
  `type` varchar(191) COLLATE utf8mb4_unicode_ci NOT NULL DEFAULT 'direct',
  `name` varchar(191) COLLATE utf8mb4_unicode_ci DEFAULT NULL,
  `distance` int(11) NOT NULL DEFAULT '0',
  `month_trips` int(11) NOT NULL DEFAULT '0',
  `freq_days` int(11) NOT NULL DEFAULT '0',
  `freq_trips` int(11) NOT NULL DEFAULT '0',
  `time_start` time NOT NULL DEFAULT '00:00:00',
  `time_between` time NOT NULL DEFAULT '00:30:00',
  `time_end` time NOT NULL DEFAULT '23:59:00',
  `status` int(11) NOT NULL DEFAULT '200',
  `created_at` timestamp NULL DEFAULT NULL,
  `updated_at` timestamp NULL DEFAULT NULL,
  PRIMARY KEY (`id`)
) ENGINE=InnoDB AUTO_INCREMENT=18 DEFAULT CHARSET=utf8mb4 COLLATE=utf8mb4_unicode_ci;
/*!40101 SET character_set_client = @saved_cs_client */;

--
-- Dumping data for table `routes`
--

LOCK TABLES `routes` WRITE;
/*!40000 ALTER TABLE `routes` DISABLE KEYS */;
INSERT INTO `routes` VALUES (1,104,20,'direct','Hà Nội - Hòa Bình',73,10,0,0,'06:00:00','00:15:00','19:00:00',200,'2018-11-14 10:58:58','2018-12-05 14:22:54'),(2,104,29,'direct','Hà Nội - Lạng Sơn',200,30,0,0,'05:50:00','01:00:00','18:00:00',200,'2018-11-15 09:56:38','2018-11-16 21:19:09'),(3,104,85,'direct','Hà Nội - Thanh Hóa',143,60,0,0,'06:00:00','00:45:00','18:00:00',200,'2018-11-20 09:23:59','2018-11-20 09:23:59'),(4,104,103,'direct','Hà Nội - Điện Biên',400,20,0,0,'04:30:00','10:00:00','21:00:00',200,'2018-11-21 20:56:26','2018-11-21 20:56:26'),(5,104,77,'direct','Hà Nội - Thái Bình',139,60,0,0,'09:00:00','02:00:02','19:30:04',200,'2018-12-02 15:55:47','2018-12-02 15:55:47'),(6,104,81,'direct','Hà Nội - Thái Nguyên',83,120,0,0,'07:30:24','01:00:45','21:30:37',200,'2018-12-02 15:58:02','2018-12-02 15:58:02'),(7,104,19,'direct','Hà Nội - Hải Dương',90,210,0,0,'07:30:03','01:00:22','21:00:12',200,'2018-12-02 15:59:37','2018-12-02 15:59:37'),(8,104,119,'direct','Hà Nội - Mộc Sơn La',182,60,0,0,'10:01:27','02:01:50','21:30:32',200,'2018-12-02 16:01:56','2018-12-02 16:01:56'),(9,104,9,'direct','Hà Nội - Bắc Ninh',40,90,0,0,'06:00:00','00:30:00','18:00:00',200,'2018-12-05 13:55:58','2018-12-05 13:55:58'),(10,104,89,'direct','Hà Nội - Tuyên Quang',200,15,0,0,'13:10:00','15:20:29','17:30:13',200,'2018-12-05 15:20:36','2018-12-05 15:20:36'),(11,104,31,'direct','Hà Nội - Lào Cai',402,30,0,0,'02:00:07','02:13:12','11:11:17',200,'2018-12-05 20:12:50','2018-12-07 17:03:14'),(12,104,102,'direct','Hà Nội - Đắk Lăk',1277,13,0,0,'03:28:46','05:00:14','23:28:06',200,'2018-12-07 23:29:24','2018-12-07 23:50:14'),(13,104,1,'direct','Hà Nội - Bắc Cạn',175,150,0,0,'05:19:51','01:00:19','12:20:08',200,'2018-12-08 00:20:45','2018-12-08 00:20:45'),(14,104,13,'direct','Mỹ Đình - Hà Nam',61,210,0,0,'06:20:00','00:20:41','17:20:00',200,'2018-12-08 01:00:07','2018-12-09 01:42:13'),(16,104,4,'direct','Mỹ Đình - Giáp Bát',50,100,0,0,'22:45:17','22:45:20','23:45:18',200,'2018-12-10 22:45:50','2018-12-11 13:42:40'),(17,104,99,'direct','Hà Nội - Yên Bái',23,123,0,0,'06:29:28','00:29:30','23:29:29',200,'2018-12-11 14:29:52','2018-12-11 14:29:52');
/*!40000 ALTER TABLE `routes` ENABLE KEYS */;
UNLOCK TABLES;

--
-- Table structure for table `schedules`
--

DROP TABLE IF EXISTS `schedules`;
/*!40101 SET @saved_cs_client     = @@character_set_client */;
/*!40101 SET character_set_client = utf8 */;
CREATE TABLE `schedules` (
  `id` int(10) unsigned NOT NULL AUTO_INCREMENT,
  `bus_id` int(11) NOT NULL DEFAULT '0',
  `route_id` int(11) NOT NULL DEFAULT '0',
  `direction` int(11) NOT NULL DEFAULT '1',
  `active_date` date DEFAULT NULL,
  `created_at` timestamp NULL DEFAULT NULL,
  `updated_at` timestamp NULL DEFAULT NULL,
  PRIMARY KEY (`id`)
) ENGINE=InnoDB AUTO_INCREMENT=1139 DEFAULT CHARSET=utf8mb4 COLLATE=utf8mb4_unicode_ci;
/*!40101 SET character_set_client = @saved_cs_client */;

--
-- Dumping data for table `schedules`
--

LOCK TABLES `schedules` WRITE;
/*!40000 ALTER TABLE `schedules` DISABLE KEYS */;
INSERT INTO `schedules` VALUES (287,1,3,1,'2018-12-05','2018-12-05 13:59:56','2018-12-05 13:59:56'),(288,1,3,1,'2018-12-06','2018-12-05 13:59:56','2018-12-05 13:59:56'),(289,1,3,1,'2018-12-07','2018-12-05 13:59:56','2018-12-05 13:59:56'),(290,1,3,1,'2018-12-08','2018-12-05 13:59:56','2018-12-05 13:59:56'),(291,1,3,1,'2018-12-09','2018-12-05 13:59:56','2018-12-05 13:59:56'),(292,1,3,1,'2018-12-10','2018-12-05 13:59:56','2018-12-05 13:59:56'),(293,1,3,1,'2018-12-11','2018-12-05 13:59:56','2018-12-05 13:59:56'),(294,1,3,1,'2018-12-12','2018-12-05 13:59:56','2018-12-05 13:59:56'),(295,1,3,1,'2018-12-13','2018-12-05 13:59:56','2018-12-05 13:59:56'),(296,1,3,1,'2018-12-14','2018-12-05 13:59:56','2018-12-05 13:59:56'),(297,1,3,1,'2018-12-15','2018-12-05 13:59:56','2018-12-05 13:59:56'),(298,1,3,1,'2018-12-16','2018-12-05 13:59:56','2018-12-05 13:59:56'),(299,1,3,1,'2018-12-17','2018-12-05 13:59:56','2018-12-05 13:59:56'),(300,1,3,1,'2018-12-18','2018-12-05 13:59:56','2018-12-05 13:59:56'),(301,1,3,1,'2018-12-19','2018-12-05 13:59:56','2018-12-05 13:59:56'),(302,1,3,1,'2018-12-20','2018-12-05 13:59:56','2018-12-05 13:59:56'),(303,1,3,1,'2018-12-21','2018-12-05 13:59:56','2018-12-05 13:59:56'),(304,1,3,1,'2018-12-22','2018-12-05 13:59:56','2018-12-05 13:59:56'),(305,1,3,1,'2018-12-23','2018-12-05 13:59:56','2018-12-05 13:59:56'),(306,1,3,1,'2018-12-24','2018-12-05 13:59:56','2018-12-05 13:59:56'),(307,1,3,1,'2018-12-25','2018-12-05 13:59:56','2018-12-05 13:59:56'),(308,1,3,1,'2018-12-26','2018-12-05 13:59:56','2018-12-05 13:59:56'),(309,1,3,1,'2018-12-27','2018-12-05 13:59:56','2018-12-05 13:59:56'),(310,1,3,1,'2018-12-28','2018-12-05 13:59:56','2018-12-05 13:59:56'),(311,1,3,1,'2018-12-29','2018-12-05 13:59:56','2018-12-05 13:59:56'),(312,1,3,1,'2018-12-30','2018-12-05 13:59:56','2018-12-05 13:59:56'),(313,1,3,1,'2018-12-31','2018-12-05 13:59:56','2018-12-05 13:59:56'),(314,1,3,2,'2018-12-05','2018-12-05 13:59:56','2018-12-05 13:59:56'),(315,1,3,2,'2018-12-06','2018-12-05 13:59:56','2018-12-05 13:59:56'),(316,1,3,2,'2018-12-07','2018-12-05 13:59:56','2018-12-05 13:59:56'),(317,1,3,2,'2018-12-08','2018-12-05 13:59:56','2018-12-05 13:59:56'),(318,1,3,2,'2018-12-09','2018-12-05 13:59:56','2018-12-05 13:59:56'),(319,1,3,2,'2018-12-10','2018-12-05 13:59:56','2018-12-05 13:59:56'),(320,1,3,2,'2018-12-11','2018-12-05 13:59:56','2018-12-05 13:59:56'),(321,1,3,2,'2018-12-12','2018-12-05 13:59:56','2018-12-05 13:59:56'),(322,1,3,2,'2018-12-13','2018-12-05 13:59:56','2018-12-05 13:59:56'),(323,1,3,2,'2018-12-14','2018-12-05 13:59:56','2018-12-05 13:59:56'),(324,1,3,2,'2018-12-15','2018-12-05 13:59:56','2018-12-05 13:59:56'),(325,1,3,2,'2018-12-16','2018-12-05 13:59:56','2018-12-05 13:59:56'),(326,1,3,2,'2018-12-17','2018-12-05 13:59:56','2018-12-05 13:59:56'),(327,1,3,2,'2018-12-18','2018-12-05 13:59:56','2018-12-05 13:59:56'),(328,1,3,2,'2018-12-19','2018-12-05 13:59:56','2018-12-05 13:59:56'),(329,1,3,2,'2018-12-20','2018-12-05 13:59:56','2018-12-05 13:59:56'),(330,1,3,2,'2018-12-21','2018-12-05 13:59:56','2018-12-05 13:59:56'),(331,1,3,2,'2018-12-22','2018-12-05 13:59:56','2018-12-05 13:59:56'),(332,1,3,2,'2018-12-23','2018-12-05 13:59:56','2018-12-05 13:59:56'),(333,1,3,2,'2018-12-24','2018-12-05 13:59:56','2018-12-05 13:59:56'),(334,1,3,2,'2018-12-25','2018-12-05 13:59:56','2018-12-05 13:59:56'),(335,1,3,2,'2018-12-26','2018-12-05 13:59:56','2018-12-05 13:59:56'),(336,1,3,2,'2018-12-27','2018-12-05 13:59:56','2018-12-05 13:59:56'),(337,1,3,2,'2018-12-28','2018-12-05 13:59:56','2018-12-05 13:59:56'),(338,1,3,2,'2018-12-29','2018-12-05 13:59:56','2018-12-05 13:59:56'),(339,1,3,2,'2018-12-30','2018-12-05 13:59:56','2018-12-05 13:59:56'),(340,1,3,2,'2018-12-31','2018-12-05 13:59:56','2018-12-05 13:59:56'),(341,2,2,1,'2018-12-05','2018-12-05 14:02:18','2018-12-05 14:02:18'),(342,2,2,1,'2018-12-07','2018-12-05 14:02:18','2018-12-05 14:02:18'),(343,2,2,1,'2018-12-09','2018-12-05 14:02:18','2018-12-05 14:02:18'),(344,2,2,1,'2018-12-11','2018-12-05 14:02:18','2018-12-05 14:02:18'),(345,2,2,1,'2018-12-13','2018-12-05 14:02:18','2018-12-05 14:02:18'),(346,2,2,1,'2018-12-15','2018-12-05 14:02:18','2018-12-05 14:02:18'),(347,2,2,1,'2018-12-17','2018-12-05 14:02:18','2018-12-05 14:02:18'),(348,2,2,1,'2018-12-19','2018-12-05 14:02:18','2018-12-05 14:02:18'),(349,2,2,1,'2018-12-21','2018-12-05 14:02:18','2018-12-05 14:02:18'),(350,2,2,1,'2018-12-23','2018-12-05 14:02:18','2018-12-05 14:02:18'),(351,2,2,1,'2018-12-25','2018-12-05 14:02:18','2018-12-05 14:02:18'),(352,2,2,1,'2018-12-27','2018-12-05 14:02:18','2018-12-05 14:02:18'),(353,2,2,1,'2018-12-29','2018-12-05 14:02:18','2018-12-05 14:02:18'),(354,2,2,1,'2018-12-31','2018-12-05 14:02:18','2018-12-05 14:02:18'),(355,2,2,2,'2018-12-06','2018-12-05 14:02:18','2018-12-05 14:02:18'),(356,2,2,2,'2018-12-08','2018-12-05 14:02:18','2018-12-05 14:02:18'),(357,2,2,2,'2018-12-10','2018-12-05 14:02:18','2018-12-05 14:02:18'),(358,2,2,2,'2018-12-12','2018-12-05 14:02:18','2018-12-05 14:02:18'),(359,2,2,2,'2018-12-14','2018-12-05 14:02:18','2018-12-05 14:02:18'),(360,2,2,2,'2018-12-16','2018-12-05 14:02:18','2018-12-05 14:02:18'),(361,2,2,2,'2018-12-18','2018-12-05 14:02:18','2018-12-05 14:02:18'),(362,2,2,2,'2018-12-20','2018-12-05 14:02:18','2018-12-05 14:02:18'),(363,2,2,2,'2018-12-22','2018-12-05 14:02:18','2018-12-05 14:02:18'),(364,2,2,2,'2018-12-24','2018-12-05 14:02:18','2018-12-05 14:02:18'),(365,2,2,2,'2018-12-26','2018-12-05 14:02:18','2018-12-05 14:02:18'),(366,2,2,2,'2018-12-28','2018-12-05 14:02:18','2018-12-05 14:02:18'),(367,2,2,2,'2018-12-30','2018-12-05 14:02:18','2018-12-05 14:02:18'),(368,3,3,1,'2018-12-05','2018-12-05 14:06:40','2018-12-05 14:06:40'),(369,3,3,1,'2018-12-06','2018-12-05 14:06:40','2018-12-05 14:06:40'),(370,3,3,1,'2018-12-07','2018-12-05 14:06:40','2018-12-05 14:06:40'),(371,3,3,1,'2018-12-08','2018-12-05 14:06:40','2018-12-05 14:06:40'),(372,3,3,1,'2018-12-09','2018-12-05 14:06:40','2018-12-05 14:06:40'),(373,3,3,1,'2018-12-10','2018-12-05 14:06:40','2018-12-05 14:06:40'),(374,3,3,1,'2018-12-11','2018-12-05 14:06:40','2018-12-05 14:06:40'),(375,3,3,1,'2018-12-12','2018-12-05 14:06:40','2018-12-05 14:06:40'),(376,3,3,1,'2018-12-13','2018-12-05 14:06:40','2018-12-05 14:06:40'),(377,3,3,1,'2018-12-14','2018-12-05 14:06:40','2018-12-05 14:06:40'),(378,3,3,1,'2018-12-15','2018-12-05 14:06:40','2018-12-05 14:06:40'),(379,3,3,1,'2018-12-16','2018-12-05 14:06:40','2018-12-05 14:06:40'),(380,3,3,1,'2018-12-17','2018-12-05 14:06:40','2018-12-05 14:06:40'),(381,3,3,1,'2018-12-18','2018-12-05 14:06:40','2018-12-05 14:06:40'),(382,3,3,1,'2018-12-19','2018-12-05 14:06:40','2018-12-05 14:06:40'),(383,3,3,1,'2018-12-20','2018-12-05 14:06:40','2018-12-05 14:06:40'),(384,3,3,1,'2018-12-21','2018-12-05 14:06:40','2018-12-05 14:06:40'),(385,3,3,1,'2018-12-22','2018-12-05 14:06:40','2018-12-05 14:06:40'),(386,3,3,1,'2018-12-23','2018-12-05 14:06:40','2018-12-05 14:06:40'),(387,3,3,1,'2018-12-24','2018-12-05 14:06:40','2018-12-05 14:06:40'),(388,3,3,1,'2018-12-25','2018-12-05 14:06:40','2018-12-05 14:06:40'),(389,3,3,1,'2018-12-26','2018-12-05 14:06:40','2018-12-05 14:06:40'),(390,3,3,1,'2018-12-27','2018-12-05 14:06:40','2018-12-05 14:06:40'),(391,3,3,1,'2018-12-28','2018-12-05 14:06:40','2018-12-05 14:06:40'),(392,3,3,1,'2018-12-29','2018-12-05 14:06:40','2018-12-05 14:06:40'),(393,3,3,1,'2018-12-30','2018-12-05 14:06:40','2018-12-05 14:06:40'),(394,3,3,1,'2018-12-31','2018-12-05 14:06:40','2018-12-05 14:06:40'),(395,3,3,2,'2018-12-05','2018-12-05 14:06:41','2018-12-05 14:06:41'),(396,3,3,2,'2018-12-06','2018-12-05 14:06:41','2018-12-05 14:06:41'),(397,3,3,2,'2018-12-07','2018-12-05 14:06:41','2018-12-05 14:06:41'),(398,3,3,2,'2018-12-08','2018-12-05 14:06:41','2018-12-05 14:06:41'),(399,3,3,2,'2018-12-09','2018-12-05 14:06:41','2018-12-05 14:06:41'),(400,3,3,2,'2018-12-10','2018-12-05 14:06:41','2018-12-05 14:06:41'),(401,3,3,2,'2018-12-11','2018-12-05 14:06:41','2018-12-05 14:06:41'),(402,3,3,2,'2018-12-12','2018-12-05 14:06:41','2018-12-05 14:06:41'),(403,3,3,2,'2018-12-13','2018-12-05 14:06:41','2018-12-05 14:06:41'),(404,3,3,2,'2018-12-14','2018-12-05 14:06:41','2018-12-05 14:06:41'),(405,3,3,2,'2018-12-15','2018-12-05 14:06:41','2018-12-05 14:06:41'),(406,3,3,2,'2018-12-16','2018-12-05 14:06:41','2018-12-05 14:06:41'),(407,3,3,2,'2018-12-17','2018-12-05 14:06:41','2018-12-05 14:06:41'),(408,3,3,2,'2018-12-18','2018-12-05 14:06:41','2018-12-05 14:06:41'),(409,3,3,2,'2018-12-19','2018-12-05 14:06:41','2018-12-05 14:06:41'),(410,3,3,2,'2018-12-20','2018-12-05 14:06:41','2018-12-05 14:06:41'),(411,3,3,2,'2018-12-21','2018-12-05 14:06:41','2018-12-05 14:06:41'),(412,3,3,2,'2018-12-22','2018-12-05 14:06:41','2018-12-05 14:06:41'),(413,3,3,2,'2018-12-23','2018-12-05 14:06:41','2018-12-05 14:06:41'),(414,3,3,2,'2018-12-24','2018-12-05 14:06:41','2018-12-05 14:06:41'),(415,3,3,2,'2018-12-25','2018-12-05 14:06:41','2018-12-05 14:06:41'),(416,3,3,2,'2018-12-26','2018-12-05 14:06:41','2018-12-05 14:06:41'),(417,3,3,2,'2018-12-27','2018-12-05 14:06:41','2018-12-05 14:06:41'),(418,3,3,2,'2018-12-28','2018-12-05 14:06:41','2018-12-05 14:06:41'),(419,3,3,2,'2018-12-29','2018-12-05 14:06:41','2018-12-05 14:06:41'),(420,3,3,2,'2018-12-30','2018-12-05 14:06:41','2018-12-05 14:06:41'),(421,3,3,2,'2018-12-31','2018-12-05 14:06:41','2018-12-05 14:06:41'),(422,4,4,1,'2018-12-05','2018-12-05 14:08:31','2018-12-05 14:08:31'),(423,4,4,2,'2018-12-07','2018-12-05 14:08:31','2018-12-05 14:08:31'),(424,4,4,1,'2018-12-09','2018-12-05 14:08:43','2018-12-05 14:08:43'),(425,4,4,1,'2018-12-13','2018-12-05 14:08:43','2018-12-05 14:08:43'),(426,4,4,1,'2018-12-17','2018-12-05 14:08:43','2018-12-05 14:08:43'),(427,4,4,1,'2018-12-21','2018-12-05 14:08:43','2018-12-05 14:08:43'),(428,4,4,1,'2018-12-25','2018-12-05 14:08:43','2018-12-05 14:08:43'),(429,4,4,1,'2018-12-29','2018-12-05 14:08:43','2018-12-05 14:08:43'),(430,4,4,2,'2018-12-11','2018-12-05 14:08:43','2018-12-05 14:08:43'),(431,4,4,2,'2018-12-15','2018-12-05 14:08:43','2018-12-05 14:08:43'),(432,4,4,2,'2018-12-19','2018-12-05 14:08:43','2018-12-05 14:08:43'),(433,4,4,2,'2018-12-23','2018-12-05 14:08:43','2018-12-05 14:08:43'),(434,4,4,2,'2018-12-27','2018-12-05 14:08:43','2018-12-05 14:08:43'),(435,5,4,1,'2018-12-05','2018-12-05 14:09:49','2018-12-05 14:09:49'),(436,5,4,1,'2018-12-07','2018-12-05 14:09:49','2018-12-05 14:09:49'),(437,5,4,1,'2018-12-09','2018-12-05 14:09:49','2018-12-05 14:09:49'),(438,5,4,1,'2018-12-11','2018-12-05 14:09:49','2018-12-05 14:09:49'),(439,5,4,1,'2018-12-13','2018-12-05 14:09:49','2018-12-05 14:09:49'),(440,5,4,1,'2018-12-15','2018-12-05 14:09:49','2018-12-05 14:09:49'),(441,5,4,1,'2018-12-17','2018-12-05 14:09:49','2018-12-05 14:09:49'),(442,5,4,1,'2018-12-19','2018-12-05 14:09:49','2018-12-05 14:09:49'),(443,5,4,1,'2018-12-21','2018-12-05 14:09:49','2018-12-05 14:09:49'),(444,5,4,1,'2018-12-23','2018-12-05 14:09:49','2018-12-05 14:09:49'),(445,5,4,1,'2018-12-25','2018-12-05 14:09:49','2018-12-05 14:09:49'),(446,5,4,1,'2018-12-27','2018-12-05 14:09:49','2018-12-05 14:09:49'),(447,5,4,1,'2018-12-29','2018-12-05 14:09:49','2018-12-05 14:09:49'),(448,5,4,1,'2018-12-31','2018-12-05 14:09:49','2018-12-05 14:09:49'),(449,5,4,2,'2018-12-06','2018-12-05 14:09:49','2018-12-05 14:09:49'),(450,5,4,2,'2018-12-08','2018-12-05 14:09:49','2018-12-05 14:09:49'),(451,5,4,2,'2018-12-10','2018-12-05 14:09:49','2018-12-05 14:09:49'),(452,5,4,2,'2018-12-12','2018-12-05 14:09:49','2018-12-05 14:09:49'),(453,5,4,2,'2018-12-14','2018-12-05 14:09:49','2018-12-05 14:09:49'),(454,5,4,2,'2018-12-16','2018-12-05 14:09:49','2018-12-05 14:09:49'),(455,5,4,2,'2018-12-18','2018-12-05 14:09:49','2018-12-05 14:09:49'),(456,5,4,2,'2018-12-20','2018-12-05 14:09:49','2018-12-05 14:09:49'),(457,5,4,2,'2018-12-22','2018-12-05 14:09:49','2018-12-05 14:09:49'),(458,5,4,2,'2018-12-24','2018-12-05 14:09:49','2018-12-05 14:09:49'),(459,5,4,2,'2018-12-26','2018-12-05 14:09:49','2018-12-05 14:09:49'),(460,5,4,2,'2018-12-28','2018-12-05 14:09:49','2018-12-05 14:09:49'),(461,5,4,2,'2018-12-30','2018-12-05 14:09:49','2018-12-05 14:09:49'),(462,6,4,1,'2018-12-05','2018-12-05 14:10:59','2018-12-05 14:10:59'),(463,6,4,1,'2018-12-06','2018-12-05 14:10:59','2018-12-05 14:10:59'),(464,6,4,1,'2018-12-07','2018-12-05 14:10:59','2018-12-05 14:10:59'),(465,6,4,1,'2018-12-08','2018-12-05 14:10:59','2018-12-05 14:10:59'),(466,6,4,1,'2018-12-09','2018-12-05 14:10:59','2018-12-05 14:10:59'),(467,6,4,1,'2018-12-10','2018-12-05 14:10:59','2018-12-05 14:10:59'),(468,6,4,1,'2018-12-11','2018-12-05 14:10:59','2018-12-05 14:10:59'),(469,6,4,1,'2018-12-12','2018-12-05 14:10:59','2018-12-05 14:10:59'),(470,6,4,1,'2018-12-13','2018-12-05 14:10:59','2018-12-05 14:10:59'),(471,6,4,1,'2018-12-14','2018-12-05 14:10:59','2018-12-05 14:10:59'),(472,6,4,1,'2018-12-15','2018-12-05 14:10:59','2018-12-05 14:10:59'),(473,6,4,1,'2018-12-16','2018-12-05 14:10:59','2018-12-05 14:10:59'),(474,6,4,1,'2018-12-17','2018-12-05 14:10:59','2018-12-05 14:10:59'),(475,6,4,1,'2018-12-18','2018-12-05 14:10:59','2018-12-05 14:10:59'),(476,6,4,1,'2018-12-19','2018-12-05 14:10:59','2018-12-05 14:10:59'),(477,6,4,1,'2018-12-20','2018-12-05 14:10:59','2018-12-05 14:10:59'),(478,6,4,1,'2018-12-21','2018-12-05 14:10:59','2018-12-05 14:10:59'),(479,6,4,1,'2018-12-22','2018-12-05 14:10:59','2018-12-05 14:10:59'),(480,6,4,1,'2018-12-23','2018-12-05 14:10:59','2018-12-05 14:10:59'),(481,6,4,1,'2018-12-24','2018-12-05 14:10:59','2018-12-05 14:10:59'),(482,6,4,1,'2018-12-25','2018-12-05 14:10:59','2018-12-05 14:10:59'),(483,6,4,1,'2018-12-26','2018-12-05 14:10:59','2018-12-05 14:10:59'),(484,6,4,1,'2018-12-27','2018-12-05 14:10:59','2018-12-05 14:10:59'),(485,6,4,1,'2018-12-28','2018-12-05 14:10:59','2018-12-05 14:10:59'),(486,6,4,1,'2018-12-29','2018-12-05 14:10:59','2018-12-05 14:10:59'),(487,6,4,1,'2018-12-30','2018-12-05 14:10:59','2018-12-05 14:10:59'),(488,6,4,1,'2018-12-31','2018-12-05 14:10:59','2018-12-05 14:10:59'),(489,6,4,2,'2018-12-05','2018-12-05 14:10:59','2018-12-05 14:10:59'),(490,6,4,2,'2018-12-06','2018-12-05 14:10:59','2018-12-05 14:10:59'),(491,6,4,2,'2018-12-07','2018-12-05 14:10:59','2018-12-05 14:10:59'),(492,6,4,2,'2018-12-08','2018-12-05 14:10:59','2018-12-05 14:10:59'),(493,6,4,2,'2018-12-09','2018-12-05 14:10:59','2018-12-05 14:10:59'),(494,6,4,2,'2018-12-10','2018-12-05 14:10:59','2018-12-05 14:10:59'),(495,6,4,2,'2018-12-11','2018-12-05 14:10:59','2018-12-05 14:10:59'),(496,6,4,2,'2018-12-12','2018-12-05 14:10:59','2018-12-05 14:10:59'),(497,6,4,2,'2018-12-13','2018-12-05 14:10:59','2018-12-05 14:10:59'),(498,6,4,2,'2018-12-14','2018-12-05 14:10:59','2018-12-05 14:10:59'),(499,6,4,2,'2018-12-15','2018-12-05 14:10:59','2018-12-05 14:10:59'),(500,6,4,2,'2018-12-16','2018-12-05 14:10:59','2018-12-05 14:10:59'),(501,6,4,2,'2018-12-17','2018-12-05 14:10:59','2018-12-05 14:10:59'),(502,6,4,2,'2018-12-18','2018-12-05 14:10:59','2018-12-05 14:10:59'),(503,6,4,2,'2018-12-19','2018-12-05 14:10:59','2018-12-05 14:10:59'),(504,6,4,2,'2018-12-20','2018-12-05 14:10:59','2018-12-05 14:10:59'),(505,6,4,2,'2018-12-21','2018-12-05 14:10:59','2018-12-05 14:10:59'),(506,6,4,2,'2018-12-22','2018-12-05 14:10:59','2018-12-05 14:10:59'),(507,6,4,2,'2018-12-23','2018-12-05 14:10:59','2018-12-05 14:10:59'),(508,6,4,2,'2018-12-24','2018-12-05 14:10:59','2018-12-05 14:10:59'),(509,6,4,2,'2018-12-25','2018-12-05 14:10:59','2018-12-05 14:10:59'),(510,6,4,2,'2018-12-26','2018-12-05 14:10:59','2018-12-05 14:10:59'),(511,6,4,2,'2018-12-27','2018-12-05 14:10:59','2018-12-05 14:10:59'),(512,6,4,2,'2018-12-28','2018-12-05 14:10:59','2018-12-05 14:10:59'),(513,6,4,2,'2018-12-29','2018-12-05 14:10:59','2018-12-05 14:10:59'),(514,6,4,2,'2018-12-30','2018-12-05 14:10:59','2018-12-05 14:10:59'),(515,6,4,2,'2018-12-31','2018-12-05 14:10:59','2018-12-05 14:10:59'),(516,7,3,1,'2018-12-05','2018-12-05 14:12:05','2018-12-05 14:12:05'),(517,7,3,1,'2018-12-06','2018-12-05 14:12:05','2018-12-05 14:12:05'),(518,7,3,1,'2018-12-07','2018-12-05 14:12:05','2018-12-05 14:12:05'),(519,7,3,1,'2018-12-08','2018-12-05 14:12:05','2018-12-05 14:12:05'),(520,7,3,1,'2018-12-09','2018-12-05 14:12:05','2018-12-05 14:12:05'),(521,7,3,1,'2018-12-10','2018-12-05 14:12:05','2018-12-05 14:12:05'),(522,7,3,1,'2018-12-11','2018-12-05 14:12:05','2018-12-05 14:12:05'),(523,7,3,1,'2018-12-12','2018-12-05 14:12:05','2018-12-05 14:12:05'),(524,7,3,1,'2018-12-13','2018-12-05 14:12:05','2018-12-05 14:12:05'),(525,7,3,1,'2018-12-14','2018-12-05 14:12:05','2018-12-05 14:12:05'),(526,7,3,1,'2018-12-15','2018-12-05 14:12:05','2018-12-05 14:12:05'),(527,7,3,1,'2018-12-16','2018-12-05 14:12:05','2018-12-05 14:12:05'),(528,7,3,1,'2018-12-17','2018-12-05 14:12:05','2018-12-05 14:12:05'),(529,7,3,1,'2018-12-18','2018-12-05 14:12:05','2018-12-05 14:12:05'),(530,7,3,1,'2018-12-19','2018-12-05 14:12:05','2018-12-05 14:12:05'),(531,7,3,1,'2018-12-20','2018-12-05 14:12:05','2018-12-05 14:12:05'),(532,7,3,1,'2018-12-21','2018-12-05 14:12:05','2018-12-05 14:12:05'),(533,7,3,1,'2018-12-22','2018-12-05 14:12:05','2018-12-05 14:12:05'),(534,7,3,1,'2018-12-23','2018-12-05 14:12:05','2018-12-05 14:12:05'),(535,7,3,1,'2018-12-24','2018-12-05 14:12:05','2018-12-05 14:12:05'),(536,7,3,1,'2018-12-25','2018-12-05 14:12:05','2018-12-05 14:12:05'),(537,7,3,1,'2018-12-26','2018-12-05 14:12:05','2018-12-05 14:12:05'),(538,7,3,1,'2018-12-27','2018-12-05 14:12:05','2018-12-05 14:12:05'),(539,7,3,1,'2018-12-28','2018-12-05 14:12:05','2018-12-05 14:12:05'),(540,7,3,2,'2018-12-05','2018-12-05 14:12:05','2018-12-05 14:12:05'),(541,7,3,2,'2018-12-06','2018-12-05 14:12:05','2018-12-05 14:12:05'),(542,7,3,2,'2018-12-07','2018-12-05 14:12:05','2018-12-05 14:12:05'),(543,7,3,2,'2018-12-08','2018-12-05 14:12:05','2018-12-05 14:12:05'),(544,7,3,2,'2018-12-09','2018-12-05 14:12:05','2018-12-05 14:12:05'),(545,7,3,2,'2018-12-10','2018-12-05 14:12:05','2018-12-05 14:12:05'),(546,7,3,2,'2018-12-11','2018-12-05 14:12:05','2018-12-05 14:12:05'),(547,7,3,2,'2018-12-12','2018-12-05 14:12:05','2018-12-05 14:12:05'),(548,7,3,2,'2018-12-13','2018-12-05 14:12:05','2018-12-05 14:12:05'),(549,7,3,2,'2018-12-14','2018-12-05 14:12:05','2018-12-05 14:12:05'),(550,7,3,2,'2018-12-15','2018-12-05 14:12:05','2018-12-05 14:12:05'),(551,7,3,2,'2018-12-16','2018-12-05 14:12:05','2018-12-05 14:12:05'),(552,7,3,2,'2018-12-17','2018-12-05 14:12:05','2018-12-05 14:12:05'),(553,7,3,2,'2018-12-18','2018-12-05 14:12:05','2018-12-05 14:12:05'),(554,7,3,2,'2018-12-19','2018-12-05 14:12:05','2018-12-05 14:12:05'),(555,7,3,2,'2018-12-20','2018-12-05 14:12:05','2018-12-05 14:12:05'),(556,7,3,2,'2018-12-21','2018-12-05 14:12:05','2018-12-05 14:12:05'),(557,7,3,2,'2018-12-22','2018-12-05 14:12:05','2018-12-05 14:12:05'),(558,7,3,2,'2018-12-23','2018-12-05 14:12:05','2018-12-05 14:12:05'),(559,7,3,2,'2018-12-24','2018-12-05 14:12:05','2018-12-05 14:12:05'),(560,7,3,2,'2018-12-25','2018-12-05 14:12:05','2018-12-05 14:12:05'),(561,7,3,2,'2018-12-26','2018-12-05 14:12:05','2018-12-05 14:12:05'),(562,7,3,2,'2018-12-27','2018-12-05 14:12:05','2018-12-05 14:12:05'),(563,7,3,2,'2018-12-28','2018-12-05 14:12:05','2018-12-05 14:12:05'),(564,8,9,1,'2018-12-05','2018-12-05 14:13:36','2018-12-05 14:13:36'),(565,8,9,1,'2018-12-06','2018-12-05 14:13:36','2018-12-05 14:13:36'),(566,8,9,1,'2018-12-07','2018-12-05 14:13:36','2018-12-05 14:13:36'),(567,8,9,1,'2018-12-08','2018-12-05 14:13:36','2018-12-05 14:13:36'),(568,8,9,1,'2018-12-09','2018-12-05 14:13:36','2018-12-05 14:13:36'),(569,8,9,1,'2018-12-10','2018-12-05 14:13:36','2018-12-05 14:13:36'),(570,8,9,1,'2018-12-11','2018-12-05 14:13:36','2018-12-05 14:13:36'),(571,8,9,1,'2018-12-12','2018-12-05 14:13:36','2018-12-05 14:13:36'),(572,8,9,1,'2018-12-13','2018-12-05 14:13:36','2018-12-05 14:13:36'),(573,8,9,1,'2018-12-14','2018-12-05 14:13:36','2018-12-05 14:13:36'),(574,8,9,1,'2018-12-15','2018-12-05 14:13:36','2018-12-05 14:13:36'),(575,8,9,1,'2018-12-16','2018-12-05 14:13:36','2018-12-05 14:13:36'),(576,8,9,1,'2018-12-17','2018-12-05 14:13:36','2018-12-05 14:13:36'),(577,8,9,1,'2018-12-18','2018-12-05 14:13:36','2018-12-05 14:13:36'),(578,8,9,1,'2018-12-19','2018-12-05 14:13:36','2018-12-05 14:13:36'),(579,8,9,1,'2018-12-20','2018-12-05 14:13:36','2018-12-05 14:13:36'),(580,8,9,1,'2018-12-21','2018-12-05 14:13:36','2018-12-05 14:13:36'),(581,8,9,1,'2018-12-22','2018-12-05 14:13:36','2018-12-05 14:13:36'),(582,8,9,1,'2018-12-23','2018-12-05 14:13:36','2018-12-05 14:13:36'),(583,8,9,1,'2018-12-24','2018-12-05 14:13:36','2018-12-05 14:13:36'),(584,8,9,1,'2018-12-25','2018-12-05 14:13:36','2018-12-05 14:13:36'),(585,8,9,1,'2018-12-26','2018-12-05 14:13:36','2018-12-05 14:13:36'),(586,8,9,1,'2018-12-27','2018-12-05 14:13:36','2018-12-05 14:13:36'),(587,8,9,1,'2018-12-28','2018-12-05 14:13:36','2018-12-05 14:13:36'),(588,8,9,1,'2018-12-29','2018-12-05 14:13:36','2018-12-05 14:13:36'),(589,8,9,1,'2018-12-30','2018-12-05 14:13:36','2018-12-05 14:13:36'),(590,8,9,1,'2018-12-31','2018-12-05 14:13:36','2018-12-05 14:13:36'),(591,8,9,2,'2018-12-05','2018-12-05 14:13:36','2018-12-05 14:13:36'),(592,8,9,2,'2018-12-06','2018-12-05 14:13:36','2018-12-05 14:13:36'),(593,8,9,2,'2018-12-07','2018-12-05 14:13:36','2018-12-05 14:13:36'),(594,8,9,2,'2018-12-08','2018-12-05 14:13:36','2018-12-05 14:13:36'),(595,8,9,2,'2018-12-09','2018-12-05 14:13:36','2018-12-05 14:13:36'),(596,8,9,2,'2018-12-10','2018-12-05 14:13:36','2018-12-05 14:13:36'),(597,8,9,2,'2018-12-11','2018-12-05 14:13:36','2018-12-05 14:13:36'),(598,8,9,2,'2018-12-12','2018-12-05 14:13:36','2018-12-05 14:13:36'),(599,8,9,2,'2018-12-13','2018-12-05 14:13:36','2018-12-05 14:13:36'),(600,8,9,2,'2018-12-14','2018-12-05 14:13:36','2018-12-05 14:13:36'),(601,8,9,2,'2018-12-15','2018-12-05 14:13:36','2018-12-05 14:13:36'),(602,8,9,2,'2018-12-16','2018-12-05 14:13:36','2018-12-05 14:13:36'),(603,8,9,2,'2018-12-17','2018-12-05 14:13:36','2018-12-05 14:13:36'),(604,8,9,2,'2018-12-18','2018-12-05 14:13:36','2018-12-05 14:13:36'),(605,8,9,2,'2018-12-19','2018-12-05 14:13:36','2018-12-05 14:13:36'),(606,8,9,2,'2018-12-20','2018-12-05 14:13:36','2018-12-05 14:13:36'),(607,8,9,2,'2018-12-21','2018-12-05 14:13:36','2018-12-05 14:13:36'),(608,8,9,2,'2018-12-22','2018-12-05 14:13:36','2018-12-05 14:13:36'),(609,8,9,2,'2018-12-23','2018-12-05 14:13:36','2018-12-05 14:13:36'),(610,8,9,2,'2018-12-24','2018-12-05 14:13:36','2018-12-05 14:13:36'),(611,8,9,2,'2018-12-25','2018-12-05 14:13:36','2018-12-05 14:13:36'),(612,8,9,2,'2018-12-26','2018-12-05 14:13:36','2018-12-05 14:13:36'),(613,8,9,2,'2018-12-27','2018-12-05 14:13:36','2018-12-05 14:13:36'),(614,8,9,2,'2018-12-28','2018-12-05 14:13:36','2018-12-05 14:13:36'),(615,8,9,2,'2018-12-29','2018-12-05 14:13:36','2018-12-05 14:13:36'),(616,8,9,2,'2018-12-30','2018-12-05 14:13:36','2018-12-05 14:13:36'),(617,8,9,2,'2018-12-31','2018-12-05 14:13:36','2018-12-05 14:13:36'),(618,9,1,1,'2018-12-05','2018-12-05 14:27:12','2018-12-05 14:27:12'),(619,9,1,1,'2018-12-06','2018-12-05 14:27:12','2018-12-05 14:27:12'),(620,9,1,1,'2018-12-07','2018-12-05 14:27:12','2018-12-05 14:27:12'),(621,9,1,1,'2018-12-08','2018-12-05 14:27:12','2018-12-05 14:27:12'),(622,9,1,1,'2018-12-09','2018-12-05 14:27:12','2018-12-05 14:27:12'),(623,9,1,1,'2018-12-10','2018-12-05 14:27:12','2018-12-05 14:27:12'),(624,9,1,1,'2018-12-11','2018-12-05 14:27:12','2018-12-05 14:27:12'),(625,9,1,1,'2018-12-12','2018-12-05 14:27:12','2018-12-05 14:27:12'),(626,9,1,1,'2018-12-13','2018-12-05 14:27:12','2018-12-05 14:27:12'),(627,9,1,1,'2018-12-14','2018-12-05 14:27:12','2018-12-05 14:27:12'),(628,9,1,1,'2018-12-15','2018-12-05 14:27:12','2018-12-05 14:27:12'),(629,9,1,1,'2018-12-16','2018-12-05 14:27:12','2018-12-05 14:27:12'),(630,9,1,1,'2018-12-17','2018-12-05 14:27:12','2018-12-05 14:27:12'),(631,9,1,1,'2018-12-18','2018-12-05 14:27:12','2018-12-05 14:27:12'),(632,9,1,1,'2018-12-19','2018-12-05 14:27:12','2018-12-05 14:27:12'),(633,9,1,1,'2018-12-20','2018-12-05 14:27:12','2018-12-05 14:27:12'),(634,9,1,1,'2018-12-21','2018-12-05 14:27:12','2018-12-05 14:27:12'),(635,9,1,1,'2018-12-22','2018-12-05 14:27:12','2018-12-05 14:27:12'),(636,9,1,1,'2018-12-23','2018-12-05 14:27:12','2018-12-05 14:27:12'),(637,9,1,1,'2018-12-24','2018-12-05 14:27:12','2018-12-05 14:27:12'),(638,9,1,1,'2018-12-25','2018-12-05 14:27:12','2018-12-05 14:27:12'),(639,9,1,1,'2018-12-26','2018-12-05 14:27:12','2018-12-05 14:27:12'),(640,9,1,1,'2018-12-27','2018-12-05 14:27:12','2018-12-05 14:27:12'),(641,9,1,1,'2018-12-28','2018-12-05 14:27:12','2018-12-05 14:27:12'),(642,9,1,1,'2018-12-29','2018-12-05 14:27:12','2018-12-05 14:27:12'),(643,9,1,1,'2018-12-30','2018-12-05 14:27:12','2018-12-05 14:27:12'),(644,9,1,1,'2018-12-31','2018-12-05 14:27:12','2018-12-05 14:27:12'),(645,9,1,2,'2018-12-05','2018-12-05 14:27:12','2018-12-05 14:27:12'),(646,9,1,2,'2018-12-06','2018-12-05 14:27:12','2018-12-05 14:27:12'),(647,9,1,2,'2018-12-07','2018-12-05 14:27:12','2018-12-05 14:27:12'),(648,9,1,2,'2018-12-08','2018-12-05 14:27:12','2018-12-05 14:27:12'),(649,9,1,2,'2018-12-09','2018-12-05 14:27:12','2018-12-05 14:27:12'),(650,9,1,2,'2018-12-10','2018-12-05 14:27:12','2018-12-05 14:27:12'),(651,9,1,2,'2018-12-11','2018-12-05 14:27:12','2018-12-05 14:27:12'),(652,9,1,2,'2018-12-12','2018-12-05 14:27:12','2018-12-05 14:27:12'),(653,9,1,2,'2018-12-13','2018-12-05 14:27:12','2018-12-05 14:27:12'),(654,9,1,2,'2018-12-14','2018-12-05 14:27:12','2018-12-05 14:27:12'),(655,9,1,2,'2018-12-15','2018-12-05 14:27:12','2018-12-05 14:27:12'),(656,9,1,2,'2018-12-16','2018-12-05 14:27:12','2018-12-05 14:27:12'),(657,9,1,2,'2018-12-17','2018-12-05 14:27:12','2018-12-05 14:27:12'),(658,9,1,2,'2018-12-18','2018-12-05 14:27:12','2018-12-05 14:27:12'),(659,9,1,2,'2018-12-19','2018-12-05 14:27:12','2018-12-05 14:27:12'),(660,9,1,2,'2018-12-20','2018-12-05 14:27:12','2018-12-05 14:27:12'),(661,9,1,2,'2018-12-21','2018-12-05 14:27:12','2018-12-05 14:27:12'),(662,9,1,2,'2018-12-22','2018-12-05 14:27:12','2018-12-05 14:27:12'),(663,9,1,2,'2018-12-23','2018-12-05 14:27:12','2018-12-05 14:27:12'),(664,9,1,2,'2018-12-24','2018-12-05 14:27:12','2018-12-05 14:27:12'),(665,9,1,2,'2018-12-25','2018-12-05 14:27:12','2018-12-05 14:27:12'),(666,9,1,2,'2018-12-26','2018-12-05 14:27:12','2018-12-05 14:27:12'),(667,9,1,2,'2018-12-27','2018-12-05 14:27:12','2018-12-05 14:27:12'),(668,9,1,2,'2018-12-28','2018-12-05 14:27:12','2018-12-05 14:27:12'),(669,9,1,2,'2018-12-29','2018-12-05 14:27:12','2018-12-05 14:27:12'),(670,9,1,2,'2018-12-30','2018-12-05 14:27:12','2018-12-05 14:27:12'),(671,9,1,2,'2018-12-31','2018-12-05 14:27:12','2018-12-05 14:27:12'),(672,10,10,1,'2018-12-05','2018-12-05 15:26:28','2018-12-05 15:26:28'),(673,10,10,1,'2018-12-06','2018-12-05 15:26:28','2018-12-05 15:26:28'),(674,10,10,1,'2018-12-07','2018-12-05 15:26:28','2018-12-05 15:26:28'),(675,10,10,1,'2018-12-08','2018-12-05 15:26:28','2018-12-05 15:26:28'),(676,10,10,1,'2018-12-09','2018-12-05 15:26:28','2018-12-05 15:26:28'),(677,10,10,1,'2018-12-10','2018-12-05 15:26:28','2018-12-05 15:26:28'),(678,10,10,1,'2018-12-11','2018-12-05 15:26:28','2018-12-05 15:26:28'),(679,10,10,1,'2018-12-12','2018-12-05 15:26:28','2018-12-05 15:26:28'),(680,10,10,1,'2018-12-13','2018-12-05 15:26:28','2018-12-05 15:26:28'),(681,10,10,1,'2018-12-14','2018-12-05 15:26:28','2018-12-05 15:26:28'),(682,10,10,1,'2018-12-15','2018-12-05 15:26:28','2018-12-05 15:26:28'),(683,10,10,1,'2018-12-16','2018-12-05 15:26:28','2018-12-05 15:26:28'),(684,10,10,1,'2018-12-17','2018-12-05 15:26:28','2018-12-05 15:26:28'),(685,10,10,1,'2018-12-18','2018-12-05 15:26:28','2018-12-05 15:26:28'),(686,10,10,1,'2018-12-19','2018-12-05 15:26:28','2018-12-05 15:26:28'),(687,10,10,1,'2018-12-20','2018-12-05 15:26:28','2018-12-05 15:26:28'),(688,10,10,1,'2018-12-21','2018-12-05 15:26:28','2018-12-05 15:26:28'),(689,10,10,1,'2018-12-22','2018-12-05 15:26:28','2018-12-05 15:26:28'),(690,10,10,1,'2018-12-23','2018-12-05 15:26:28','2018-12-05 15:26:28'),(691,10,10,1,'2018-12-24','2018-12-05 15:26:28','2018-12-05 15:26:28'),(692,10,10,1,'2018-12-25','2018-12-05 15:26:28','2018-12-05 15:26:28'),(693,10,10,1,'2018-12-26','2018-12-05 15:26:28','2018-12-05 15:26:28'),(694,10,10,1,'2018-12-27','2018-12-05 15:26:28','2018-12-05 15:26:28'),(695,10,10,1,'2018-12-28','2018-12-05 15:26:28','2018-12-05 15:26:28'),(696,10,10,1,'2018-12-29','2018-12-05 15:26:28','2018-12-05 15:26:28'),(697,10,10,1,'2018-12-30','2018-12-05 15:26:28','2018-12-05 15:26:28'),(698,10,10,1,'2018-12-31','2018-12-05 15:26:28','2018-12-05 15:26:28'),(699,10,10,2,'2018-12-05','2018-12-05 15:26:28','2018-12-05 15:26:28'),(700,10,10,2,'2018-12-06','2018-12-05 15:26:28','2018-12-05 15:26:28'),(701,10,10,2,'2018-12-07','2018-12-05 15:26:28','2018-12-05 15:26:28'),(702,10,10,2,'2018-12-08','2018-12-05 15:26:28','2018-12-05 15:26:28'),(703,10,10,2,'2018-12-09','2018-12-05 15:26:28','2018-12-05 15:26:28'),(704,10,10,2,'2018-12-10','2018-12-05 15:26:28','2018-12-05 15:26:28'),(705,10,10,2,'2018-12-11','2018-12-05 15:26:28','2018-12-05 15:26:28'),(706,10,10,2,'2018-12-12','2018-12-05 15:26:28','2018-12-05 15:26:28'),(707,10,10,2,'2018-12-13','2018-12-05 15:26:28','2018-12-05 15:26:28'),(708,10,10,2,'2018-12-14','2018-12-05 15:26:28','2018-12-05 15:26:28'),(709,10,10,2,'2018-12-15','2018-12-05 15:26:28','2018-12-05 15:26:28'),(710,10,10,2,'2018-12-16','2018-12-05 15:26:28','2018-12-05 15:26:28'),(711,10,10,2,'2018-12-17','2018-12-05 15:26:28','2018-12-05 15:26:28'),(712,10,10,2,'2018-12-18','2018-12-05 15:26:28','2018-12-05 15:26:28'),(713,10,10,2,'2018-12-19','2018-12-05 15:26:28','2018-12-05 15:26:28'),(714,10,10,2,'2018-12-20','2018-12-05 15:26:28','2018-12-05 15:26:28'),(715,10,10,2,'2018-12-21','2018-12-05 15:26:28','2018-12-05 15:26:28'),(716,10,10,2,'2018-12-22','2018-12-05 15:26:28','2018-12-05 15:26:28'),(717,10,10,2,'2018-12-23','2018-12-05 15:26:28','2018-12-05 15:26:28'),(718,10,10,2,'2018-12-24','2018-12-05 15:26:28','2018-12-05 15:26:28'),(719,10,10,2,'2018-12-25','2018-12-05 15:26:28','2018-12-05 15:26:28'),(720,10,10,2,'2018-12-26','2018-12-05 15:26:28','2018-12-05 15:26:28'),(721,10,10,2,'2018-12-27','2018-12-05 15:26:28','2018-12-05 15:26:28'),(722,10,10,2,'2018-12-28','2018-12-05 15:26:28','2018-12-05 15:26:28'),(723,10,10,2,'2018-12-29','2018-12-05 15:26:28','2018-12-05 15:26:28'),(724,10,10,2,'2018-12-30','2018-12-05 15:26:28','2018-12-05 15:26:28'),(725,10,10,2,'2018-12-31','2018-12-05 15:26:28','2018-12-05 15:26:28'),(727,11,12,1,'2018-12-15','2018-12-07 23:37:05','2018-12-07 23:37:05'),(731,11,12,1,'2018-12-19','2018-12-07 23:37:05','2018-12-07 23:37:05'),(735,11,12,1,'2018-12-23','2018-12-07 23:37:05','2018-12-07 23:37:05'),(739,11,12,1,'2018-12-27','2018-12-07 23:37:05','2018-12-07 23:37:05'),(743,11,12,1,'2018-12-31','2018-12-07 23:37:05','2018-12-07 23:37:05'),(747,11,12,2,'2018-12-17','2018-12-07 23:37:05','2018-12-07 23:37:05'),(751,11,12,2,'2018-12-21','2018-12-07 23:37:05','2018-12-07 23:37:05'),(755,11,12,2,'2018-12-25','2018-12-07 23:37:05','2018-12-07 23:37:05'),(759,11,12,2,'2018-12-29','2018-12-07 23:37:05','2018-12-07 23:37:05'),(763,12,12,1,'2018-12-15','2018-12-07 23:54:36','2018-12-07 23:54:36'),(767,12,12,1,'2018-12-19','2018-12-07 23:54:36','2018-12-07 23:54:36'),(771,12,12,1,'2018-12-23','2018-12-07 23:54:36','2018-12-07 23:54:36'),(775,12,12,1,'2018-12-27','2018-12-07 23:54:36','2018-12-07 23:54:36'),(779,12,12,1,'2018-12-31','2018-12-07 23:54:36','2018-12-07 23:54:36'),(783,12,12,2,'2018-12-17','2018-12-07 23:54:36','2018-12-07 23:54:36'),(787,12,12,2,'2018-12-21','2018-12-07 23:54:36','2018-12-07 23:54:36'),(791,12,12,2,'2018-12-25','2018-12-07 23:54:36','2018-12-07 23:54:36'),(795,12,12,2,'2018-12-29','2018-12-07 23:54:36','2018-12-07 23:54:36'),(799,13,12,2,'2018-12-16','2018-12-08 00:04:40','2018-12-08 00:04:40'),(803,13,12,2,'2018-12-20','2018-12-08 00:04:40','2018-12-08 00:04:40'),(807,13,12,2,'2018-12-24','2018-12-08 00:04:40','2018-12-08 00:04:40'),(811,13,12,2,'2018-12-28','2018-12-08 00:04:40','2018-12-08 00:04:40'),(815,14,12,1,'2018-12-15','2018-12-08 00:11:15','2018-12-08 00:11:15'),(816,14,12,1,'2018-12-17','2018-12-08 00:11:15','2018-12-08 00:11:15'),(817,14,12,1,'2018-12-18','2018-12-08 00:11:15','2018-12-08 00:11:15'),(818,14,12,1,'2018-12-20','2018-12-08 00:11:15','2018-12-08 00:11:15'),(819,14,12,1,'2018-12-21','2018-12-08 00:11:15','2018-12-08 00:11:15'),(820,14,12,1,'2018-12-23','2018-12-08 00:11:15','2018-12-08 00:11:15'),(821,14,12,1,'2018-12-24','2018-12-08 00:11:15','2018-12-08 00:11:15'),(822,14,12,1,'2018-12-25','2018-12-08 00:11:15','2018-12-08 00:11:15'),(823,14,12,1,'2018-12-27','2018-12-08 00:11:15','2018-12-08 00:11:15'),(824,14,12,1,'2018-12-28','2018-12-08 00:11:15','2018-12-08 00:11:15'),(825,14,12,1,'2018-12-29','2018-12-08 00:11:15','2018-12-08 00:11:15'),(826,14,12,1,'2018-12-30','2018-12-08 00:11:15','2018-12-08 00:11:15'),(827,14,12,1,'2018-12-31','2018-12-08 00:11:15','2018-12-08 00:11:15'),(828,14,12,2,'2018-12-15','2018-12-08 00:11:15','2018-12-08 00:11:15'),(829,14,12,2,'2018-12-16','2018-12-08 00:11:15','2018-12-08 00:11:15'),(830,14,12,2,'2018-12-17','2018-12-08 00:11:15','2018-12-08 00:11:15'),(831,14,12,2,'2018-12-18','2018-12-08 00:11:15','2018-12-08 00:11:15'),(832,14,12,2,'2018-12-19','2018-12-08 00:11:15','2018-12-08 00:11:15'),(833,14,12,2,'2018-12-20','2018-12-08 00:11:15','2018-12-08 00:11:15'),(834,14,12,2,'2018-12-21','2018-12-08 00:11:15','2018-12-08 00:11:15'),(835,14,12,2,'2018-12-22','2018-12-08 00:11:15','2018-12-08 00:11:15'),(836,14,12,2,'2018-12-23','2018-12-08 00:11:15','2018-12-08 00:11:15'),(837,14,12,2,'2018-12-26','2018-12-08 00:11:15','2018-12-08 00:11:15'),(838,14,12,2,'2018-12-27','2018-12-08 00:11:15','2018-12-08 00:11:15'),(839,14,12,2,'2018-12-28','2018-12-08 00:11:15','2018-12-08 00:11:15'),(840,14,12,2,'2018-12-29','2018-12-08 00:11:15','2018-12-08 00:11:15'),(841,14,12,2,'2018-12-30','2018-12-08 00:11:15','2018-12-08 00:11:15'),(842,14,12,2,'2018-12-31','2018-12-08 00:11:15','2018-12-08 00:11:15'),(843,16,13,1,'2018-12-15','2018-12-08 00:31:12','2018-12-08 00:31:12'),(844,16,13,1,'2018-12-16','2018-12-08 00:31:12','2018-12-08 00:31:12'),(845,16,13,1,'2018-12-17','2018-12-08 00:31:12','2018-12-08 00:31:12'),(846,16,13,1,'2018-12-18','2018-12-08 00:31:12','2018-12-08 00:31:12'),(847,16,13,1,'2018-12-19','2018-12-08 00:31:12','2018-12-08 00:31:12'),(848,16,13,1,'2018-12-20','2018-12-08 00:31:12','2018-12-08 00:31:12'),(849,16,13,1,'2018-12-21','2018-12-08 00:31:12','2018-12-08 00:31:12'),(850,16,13,1,'2018-12-22','2018-12-08 00:31:12','2018-12-08 00:31:12'),(851,16,13,1,'2018-12-23','2018-12-08 00:31:12','2018-12-08 00:31:12'),(852,16,13,1,'2018-12-24','2018-12-08 00:31:12','2018-12-08 00:31:12'),(853,16,13,1,'2018-12-25','2018-12-08 00:31:12','2018-12-08 00:31:12'),(854,16,13,1,'2018-12-26','2018-12-08 00:31:12','2018-12-08 00:31:12'),(855,16,13,1,'2018-12-27','2018-12-08 00:31:12','2018-12-08 00:31:12'),(856,16,13,1,'2018-12-28','2018-12-08 00:31:12','2018-12-08 00:31:12'),(857,16,13,1,'2018-12-29','2018-12-08 00:31:12','2018-12-08 00:31:12'),(858,16,13,1,'2018-12-30','2018-12-08 00:31:12','2018-12-08 00:31:12'),(859,16,13,1,'2018-12-31','2018-12-08 00:31:12','2018-12-08 00:31:12'),(860,16,13,2,'2018-12-15','2018-12-08 00:31:12','2018-12-08 00:31:12'),(861,16,13,2,'2018-12-16','2018-12-08 00:31:12','2018-12-08 00:31:12'),(862,16,13,2,'2018-12-17','2018-12-08 00:31:12','2018-12-08 00:31:12'),(863,16,13,2,'2018-12-18','2018-12-08 00:31:12','2018-12-08 00:31:12'),(864,16,13,2,'2018-12-19','2018-12-08 00:31:12','2018-12-08 00:31:12'),(865,16,13,2,'2018-12-20','2018-12-08 00:31:12','2018-12-08 00:31:12'),(866,16,13,2,'2018-12-21','2018-12-08 00:31:12','2018-12-08 00:31:12'),(867,16,13,2,'2018-12-22','2018-12-08 00:31:12','2018-12-08 00:31:12'),(868,16,13,2,'2018-12-23','2018-12-08 00:31:12','2018-12-08 00:31:12'),(869,16,13,2,'2018-12-24','2018-12-08 00:31:12','2018-12-08 00:31:12'),(870,16,13,2,'2018-12-25','2018-12-08 00:31:12','2018-12-08 00:31:12'),(871,16,13,2,'2018-12-26','2018-12-08 00:31:12','2018-12-08 00:31:12'),(872,16,13,2,'2018-12-27','2018-12-08 00:31:12','2018-12-08 00:31:12'),(873,16,13,2,'2018-12-28','2018-12-08 00:31:12','2018-12-08 00:31:12'),(874,16,13,2,'2018-12-29','2018-12-08 00:31:12','2018-12-08 00:31:12'),(875,16,13,2,'2018-12-30','2018-12-08 00:31:12','2018-12-08 00:31:12'),(876,16,13,2,'2018-12-31','2018-12-08 00:31:12','2018-12-08 00:31:12'),(877,15,13,1,'2018-12-15','2018-12-08 00:31:56','2018-12-08 00:31:56'),(878,15,13,1,'2018-12-16','2018-12-08 00:31:56','2018-12-08 00:31:56'),(879,15,13,1,'2018-12-17','2018-12-08 00:31:56','2018-12-08 00:31:56'),(880,15,13,1,'2018-12-18','2018-12-08 00:31:56','2018-12-08 00:31:56'),(881,15,13,1,'2018-12-19','2018-12-08 00:31:56','2018-12-08 00:31:56'),(882,15,13,1,'2018-12-20','2018-12-08 00:31:56','2018-12-08 00:31:56'),(883,15,13,1,'2018-12-21','2018-12-08 00:31:56','2018-12-08 00:31:56'),(884,15,13,1,'2018-12-22','2018-12-08 00:31:56','2018-12-08 00:31:56'),(885,15,13,1,'2018-12-23','2018-12-08 00:31:56','2018-12-08 00:31:56'),(886,15,13,1,'2018-12-24','2018-12-08 00:31:56','2018-12-08 00:31:56'),(887,15,13,1,'2018-12-25','2018-12-08 00:31:56','2018-12-08 00:31:56'),(888,15,13,1,'2018-12-26','2018-12-08 00:31:56','2018-12-08 00:31:56'),(889,15,13,1,'2018-12-27','2018-12-08 00:31:56','2018-12-08 00:31:56'),(890,15,13,1,'2018-12-28','2018-12-08 00:31:56','2018-12-08 00:31:56'),(891,15,13,1,'2018-12-29','2018-12-08 00:31:56','2018-12-08 00:31:56'),(892,15,13,1,'2018-12-30','2018-12-08 00:31:56','2018-12-08 00:31:56'),(893,15,13,1,'2018-12-31','2018-12-08 00:31:56','2018-12-08 00:31:56'),(894,17,13,1,'2018-12-15','2018-12-08 00:43:05','2018-12-08 00:43:05'),(895,17,13,1,'2018-12-16','2018-12-08 00:43:05','2018-12-08 00:43:05'),(896,17,13,1,'2018-12-18','2018-12-08 00:43:05','2018-12-08 00:43:05'),(897,17,13,1,'2018-12-20','2018-12-08 00:43:05','2018-12-08 00:43:05'),(898,17,13,1,'2018-12-22','2018-12-08 00:43:05','2018-12-08 00:43:05'),(899,17,13,1,'2018-12-24','2018-12-08 00:43:05','2018-12-08 00:43:05'),(900,17,13,1,'2018-12-26','2018-12-08 00:43:05','2018-12-08 00:43:05'),(901,17,13,1,'2018-12-27','2018-12-08 00:43:05','2018-12-08 00:43:05'),(902,17,13,1,'2018-12-29','2018-12-08 00:43:05','2018-12-08 00:43:05'),(903,17,13,1,'2018-12-30','2018-12-08 00:43:05','2018-12-08 00:43:05'),(904,17,13,2,'2018-12-15','2018-12-08 00:43:05','2018-12-08 00:43:05'),(905,17,13,2,'2018-12-16','2018-12-08 00:43:05','2018-12-08 00:43:05'),(906,17,13,2,'2018-12-18','2018-12-08 00:43:05','2018-12-08 00:43:05'),(907,17,13,2,'2018-12-20','2018-12-08 00:43:05','2018-12-08 00:43:05'),(908,17,13,2,'2018-12-22','2018-12-08 00:43:05','2018-12-08 00:43:05'),(909,17,13,2,'2018-12-24','2018-12-08 00:43:05','2018-12-08 00:43:05'),(910,17,13,2,'2018-12-26','2018-12-08 00:43:05','2018-12-08 00:43:05'),(911,17,13,2,'2018-12-27','2018-12-08 00:43:05','2018-12-08 00:43:05'),(912,17,13,2,'2018-12-29','2018-12-08 00:43:05','2018-12-08 00:43:05'),(913,17,13,2,'2018-12-30','2018-12-08 00:43:05','2018-12-08 00:43:05'),(914,17,13,1,'2019-01-02','2018-12-08 00:44:36','2018-12-08 00:44:36'),(915,17,13,1,'2019-01-03','2018-12-08 00:44:36','2018-12-08 00:44:36'),(916,17,13,1,'2019-01-04','2018-12-08 00:44:36','2018-12-08 00:44:36'),(917,17,13,1,'2019-01-05','2018-12-08 00:44:36','2018-12-08 00:44:36'),(918,17,13,1,'2019-01-06','2018-12-08 00:44:36','2018-12-08 00:44:36'),(919,17,13,1,'2019-01-07','2018-12-08 00:44:36','2018-12-08 00:44:36'),(920,17,13,1,'2019-01-08','2018-12-08 00:44:36','2018-12-08 00:44:36'),(921,17,13,1,'2019-01-09','2018-12-08 00:44:36','2018-12-08 00:44:36'),(922,17,13,1,'2019-01-10','2018-12-08 00:44:36','2018-12-08 00:44:36'),(923,17,13,1,'2019-01-11','2018-12-08 00:44:36','2018-12-08 00:44:36'),(924,17,13,1,'2019-01-12','2018-12-08 00:44:36','2018-12-08 00:44:36'),(925,17,13,1,'2019-01-13','2018-12-08 00:44:36','2018-12-08 00:44:36'),(926,17,13,1,'2019-01-14','2018-12-08 00:44:36','2018-12-08 00:44:36'),(927,17,13,1,'2019-01-15','2018-12-08 00:44:36','2018-12-08 00:44:36'),(928,17,13,1,'2019-01-16','2018-12-08 00:44:36','2018-12-08 00:44:36'),(929,17,13,1,'2019-01-17','2018-12-08 00:44:36','2018-12-08 00:44:36'),(930,17,13,1,'2019-01-18','2018-12-08 00:44:36','2018-12-08 00:44:36'),(931,17,13,1,'2019-01-19','2018-12-08 00:44:36','2018-12-08 00:44:36'),(932,17,13,1,'2019-01-20','2018-12-08 00:44:36','2018-12-08 00:44:36'),(933,17,13,1,'2019-01-21','2018-12-08 00:44:36','2018-12-08 00:44:36'),(934,17,13,1,'2019-01-22','2018-12-08 00:44:36','2018-12-08 00:44:36'),(935,17,13,1,'2019-01-23','2018-12-08 00:44:36','2018-12-08 00:44:36'),(936,17,13,1,'2019-01-24','2018-12-08 00:44:36','2018-12-08 00:44:36'),(937,17,13,1,'2019-01-25','2018-12-08 00:44:36','2018-12-08 00:44:36'),(938,17,13,1,'2019-01-26','2018-12-08 00:44:36','2018-12-08 00:44:36'),(939,17,13,1,'2019-01-27','2018-12-08 00:44:36','2018-12-08 00:44:36'),(940,17,13,1,'2019-01-28','2018-12-08 00:44:36','2018-12-08 00:44:36'),(941,17,13,1,'2019-01-29','2018-12-08 00:44:36','2018-12-08 00:44:36'),(942,17,13,1,'2019-01-30','2018-12-08 00:44:36','2018-12-08 00:44:36'),(943,17,13,1,'2019-01-31','2018-12-08 00:44:36','2018-12-08 00:44:36'),(944,17,13,2,'2019-01-03','2018-12-08 00:44:36','2018-12-08 00:44:36'),(945,17,13,2,'2019-01-04','2018-12-08 00:44:36','2018-12-08 00:44:36'),(946,17,13,2,'2019-01-05','2018-12-08 00:44:36','2018-12-08 00:44:36'),(947,17,13,2,'2019-01-06','2018-12-08 00:44:36','2018-12-08 00:44:36'),(948,17,13,2,'2019-01-07','2018-12-08 00:44:36','2018-12-08 00:44:36'),(949,17,13,2,'2019-01-08','2018-12-08 00:44:36','2018-12-08 00:44:36'),(950,17,13,2,'2019-01-09','2018-12-08 00:44:36','2018-12-08 00:44:36'),(951,17,13,2,'2019-01-10','2018-12-08 00:44:36','2018-12-08 00:44:36'),(952,17,13,2,'2019-01-11','2018-12-08 00:44:36','2018-12-08 00:44:36'),(953,17,13,2,'2019-01-12','2018-12-08 00:44:36','2018-12-08 00:44:36'),(954,17,13,2,'2019-01-13','2018-12-08 00:44:36','2018-12-08 00:44:36'),(955,17,13,2,'2019-01-14','2018-12-08 00:44:36','2018-12-08 00:44:36'),(956,17,13,2,'2019-01-15','2018-12-08 00:44:36','2018-12-08 00:44:36'),(957,17,13,2,'2019-01-16','2018-12-08 00:44:36','2018-12-08 00:44:36'),(958,17,13,2,'2019-01-17','2018-12-08 00:44:36','2018-12-08 00:44:36'),(959,17,13,2,'2019-01-18','2018-12-08 00:44:36','2018-12-08 00:44:36'),(960,17,13,2,'2019-01-19','2018-12-08 00:44:36','2018-12-08 00:44:36'),(961,17,13,2,'2019-01-20','2018-12-08 00:44:36','2018-12-08 00:44:36'),(962,17,13,2,'2019-01-21','2018-12-08 00:44:36','2018-12-08 00:44:36'),(963,17,13,2,'2019-01-22','2018-12-08 00:44:36','2018-12-08 00:44:36'),(964,17,13,2,'2019-01-23','2018-12-08 00:44:36','2018-12-08 00:44:36'),(965,17,13,2,'2019-01-24','2018-12-08 00:44:36','2018-12-08 00:44:36'),(966,17,13,2,'2019-01-25','2018-12-08 00:44:36','2018-12-08 00:44:36'),(967,17,13,2,'2019-01-26','2018-12-08 00:44:36','2018-12-08 00:44:36'),(968,17,13,2,'2019-01-27','2018-12-08 00:44:36','2018-12-08 00:44:36'),(969,17,13,2,'2019-01-28','2018-12-08 00:44:36','2018-12-08 00:44:36'),(970,17,13,2,'2019-01-29','2018-12-08 00:44:36','2018-12-08 00:44:36'),(971,17,13,2,'2019-01-30','2018-12-08 00:44:36','2018-12-08 00:44:36'),(972,17,13,2,'2019-01-31','2018-12-08 00:44:36','2018-12-08 00:44:36'),(973,13,12,1,'2018-12-10','2018-12-10 01:31:01','2018-12-10 01:31:01'),(974,13,12,1,'2018-12-14','2018-12-10 01:31:01','2018-12-10 01:31:01'),(975,13,12,1,'2018-12-18','2018-12-10 01:31:01','2018-12-10 01:31:01'),(976,13,12,1,'2018-12-22','2018-12-10 01:31:01','2018-12-10 01:31:01'),(977,13,12,1,'2018-12-26','2018-12-10 01:31:01','2018-12-10 01:31:01'),(978,13,12,1,'2018-12-30','2018-12-10 01:31:01','2018-12-10 01:31:01'),(979,13,12,2,'2018-12-12','2018-12-10 01:31:01','2018-12-10 01:31:01'),(980,12,12,1,'2018-12-11','2018-12-10 01:32:05','2018-12-10 01:32:05'),(981,12,12,2,'2018-12-13','2018-12-10 01:32:05','2018-12-10 01:32:05'),(982,11,12,1,'2018-12-11','2018-12-10 01:33:47','2018-12-10 01:33:47'),(983,11,12,2,'2018-12-13','2018-12-10 01:33:47','2018-12-10 01:33:47'),(984,20,3,1,'2018-12-10','2018-12-10 22:35:59','2018-12-10 22:35:59'),(985,20,3,1,'2018-12-12','2018-12-10 22:35:59','2018-12-10 22:35:59'),(986,20,3,1,'2018-12-14','2018-12-10 22:35:59','2018-12-10 22:35:59'),(987,20,3,1,'2018-12-16','2018-12-10 22:35:59','2018-12-10 22:35:59'),(988,20,3,1,'2018-12-18','2018-12-10 22:35:59','2018-12-10 22:35:59'),(989,20,3,1,'2018-12-20','2018-12-10 22:35:59','2018-12-10 22:35:59'),(990,20,3,1,'2018-12-22','2018-12-10 22:35:59','2018-12-10 22:35:59'),(991,20,3,1,'2018-12-24','2018-12-10 22:35:59','2018-12-10 22:35:59'),(992,20,3,1,'2018-12-26','2018-12-10 22:35:59','2018-12-10 22:35:59'),(993,20,3,1,'2018-12-28','2018-12-10 22:35:59','2018-12-10 22:35:59'),(994,20,3,1,'2018-12-30','2018-12-10 22:35:59','2018-12-10 22:35:59'),(995,20,3,2,'2018-12-11','2018-12-10 22:35:59','2018-12-10 22:35:59'),(996,20,3,2,'2018-12-13','2018-12-10 22:35:59','2018-12-10 22:35:59'),(997,20,3,2,'2018-12-15','2018-12-10 22:35:59','2018-12-10 22:35:59'),(998,20,3,2,'2018-12-17','2018-12-10 22:35:59','2018-12-10 22:35:59'),(999,20,3,2,'2018-12-19','2018-12-10 22:35:59','2018-12-10 22:35:59'),(1000,20,3,2,'2018-12-21','2018-12-10 22:35:59','2018-12-10 22:35:59'),(1001,20,3,2,'2018-12-23','2018-12-10 22:35:59','2018-12-10 22:35:59'),(1002,20,3,2,'2018-12-25','2018-12-10 22:35:59','2018-12-10 22:35:59'),(1003,20,3,2,'2018-12-27','2018-12-10 22:35:59','2018-12-10 22:35:59'),(1004,20,3,2,'2018-12-29','2018-12-10 22:35:59','2018-12-10 22:35:59'),(1005,20,3,2,'2018-12-31','2018-12-10 22:35:59','2018-12-10 22:35:59'),(1006,21,16,1,'2018-12-11','2018-12-11 03:27:02','2018-12-11 03:27:02'),(1007,21,16,1,'2018-12-12','2018-12-11 03:27:02','2018-12-11 03:27:02'),(1008,21,16,1,'2018-12-13','2018-12-11 03:27:02','2018-12-11 03:27:02'),(1009,21,16,1,'2018-12-14','2018-12-11 03:27:02','2018-12-11 03:27:02'),(1010,21,16,1,'2018-12-15','2018-12-11 03:27:02','2018-12-11 03:27:02'),(1011,21,16,1,'2018-12-16','2018-12-11 03:27:02','2018-12-11 03:27:02'),(1012,21,16,1,'2018-12-17','2018-12-11 03:27:02','2018-12-11 03:27:02'),(1013,21,16,1,'2018-12-18','2018-12-11 03:27:02','2018-12-11 03:27:02'),(1014,21,16,1,'2018-12-19','2018-12-11 03:27:02','2018-12-11 03:27:02'),(1015,21,16,1,'2018-12-20','2018-12-11 03:27:02','2018-12-11 03:27:02'),(1016,21,16,1,'2018-12-21','2018-12-11 03:27:02','2018-12-11 03:27:02'),(1017,21,16,1,'2018-12-22','2018-12-11 03:27:02','2018-12-11 03:27:02'),(1018,21,16,1,'2018-12-23','2018-12-11 03:27:02','2018-12-11 03:27:02'),(1019,21,16,1,'2018-12-24','2018-12-11 03:27:02','2018-12-11 03:27:02'),(1020,21,16,1,'2018-12-25','2018-12-11 03:27:02','2018-12-11 03:27:02'),(1021,21,16,1,'2018-12-26','2018-12-11 03:27:02','2018-12-11 03:27:02'),(1022,21,16,1,'2018-12-27','2018-12-11 03:27:02','2018-12-11 03:27:02'),(1023,21,16,1,'2018-12-28','2018-12-11 03:27:02','2018-12-11 03:27:02'),(1024,21,16,1,'2018-12-29','2018-12-11 03:27:02','2018-12-11 03:27:02'),(1025,21,16,1,'2018-12-30','2018-12-11 03:27:02','2018-12-11 03:27:02'),(1026,21,16,1,'2018-12-31','2018-12-11 03:27:02','2018-12-11 03:27:02'),(1027,22,9,1,'2018-12-11','2018-12-11 12:18:12','2018-12-11 12:18:12'),(1028,22,9,1,'2018-12-12','2018-12-11 12:18:12','2018-12-11 12:18:12'),(1029,22,9,1,'2018-12-13','2018-12-11 12:18:12','2018-12-11 12:18:12'),(1030,22,9,1,'2018-12-14','2018-12-11 12:18:12','2018-12-11 12:18:12'),(1031,22,9,1,'2018-12-15','2018-12-11 12:18:12','2018-12-11 12:18:12'),(1032,22,9,1,'2018-12-16','2018-12-11 12:18:12','2018-12-11 12:18:12'),(1033,22,9,1,'2018-12-17','2018-12-11 12:18:12','2018-12-11 12:18:12'),(1034,22,9,1,'2018-12-18','2018-12-11 12:18:12','2018-12-11 12:18:12'),(1035,22,9,1,'2018-12-19','2018-12-11 12:18:12','2018-12-11 12:18:12'),(1036,22,9,1,'2018-12-20','2018-12-11 12:18:12','2018-12-11 12:18:12'),(1037,22,9,1,'2018-12-21','2018-12-11 12:18:12','2018-12-11 12:18:12'),(1038,22,9,1,'2018-12-22','2018-12-11 12:18:12','2018-12-11 12:18:12'),(1039,22,9,1,'2018-12-23','2018-12-11 12:18:12','2018-12-11 12:18:12'),(1040,22,9,1,'2018-12-24','2018-12-11 12:18:12','2018-12-11 12:18:12'),(1041,22,9,1,'2018-12-25','2018-12-11 12:18:12','2018-12-11 12:18:12'),(1042,22,9,1,'2018-12-26','2018-12-11 12:18:12','2018-12-11 12:18:12'),(1043,22,9,1,'2018-12-27','2018-12-11 12:18:12','2018-12-11 12:18:12'),(1044,22,9,1,'2018-12-28','2018-12-11 12:18:12','2018-12-11 12:18:12'),(1045,22,9,1,'2018-12-29','2018-12-11 12:18:12','2018-12-11 12:18:12'),(1046,22,9,1,'2018-12-30','2018-12-11 12:18:12','2018-12-11 12:18:12'),(1047,22,9,1,'2018-12-31','2018-12-11 12:18:12','2018-12-11 12:18:12'),(1048,22,9,2,'2018-12-11','2018-12-11 12:18:12','2018-12-11 12:18:12'),(1049,22,9,2,'2018-12-12','2018-12-11 12:18:12','2018-12-11 12:18:12'),(1050,22,9,2,'2018-12-13','2018-12-11 12:18:12','2018-12-11 12:18:12'),(1051,22,9,2,'2018-12-14','2018-12-11 12:18:12','2018-12-11 12:18:12'),(1052,22,9,2,'2018-12-15','2018-12-11 12:18:12','2018-12-11 12:18:12'),(1053,22,9,2,'2018-12-16','2018-12-11 12:18:12','2018-12-11 12:18:12'),(1054,22,9,2,'2018-12-17','2018-12-11 12:18:12','2018-12-11 12:18:12'),(1055,22,9,2,'2018-12-18','2018-12-11 12:18:12','2018-12-11 12:18:12'),(1056,22,9,2,'2018-12-19','2018-12-11 12:18:12','2018-12-11 12:18:12'),(1057,22,9,2,'2018-12-20','2018-12-11 12:18:12','2018-12-11 12:18:12'),(1058,22,9,2,'2018-12-21','2018-12-11 12:18:12','2018-12-11 12:18:12'),(1059,22,9,2,'2018-12-22','2018-12-11 12:18:12','2018-12-11 12:18:12'),(1060,22,9,2,'2018-12-23','2018-12-11 12:18:12','2018-12-11 12:18:12'),(1061,22,9,2,'2018-12-24','2018-12-11 12:18:12','2018-12-11 12:18:12'),(1062,22,9,2,'2018-12-25','2018-12-11 12:18:12','2018-12-11 12:18:12'),(1063,22,9,2,'2018-12-26','2018-12-11 12:18:12','2018-12-11 12:18:12'),(1064,22,9,2,'2018-12-27','2018-12-11 12:18:12','2018-12-11 12:18:12'),(1065,22,9,2,'2018-12-28','2018-12-11 12:18:12','2018-12-11 12:18:12'),(1066,22,9,2,'2018-12-29','2018-12-11 12:18:12','2018-12-11 12:18:12'),(1067,22,9,2,'2018-12-30','2018-12-11 12:18:12','2018-12-11 12:18:12'),(1068,22,9,2,'2018-12-31','2018-12-11 12:18:12','2018-12-11 12:18:12'),(1069,23,13,1,'2018-12-11','2018-12-11 12:21:29','2018-12-11 12:21:29'),(1070,23,13,1,'2018-12-12','2018-12-11 12:21:29','2018-12-11 12:21:29'),(1071,23,13,1,'2018-12-13','2018-12-11 12:21:29','2018-12-11 12:21:29'),(1072,23,13,1,'2018-12-14','2018-12-11 12:21:29','2018-12-11 12:21:29'),(1073,23,13,1,'2018-12-15','2018-12-11 12:21:29','2018-12-11 12:21:29'),(1074,23,13,1,'2018-12-16','2018-12-11 12:21:29','2018-12-11 12:21:29'),(1075,23,13,1,'2018-12-17','2018-12-11 12:21:29','2018-12-11 12:21:29'),(1076,23,13,1,'2018-12-18','2018-12-11 12:21:29','2018-12-11 12:21:29'),(1077,23,13,1,'2018-12-19','2018-12-11 12:21:29','2018-12-11 12:21:29'),(1078,23,13,1,'2018-12-20','2018-12-11 12:21:29','2018-12-11 12:21:29'),(1079,23,13,1,'2018-12-21','2018-12-11 12:21:29','2018-12-11 12:21:29'),(1080,23,13,1,'2018-12-22','2018-12-11 12:21:29','2018-12-11 12:21:29'),(1081,23,13,1,'2018-12-23','2018-12-11 12:21:29','2018-12-11 12:21:29'),(1082,23,13,1,'2018-12-24','2018-12-11 12:21:29','2018-12-11 12:21:29'),(1083,23,13,1,'2018-12-25','2018-12-11 12:21:29','2018-12-11 12:21:29'),(1084,23,13,1,'2018-12-26','2018-12-11 12:21:29','2018-12-11 12:21:29'),(1085,23,13,1,'2018-12-27','2018-12-11 12:21:29','2018-12-11 12:21:29'),(1086,23,13,1,'2018-12-28','2018-12-11 12:21:29','2018-12-11 12:21:29'),(1087,23,13,1,'2018-12-29','2018-12-11 12:21:29','2018-12-11 12:21:29'),(1088,23,13,1,'2018-12-30','2018-12-11 12:21:29','2018-12-11 12:21:29'),(1089,23,13,1,'2018-12-31','2018-12-11 12:21:30','2018-12-11 12:21:30'),(1090,23,13,2,'2018-12-11','2018-12-11 12:22:04','2018-12-11 12:22:04'),(1091,23,13,2,'2018-12-12','2018-12-11 12:22:04','2018-12-11 12:22:04'),(1092,23,13,2,'2018-12-13','2018-12-11 12:22:04','2018-12-11 12:22:04'),(1093,23,13,2,'2018-12-14','2018-12-11 12:22:04','2018-12-11 12:22:04'),(1094,23,13,2,'2018-12-15','2018-12-11 12:22:04','2018-12-11 12:22:04'),(1095,23,13,2,'2018-12-16','2018-12-11 12:22:04','2018-12-11 12:22:04'),(1096,23,13,2,'2018-12-17','2018-12-11 12:22:04','2018-12-11 12:22:04'),(1097,23,13,2,'2018-12-18','2018-12-11 12:22:04','2018-12-11 12:22:04'),(1098,23,13,2,'2018-12-19','2018-12-11 12:22:04','2018-12-11 12:22:04'),(1099,23,13,2,'2018-12-20','2018-12-11 12:22:04','2018-12-11 12:22:04'),(1100,23,13,2,'2018-12-21','2018-12-11 12:22:04','2018-12-11 12:22:04'),(1101,23,13,2,'2018-12-22','2018-12-11 12:22:04','2018-12-11 12:22:04'),(1102,23,13,2,'2018-12-23','2018-12-11 12:22:04','2018-12-11 12:22:04'),(1103,23,13,2,'2018-12-24','2018-12-11 12:22:04','2018-12-11 12:22:04'),(1104,23,13,2,'2018-12-25','2018-12-11 12:22:04','2018-12-11 12:22:04'),(1105,23,13,2,'2018-12-26','2018-12-11 12:22:04','2018-12-11 12:22:04'),(1106,23,13,2,'2018-12-27','2018-12-11 12:22:04','2018-12-11 12:22:04'),(1107,23,13,2,'2018-12-28','2018-12-11 12:22:04','2018-12-11 12:22:04'),(1108,23,13,2,'2018-12-29','2018-12-11 12:22:04','2018-12-11 12:22:04'),(1109,23,13,2,'2018-12-30','2018-12-11 12:22:04','2018-12-11 12:22:04'),(1110,23,13,2,'2018-12-31','2018-12-11 12:22:04','2018-12-11 12:22:04'),(1111,19,14,1,'2018-12-18','2018-12-11 14:25:32','2018-12-11 14:25:32'),(1112,19,14,1,'2018-12-19','2018-12-11 14:25:32','2018-12-11 14:25:32'),(1113,19,14,1,'2018-12-20','2018-12-11 14:25:32','2018-12-11 14:25:32'),(1114,19,14,1,'2018-12-21','2018-12-11 14:25:32','2018-12-11 14:25:32'),(1115,19,14,1,'2018-12-22','2018-12-11 14:25:32','2018-12-11 14:25:32'),(1116,19,14,1,'2018-12-23','2018-12-11 14:25:32','2018-12-11 14:25:32'),(1117,19,14,1,'2018-12-24','2018-12-11 14:25:32','2018-12-11 14:25:32'),(1118,19,14,1,'2018-12-25','2018-12-11 14:25:32','2018-12-11 14:25:32'),(1119,19,14,1,'2018-12-26','2018-12-11 14:25:32','2018-12-11 14:25:32'),(1120,19,14,1,'2018-12-27','2018-12-11 14:25:32','2018-12-11 14:25:32'),(1121,19,14,1,'2018-12-28','2018-12-11 14:25:32','2018-12-11 14:25:32'),(1122,19,14,1,'2018-12-29','2018-12-11 14:25:32','2018-12-11 14:25:32'),(1123,19,14,1,'2018-12-30','2018-12-11 14:25:32','2018-12-11 14:25:32'),(1124,19,14,1,'2018-12-31','2018-12-11 14:25:32','2018-12-11 14:25:32'),(1125,24,14,1,'2018-12-18','2018-12-11 14:28:34','2018-12-11 14:28:34'),(1126,24,14,1,'2018-12-19','2018-12-11 14:28:34','2018-12-11 14:28:34'),(1127,24,14,1,'2018-12-20','2018-12-11 14:28:34','2018-12-11 14:28:34'),(1128,24,14,1,'2018-12-21','2018-12-11 14:28:34','2018-12-11 14:28:34'),(1129,24,14,1,'2018-12-22','2018-12-11 14:28:34','2018-12-11 14:28:34'),(1130,24,14,1,'2018-12-23','2018-12-11 14:28:34','2018-12-11 14:28:34'),(1131,24,14,1,'2018-12-24','2018-12-11 14:28:34','2018-12-11 14:28:34'),(1132,24,14,1,'2018-12-25','2018-12-11 14:28:34','2018-12-11 14:28:34'),(1133,24,14,1,'2018-12-26','2018-12-11 14:28:34','2018-12-11 14:28:34'),(1134,24,14,1,'2018-12-27','2018-12-11 14:28:34','2018-12-11 14:28:34'),(1135,24,14,1,'2018-12-28','2018-12-11 14:28:34','2018-12-11 14:28:34'),(1136,24,14,1,'2018-12-29','2018-12-11 14:28:34','2018-12-11 14:28:34'),(1137,24,14,1,'2018-12-30','2018-12-11 14:28:34','2018-12-11 14:28:34'),(1138,24,14,1,'2018-12-31','2018-12-11 14:28:34','2018-12-11 14:28:34');
/*!40000 ALTER TABLE `schedules` ENABLE KEYS */;
UNLOCK TABLES;

--
-- Table structure for table `slider_items`
--

DROP TABLE IF EXISTS `slider_items`;
/*!40101 SET @saved_cs_client     = @@character_set_client */;
/*!40101 SET character_set_client = utf8 */;
CREATE TABLE `slider_items` (
  `id` int(10) unsigned NOT NULL AUTO_INCREMENT,
  `slider_id` int(11) NOT NULL,
  `type` varchar(191) COLLATE utf8mb4_unicode_ci NOT NULL DEFAULT 'default',
  `title` varchar(191) COLLATE utf8mb4_unicode_ci NOT NULL,
  `description` text COLLATE utf8mb4_unicode_ci,
  `link` varchar(191) COLLATE utf8mb4_unicode_ci DEFAULT NULL,
  `url` varchar(191) COLLATE utf8mb4_unicode_ci DEFAULT NULL,
  `image` varchar(191) COLLATE utf8mb4_unicode_ci DEFAULT NULL,
  `priority` int(11) NOT NULL DEFAULT '0',
  `status` int(11) NOT NULL DEFAULT '200',
  `created_at` timestamp NULL DEFAULT NULL,
  `updated_at` timestamp NULL DEFAULT NULL,
  PRIMARY KEY (`id`)
) ENGINE=InnoDB AUTO_INCREMENT=5 DEFAULT CHARSET=utf8mb4 COLLATE=utf8mb4_unicode_ci;
/*!40101 SET character_set_client = @saved_cs_client */;

--
-- Dumping data for table `slider_items`
--

LOCK TABLES `slider_items` WRITE;
/*!40000 ALTER TABLE `slider_items` DISABLE KEYS */;
INSERT INTO `slider_items` VALUES (1,1,'default','Quản lý thông minh','BMS là một hệ thống quản lý thông minh giúp giảm thiểu sai sót cũng như tiện lợi cho bến xe và hành khách','/',NULL,'052198900-1543996169.jpg',1,200,'2018-12-05 14:49:29','2018-12-05 14:49:29'),(2,1,'default','Dễ dàng sử dụng','Đễ dàng để làm quen và sử dụng, cũng như nâng cấp, thêm các tính năng mới.','/',NULL,'054294900-1543996234.jpg',2,200,'2018-12-05 14:50:34','2018-12-05 14:50:34'),(3,1,'default','Hỗ trợ đa nền tảng','Tương thích với tất cả các thiết bị, giúp đễ dàng truy cập, tra cứu ở mọi nơi','/',NULL,'015704700-1543996304.jpg',3,200,'2018-12-05 14:51:44','2018-12-05 14:51:44'),(4,1,'default','Tiết kiệm chi phí','BMS giúp tiết kiệm tối đa chi phí vận vận hành, bảo trì, nhân công,...','/',NULL,'054905800-1543996353.jpg',4,200,'2018-12-05 14:52:33','2018-12-05 14:52:33');
/*!40000 ALTER TABLE `slider_items` ENABLE KEYS */;
UNLOCK TABLES;

--
-- Table structure for table `sliders`
--

DROP TABLE IF EXISTS `sliders`;
/*!40101 SET @saved_cs_client     = @@character_set_client */;
/*!40101 SET character_set_client = utf8 */;
CREATE TABLE `sliders` (
  `id` int(10) unsigned NOT NULL AUTO_INCREMENT,
  `name` varchar(191) COLLATE utf8mb4_unicode_ci NOT NULL,
  `width` int(11) DEFAULT NULL,
  `height` int(11) DEFAULT NULL,
  `crop` int(11) NOT NULL DEFAULT '0',
  `position` int(11) NOT NULL DEFAULT '100',
  `priority` int(11) NOT NULL DEFAULT '0',
  `status` int(11) NOT NULL DEFAULT '200',
  `created_at` timestamp NULL DEFAULT NULL,
  `updated_at` timestamp NULL DEFAULT NULL,
  PRIMARY KEY (`id`)
) ENGINE=InnoDB AUTO_INCREMENT=2 DEFAULT CHARSET=utf8mb4 COLLATE=utf8mb4_unicode_ci;
/*!40101 SET character_set_client = @saved_cs_client */;

--
-- Dumping data for table `sliders`
--

LOCK TABLES `sliders` WRITE;
/*!40000 ALTER TABLE `sliders` DISABLE KEYS */;
INSERT INTO `sliders` VALUES (1,'Home slider',NULL,NULL,0,1,1,200,'2018-12-05 14:47:19','2018-12-05 14:47:19');
/*!40000 ALTER TABLE `sliders` ENABLE KEYS */;
UNLOCK TABLES;

--
-- Table structure for table `stations`
--

DROP TABLE IF EXISTS `stations`;
/*!40101 SET @saved_cs_client     = @@character_set_client */;
/*!40101 SET character_set_client = utf8 */;
CREATE TABLE `stations` (
  `id` int(10) unsigned NOT NULL AUTO_INCREMENT,
  `province_id` int(11) NOT NULL DEFAULT '0',
  `type` varchar(191) COLLATE utf8mb4_unicode_ci NOT NULL DEFAULT 'station',
  `name` varchar(191) COLLATE utf8mb4_unicode_ci DEFAULT NULL,
  `slug` varchar(191) COLLATE utf8mb4_unicode_ci DEFAULT NULL,
  `image` varchar(191) COLLATE utf8mb4_unicode_ci DEFAULT NULL,
  `description` text COLLATE utf8mb4_unicode_ci,
  `address` text COLLATE utf8mb4_unicode_ci,
  `email` varchar(191) COLLATE utf8mb4_unicode_ci DEFAULT NULL,
  `phone_number` varchar(191) COLLATE utf8mb4_unicode_ci DEFAULT NULL,
  `google_ map` text COLLATE utf8mb4_unicode_ci,
  `map_lat` varchar(191) COLLATE utf8mb4_unicode_ci DEFAULT NULL,
  `map_lng` varchar(191) COLLATE utf8mb4_unicode_ci DEFAULT NULL,
  `status` int(11) NOT NULL DEFAULT '200',
  `created_at` timestamp NULL DEFAULT NULL,
  `updated_at` timestamp NULL DEFAULT NULL,
  PRIMARY KEY (`id`)
) ENGINE=InnoDB AUTO_INCREMENT=127 DEFAULT CHARSET=utf8mb4 COLLATE=utf8mb4_unicode_ci;
/*!40101 SET character_set_client = @saved_cs_client */;

--
-- Dumping data for table `stations`
--

LOCK TABLES `stations` WRITE;
/*!40000 ALTER TABLE `stations` DISABLE KEYS */;
INSERT INTO `stations` VALUES (1,2,'station','Lập Thạch','lap-thach',NULL,NULL,NULL,NULL,NULL,NULL,NULL,NULL,200,'2018-11-13 10:22:26','2018-11-13 10:22:26'),(2,2,'station','Phúc Yên','phuc-yen',NULL,NULL,NULL,NULL,NULL,NULL,NULL,NULL,200,'2018-11-13 10:22:26','2018-11-13 10:22:26'),(3,2,'station','Vĩnh Tường','vinh-tuong',NULL,NULL,NULL,NULL,NULL,NULL,NULL,NULL,200,'2018-11-13 10:22:26','2018-11-13 10:22:26'),(4,2,'station','Vĩnh Yên','vinh-yen',NULL,NULL,NULL,NULL,NULL,NULL,NULL,NULL,200,'2018-11-13 10:22:26','2018-11-13 10:22:26'),(5,2,'station','Yên Lạc','yen-lac',NULL,NULL,NULL,NULL,NULL,NULL,NULL,NULL,200,'2018-11-13 10:22:26','2018-11-13 10:22:26'),(6,3,'station','Bắc Giang','bac-giang',NULL,NULL,NULL,NULL,NULL,NULL,NULL,NULL,200,'2018-11-13 10:22:26','2018-11-13 10:22:26'),(7,3,'station','Hiệp Hòa','hiep-hoa',NULL,NULL,NULL,NULL,NULL,NULL,NULL,NULL,200,'2018-11-13 10:22:27','2018-11-13 10:22:27'),(8,3,'station','Nhã Nam- Tân Yên','nha-nam-tan-yen',NULL,NULL,NULL,NULL,NULL,NULL,NULL,NULL,200,'2018-11-13 10:22:27','2018-11-13 10:22:27'),(9,4,'station','Bắc Ninh','bac-ninh',NULL,NULL,NULL,NULL,NULL,NULL,NULL,NULL,200,'2018-11-13 10:22:27','2018-11-13 10:22:27'),(10,7,'station','Cao Bằng','cao-bang',NULL,NULL,NULL,NULL,NULL,NULL,NULL,NULL,200,'2018-11-13 10:22:27','2018-11-13 10:22:27'),(11,9,'station','Hà Giang','ha-giang',NULL,NULL,NULL,NULL,NULL,NULL,NULL,NULL,200,'2018-11-13 10:22:27','2018-11-13 10:22:27'),(12,10,'station','Bình Lục','binh-luc',NULL,NULL,NULL,NULL,NULL,NULL,NULL,NULL,200,'2018-11-13 10:22:27','2018-11-13 10:22:27'),(13,10,'station','Hà Nam','ha-nam',NULL,NULL,NULL,NULL,NULL,NULL,NULL,NULL,200,'2018-11-13 10:22:27','2018-11-13 10:22:27'),(14,10,'station','Lý Nhân','ly-nhan',NULL,NULL,NULL,NULL,NULL,NULL,NULL,NULL,200,'2018-11-13 10:22:27','2018-11-13 10:22:27'),(15,11,'station','Sơn Tây','son-tay',NULL,NULL,NULL,NULL,NULL,NULL,NULL,NULL,200,'2018-11-13 10:22:27','2018-11-13 10:22:27'),(16,11,'station','Tế Tiêu','te-tieu',NULL,NULL,NULL,NULL,NULL,NULL,NULL,NULL,200,'2018-11-13 10:22:27','2018-11-13 10:22:27'),(17,11,'station','Gia Lâm','gia-lam',NULL,NULL,NULL,NULL,NULL,NULL,NULL,NULL,200,'2018-11-13 10:22:27','2018-11-13 10:22:27'),(18,12,'station','Hà Tĩnh','ha-tinh',NULL,NULL,NULL,NULL,NULL,NULL,NULL,NULL,200,'2018-11-13 10:22:27','2018-11-13 10:22:27'),(19,13,'station','Thanh Hà','thanh-ha',NULL,NULL,NULL,NULL,NULL,NULL,NULL,NULL,200,'2018-11-13 10:22:27','2018-11-13 10:22:27'),(20,14,'station','Chăm Mát','cham-mat',NULL,NULL,NULL,NULL,NULL,NULL,NULL,NULL,200,'2018-11-13 10:22:27','2018-11-13 10:22:27'),(21,14,'station','Chi Nê','chi-ne',NULL,NULL,NULL,NULL,NULL,NULL,NULL,NULL,200,'2018-11-13 10:22:27','2018-11-13 10:22:27'),(22,14,'station','Hòa Bình','hoa-binh',NULL,NULL,NULL,NULL,NULL,NULL,NULL,NULL,200,'2018-11-13 10:22:27','2018-11-13 10:22:27'),(23,14,'station','Kim Bôi','kim-boi',NULL,NULL,NULL,NULL,NULL,NULL,NULL,NULL,200,'2018-11-13 10:22:27','2018-11-13 10:22:27'),(24,14,'station','Lạc Sơn','lac-son',NULL,NULL,NULL,NULL,NULL,NULL,NULL,NULL,200,'2018-11-13 10:22:27','2018-11-13 10:22:27'),(25,14,'station','Mai Châu','mai-chau',NULL,NULL,NULL,NULL,NULL,NULL,NULL,NULL,200,'2018-11-13 10:22:27','2018-11-13 10:22:27'),(26,14,'station','Tân Lạc','tan-lac',NULL,NULL,NULL,NULL,NULL,NULL,NULL,NULL,200,'2018-11-13 10:22:28','2018-11-13 10:22:28'),(27,17,'station','Lai Châu','lai-chau',NULL,NULL,NULL,NULL,NULL,NULL,NULL,NULL,200,'2018-11-13 10:22:28','2018-11-13 10:22:28'),(28,19,'station','Bắc Lạng Sơn','bac-lang-son',NULL,NULL,NULL,NULL,NULL,NULL,NULL,NULL,200,'2018-11-13 10:22:28','2018-11-13 10:22:28'),(29,19,'station','Lạng Sơn','lang-son',NULL,NULL,NULL,NULL,NULL,NULL,NULL,NULL,200,'2018-11-13 10:22:28','2018-11-13 10:22:28'),(30,19,'station','Đồng Đăng','dong-dang',NULL,NULL,NULL,NULL,NULL,NULL,NULL,NULL,200,'2018-11-13 10:22:28','2018-11-13 10:22:28'),(31,20,'station','Lào Cai','lao-cai',NULL,NULL,NULL,NULL,NULL,NULL,NULL,NULL,200,'2018-11-13 10:22:28','2018-11-13 10:22:28'),(32,20,'station','Sa Pa','sa-pa',NULL,NULL,NULL,NULL,NULL,NULL,NULL,NULL,200,'2018-11-13 10:22:28','2018-11-13 10:22:28'),(33,21,'station','Cổ Lễ','co-le',NULL,NULL,NULL,NULL,NULL,NULL,NULL,NULL,200,'2018-11-13 10:22:28','2018-11-13 10:22:28'),(34,21,'station','Giao Hải','giao-hai',NULL,NULL,NULL,NULL,NULL,NULL,NULL,NULL,200,'2018-11-13 10:22:28','2018-11-13 10:22:28'),(35,21,'station','Giao Thủy','giao-thuy',NULL,NULL,NULL,NULL,NULL,NULL,NULL,NULL,200,'2018-11-13 10:22:28','2018-11-13 10:22:28'),(36,21,'station','Hải Hậu','hai-hau',NULL,NULL,NULL,NULL,NULL,NULL,NULL,NULL,200,'2018-11-13 10:22:28','2018-11-13 10:22:28'),(37,21,'station','Nam Định ','nam-dinh',NULL,NULL,NULL,NULL,NULL,NULL,NULL,NULL,200,'2018-11-13 10:22:28','2018-11-13 10:22:28'),(38,21,'station','Nghĩa Hưng','nghia-hung',NULL,NULL,NULL,NULL,NULL,NULL,NULL,NULL,200,'2018-11-13 10:22:28','2018-11-13 10:22:28'),(39,21,'station','Quất Lâm','quat-lam',NULL,NULL,NULL,NULL,NULL,NULL,NULL,NULL,200,'2018-11-13 10:22:28','2018-11-13 10:22:28'),(40,21,'station','Quỹ Nhất','quy-nhat',NULL,NULL,NULL,NULL,NULL,NULL,NULL,NULL,200,'2018-11-13 10:22:28','2018-11-13 10:22:28'),(41,21,'station','Thanh Minh','thanh-minh',NULL,NULL,NULL,NULL,NULL,NULL,NULL,NULL,200,'2018-11-13 10:22:28','2018-11-13 10:22:28'),(42,21,'station','Thịnh Long','thinh-long',NULL,NULL,NULL,NULL,NULL,NULL,NULL,NULL,200,'2018-11-13 10:22:28','2018-11-13 10:22:28'),(43,21,'station','Trực Ninh','truc-ninh',NULL,NULL,NULL,NULL,NULL,NULL,NULL,NULL,200,'2018-11-13 10:22:28','2018-11-13 10:22:28'),(44,21,'station','Vụ Bản','vu-ban',NULL,NULL,NULL,NULL,NULL,NULL,NULL,NULL,200,'2018-11-13 10:22:28','2018-11-13 10:22:28'),(45,21,'station','Ý Yên','y-yen',NULL,NULL,NULL,NULL,NULL,NULL,NULL,NULL,200,'2018-11-13 10:22:28','2018-11-13 10:22:28'),(46,21,'station','Yên Mô','yen-mo',NULL,NULL,NULL,NULL,NULL,NULL,NULL,NULL,200,'2018-11-13 10:22:28','2018-11-13 10:22:28'),(47,21,'station','Đô Quan','do-quan',NULL,NULL,NULL,NULL,NULL,NULL,NULL,NULL,200,'2018-11-13 10:22:28','2018-11-13 10:22:28'),(48,22,'station','Ấm Thượng','am-thuong',NULL,NULL,NULL,NULL,NULL,NULL,NULL,NULL,200,'2018-11-13 10:22:28','2018-11-13 10:22:28'),(49,22,'station','Bãi Bằng','bai-bang',NULL,NULL,NULL,NULL,NULL,NULL,NULL,NULL,200,'2018-11-13 10:22:28','2018-11-13 10:22:28'),(50,22,'station','Cẩm Khê','cam-khe',NULL,NULL,NULL,NULL,NULL,NULL,NULL,NULL,200,'2018-11-13 10:22:28','2018-11-13 10:22:28'),(51,22,'station','La Phù','la-phu',NULL,NULL,NULL,NULL,NULL,NULL,NULL,NULL,200,'2018-11-13 10:22:28','2018-11-13 10:22:28'),(52,22,'station','Minh Đài','minh-dai',NULL,NULL,NULL,NULL,NULL,NULL,NULL,NULL,200,'2018-11-13 10:22:28','2018-11-13 10:22:28'),(53,22,'station','Phú Thọ','phu-tho',NULL,NULL,NULL,NULL,NULL,NULL,NULL,NULL,200,'2018-11-13 10:22:28','2018-11-13 10:22:28'),(54,22,'station','Tây Sơn','tay-son',NULL,NULL,NULL,NULL,NULL,NULL,NULL,NULL,200,'2018-11-13 10:22:29','2018-11-13 10:22:29'),(55,22,'station','Thanh Ba','thanh-ba',NULL,NULL,NULL,NULL,NULL,NULL,NULL,NULL,200,'2018-11-13 10:22:29','2018-11-13 10:22:29'),(56,22,'station','Thanh Sơn','thanh-son',NULL,NULL,NULL,NULL,NULL,NULL,NULL,NULL,200,'2018-11-13 10:22:29','2018-11-13 10:22:29'),(57,22,'station','Thanh Thủy','thanh-thuy',NULL,NULL,NULL,NULL,NULL,NULL,NULL,NULL,200,'2018-11-13 10:22:29','2018-11-13 10:22:29'),(58,22,'station','Việt Trì','viet-tri',NULL,NULL,NULL,NULL,NULL,NULL,NULL,NULL,200,'2018-11-13 10:22:29','2018-11-13 10:22:29'),(59,22,'station','Yên Lập','yen-lap',NULL,NULL,NULL,NULL,NULL,NULL,NULL,NULL,200,'2018-11-13 10:22:29','2018-11-13 10:22:29'),(60,24,'station','Bãi Cháy','bai-chay',NULL,NULL,NULL,NULL,NULL,NULL,NULL,NULL,200,'2018-11-13 10:22:29','2018-11-13 10:22:29'),(61,24,'station','Bến xe Móng Cái','ben-xe-mong-cai',NULL,NULL,NULL,NULL,NULL,NULL,NULL,NULL,200,'2018-11-13 10:22:29','2018-11-13 10:22:29'),(62,24,'station','Cẩm Phả','cam-pha',NULL,NULL,NULL,NULL,NULL,NULL,NULL,NULL,200,'2018-11-13 10:22:29','2018-11-13 10:22:29'),(63,24,'station','Cửa Ông','cua-ong',NULL,NULL,NULL,NULL,NULL,NULL,NULL,NULL,200,'2018-11-13 10:22:29','2018-11-13 10:22:29'),(64,24,'station','Vân Đồn ','van-don',NULL,NULL,NULL,NULL,NULL,NULL,NULL,NULL,200,'2018-11-13 10:22:29','2018-11-13 10:22:29'),(65,25,'station','Mường La','muong-la',NULL,NULL,NULL,NULL,NULL,NULL,NULL,NULL,200,'2018-11-13 10:22:29','2018-11-13 10:22:29'),(66,25,'station','Phù Yên ','phu-yen',NULL,NULL,NULL,NULL,NULL,NULL,NULL,NULL,200,'2018-11-13 10:22:29','2018-11-13 10:22:29'),(67,25,'station','Quỳnh Nhai','quynh-nhai',NULL,NULL,NULL,NULL,NULL,NULL,NULL,NULL,200,'2018-11-13 10:22:29','2018-11-13 10:22:29'),(68,25,'station','Sơn La','son-la',NULL,NULL,NULL,NULL,NULL,NULL,NULL,NULL,200,'2018-11-13 10:22:29','2018-11-13 10:22:29'),(69,26,'station','Mường La','muong-la-1',NULL,NULL,NULL,NULL,NULL,NULL,NULL,NULL,200,'2018-11-13 10:22:29','2018-11-13 10:22:29'),(70,26,'station','Phù Yên ','phu-yen-1',NULL,NULL,NULL,NULL,NULL,NULL,NULL,NULL,200,'2018-11-13 10:22:29','2018-11-13 10:22:29'),(71,26,'station','Quỳnh Nhai','quynh-nhai-1',NULL,NULL,NULL,NULL,NULL,NULL,NULL,NULL,200,'2018-11-13 10:22:29','2018-11-13 10:22:29'),(72,26,'station','Sơn La','son-la-1',NULL,NULL,NULL,NULL,NULL,NULL,NULL,NULL,200,'2018-11-13 10:22:29','2018-11-13 10:22:29'),(73,26,'station','Hưng Hà','hung-ha',NULL,NULL,NULL,NULL,NULL,NULL,NULL,NULL,200,'2018-11-13 10:22:29','2018-11-13 10:22:29'),(74,26,'station','Quỳnh Côi','quynh-coi',NULL,NULL,NULL,NULL,NULL,NULL,NULL,NULL,200,'2018-11-13 10:22:29','2018-11-13 10:22:29'),(75,26,'station','Thái Bình','thai-binh',NULL,NULL,NULL,NULL,NULL,NULL,NULL,NULL,200,'2018-11-13 10:22:29','2018-11-13 10:22:29'),(76,26,'station','Thái Sơn ','thai-son',NULL,NULL,NULL,NULL,NULL,NULL,NULL,NULL,200,'2018-11-13 10:22:29','2018-11-13 10:22:29'),(77,26,'station','Thái Thụy','thai-thuy',NULL,NULL,NULL,NULL,NULL,NULL,NULL,NULL,200,'2018-11-13 10:22:29','2018-11-13 10:22:29'),(78,26,'station','Tiền Hải','tien-hai',NULL,NULL,NULL,NULL,NULL,NULL,NULL,NULL,200,'2018-11-13 10:22:29','2018-11-13 10:22:29'),(79,26,'station','Đông Hưng','dong-hung',NULL,NULL,NULL,NULL,NULL,NULL,NULL,NULL,200,'2018-11-13 10:22:29','2018-11-13 10:22:29'),(80,26,'station','Đông Xuyên','dong-xuyen',NULL,NULL,NULL,NULL,NULL,NULL,NULL,NULL,200,'2018-11-13 10:22:29','2018-11-13 10:22:29'),(81,27,'station','Thái Nguyên','thai-nguyen',NULL,NULL,NULL,NULL,NULL,NULL,NULL,NULL,200,'2018-11-13 10:22:29','2018-11-13 10:22:29'),(82,27,'station','Đình Cả','dinh-ca',NULL,NULL,NULL,NULL,NULL,NULL,NULL,NULL,200,'2018-11-13 10:22:29','2018-11-13 10:22:29'),(83,28,'station','Cẩm Thủy','cam-thuy',NULL,NULL,NULL,NULL,NULL,NULL,NULL,NULL,200,'2018-11-13 10:22:29','2018-11-13 10:22:29'),(84,28,'station','Nghi Sơn','nghi-son',NULL,NULL,NULL,NULL,NULL,NULL,NULL,NULL,200,'2018-11-13 10:22:29','2018-11-13 10:22:29'),(85,28,'station','Nông Cống','nong-cong',NULL,NULL,NULL,NULL,NULL,NULL,NULL,NULL,200,'2018-11-13 10:22:29','2018-11-13 10:22:29'),(86,28,'station','Thanh Hóa','thanh-hoa',NULL,NULL,NULL,NULL,NULL,NULL,NULL,NULL,200,'2018-11-13 10:22:29','2018-11-13 10:22:29'),(87,28,'station','Thọ Xuân','tho-xuan',NULL,NULL,NULL,NULL,NULL,NULL,NULL,NULL,200,'2018-11-13 10:22:29','2018-11-13 10:22:29'),(88,33,'station','Chiêm Hóa','chiem-hoa',NULL,NULL,NULL,NULL,NULL,NULL,NULL,NULL,200,'2018-11-13 10:22:29','2018-11-13 10:22:29'),(89,33,'station','Hàm Yên','ham-yen',NULL,NULL,NULL,NULL,NULL,NULL,NULL,NULL,200,'2018-11-13 10:22:29','2018-11-13 10:22:29'),(90,33,'station','Kim Xuyên','kim-xuyen',NULL,NULL,NULL,NULL,NULL,NULL,NULL,NULL,200,'2018-11-13 10:22:30','2018-11-13 10:22:30'),(91,33,'station','Na Hang','na-hang',NULL,NULL,NULL,NULL,NULL,NULL,NULL,NULL,200,'2018-11-13 10:22:30','2018-11-13 10:22:30'),(92,33,'station','Sơn Dương','son-duong',NULL,NULL,NULL,NULL,NULL,NULL,NULL,NULL,200,'2018-11-13 10:22:30','2018-11-13 10:22:30'),(93,33,'station','Tuyên Quang','tuyen-quang',NULL,NULL,NULL,NULL,NULL,NULL,NULL,NULL,200,'2018-11-13 10:22:30','2018-11-13 10:22:30'),(94,34,'station','Lập Thạch','lap-thach-1',NULL,NULL,NULL,NULL,NULL,NULL,NULL,NULL,200,'2018-11-13 10:22:30','2018-11-13 10:22:30'),(95,34,'station','Phúc Yên','phuc-yen-1',NULL,NULL,NULL,NULL,NULL,NULL,NULL,NULL,200,'2018-11-13 10:22:30','2018-11-13 10:22:30'),(96,34,'station','Vĩnh Tường','vinh-tuong-1',NULL,NULL,NULL,NULL,NULL,NULL,NULL,NULL,200,'2018-11-13 10:22:30','2018-11-13 10:22:30'),(97,34,'station','Vĩnh Yên','vinh-yen-1',NULL,NULL,NULL,NULL,NULL,NULL,NULL,NULL,200,'2018-11-13 10:22:30','2018-11-13 10:22:30'),(98,34,'station','Yên Lạc','yen-lac-1',NULL,NULL,NULL,NULL,NULL,NULL,NULL,NULL,200,'2018-11-13 10:22:30','2018-11-13 10:22:30'),(99,35,'station','Lục Yên','luc-yen',NULL,NULL,NULL,NULL,NULL,NULL,NULL,NULL,200,'2018-11-13 10:22:30','2018-11-13 10:22:30'),(100,35,'station','Nghĩa Lộ','nghia-lo',NULL,NULL,NULL,NULL,NULL,NULL,NULL,NULL,200,'2018-11-13 10:22:30','2018-11-13 10:22:30'),(101,35,'station','Yên Bái','yen-bai',NULL,NULL,NULL,NULL,NULL,NULL,NULL,NULL,200,'2018-11-13 10:22:30','2018-11-13 10:22:30'),(102,36,'station','Đắk Lăk','dak-lak',NULL,NULL,NULL,NULL,NULL,NULL,NULL,NULL,200,'2018-11-13 10:22:30','2018-11-13 10:22:30'),(103,37,'station','Điện Biên','dien-bien',NULL,NULL,NULL,NULL,NULL,NULL,NULL,NULL,200,'2018-11-13 10:22:30','2018-11-13 10:22:30'),(104,11,'station','Mỹ Đình','my-dinh',NULL,NULL,NULL,NULL,NULL,NULL,NULL,NULL,200,'2018-11-14 12:28:36','2018-11-14 12:28:36'),(105,11,'place','Xuân Mai','xuan-mai',NULL,NULL,NULL,NULL,NULL,NULL,NULL,NULL,200,'2018-11-14 20:44:42','2018-11-14 20:44:42'),(106,14,'place','Lương Sơn','luong-son',NULL,NULL,NULL,NULL,NULL,NULL,NULL,NULL,200,'2018-11-15 02:01:20','2018-11-15 02:01:20'),(107,14,'place','Kỳ Sơn','ky-son',NULL,NULL,NULL,NULL,NULL,NULL,NULL,NULL,200,'2018-11-20 09:02:13','2018-11-20 09:02:13'),(108,11,'place','Cao tốc Hòa Lạc','cao-toc-hoa-lac',NULL,NULL,NULL,NULL,NULL,NULL,NULL,NULL,200,'2018-11-20 09:02:54','2018-11-20 09:02:54'),(109,28,'place','Nghi Sơn','nghi-son',NULL,NULL,NULL,NULL,NULL,NULL,NULL,NULL,200,'2018-11-20 09:03:27','2018-11-20 09:03:27'),(110,28,'place','Còng','cong',NULL,NULL,NULL,NULL,NULL,NULL,NULL,NULL,200,'2018-11-20 09:03:49','2018-11-20 09:03:49'),(111,11,'place','Quốc lộ 1A','quoc-lo-1a',NULL,NULL,NULL,NULL,NULL,NULL,NULL,NULL,200,'2018-11-20 09:25:07','2018-11-20 09:25:07'),(112,40,'station','Tuần Giáo','tuan-giao',NULL,NULL,NULL,NULL,NULL,NULL,NULL,NULL,200,'2018-11-21 21:01:26','2018-11-21 21:01:26'),(113,37,'station','Bản Phủ','ban-phu',NULL,NULL,NULL,NULL,NULL,NULL,NULL,NULL,200,'2018-11-21 21:04:02','2018-11-21 21:04:02'),(114,27,'station','Phú Bình','phu-binh',NULL,NULL,NULL,NULL,NULL,NULL,NULL,NULL,200,'2018-11-21 21:06:26','2018-11-21 21:06:26'),(115,37,'place','Bản Phủ','ban-phu',NULL,NULL,NULL,NULL,NULL,NULL,NULL,NULL,200,'2018-12-01 22:49:29','2018-12-01 22:49:29'),(116,25,'place','Chiềng Sinh','chieng-sinh',NULL,NULL,NULL,NULL,NULL,NULL,NULL,NULL,200,'2018-12-01 22:49:54','2018-12-01 22:49:54'),(117,25,'place','Mộc Châu','moc-chau',NULL,NULL,NULL,NULL,NULL,NULL,NULL,NULL,200,'2018-12-01 23:17:20','2018-12-01 23:17:20'),(118,37,'place','Tuần Giáo','tuan-giao',NULL,NULL,NULL,NULL,NULL,NULL,NULL,NULL,200,'2018-12-02 11:35:15','2018-12-02 11:35:15'),(119,25,'station','Mộc Châu','moc-chau',NULL,NULL,NULL,NULL,NULL,NULL,NULL,NULL,200,'2018-12-02 16:00:35','2018-12-02 16:00:35');
/*!40000 ALTER TABLE `stations` ENABLE KEYS */;
UNLOCK TABLES;

--
-- Table structure for table `subcribers`
--

DROP TABLE IF EXISTS `subcribers`;
/*!40101 SET @saved_cs_client     = @@character_set_client */;
/*!40101 SET character_set_client = utf8 */;
CREATE TABLE `subcribers` (
  `id` int(10) unsigned NOT NULL AUTO_INCREMENT,
  `email` varchar(191) COLLATE utf8mb4_unicode_ci NOT NULL,
  `created_at` timestamp NULL DEFAULT NULL,
  `updated_at` timestamp NULL DEFAULT NULL,
  PRIMARY KEY (`id`),
  UNIQUE KEY `subcribers_email_unique` (`email`)
) ENGINE=InnoDB AUTO_INCREMENT=3 DEFAULT CHARSET=utf8mb4 COLLATE=utf8mb4_unicode_ci;
/*!40101 SET character_set_client = @saved_cs_client */;

--
-- Dumping data for table `subcribers`
--

LOCK TABLES `subcribers` WRITE;
/*!40000 ALTER TABLE `subcribers` DISABLE KEYS */;
INSERT INTO `subcribers` VALUES (1,'doanln16@gmail.com','2018-12-06 08:00:00','2018-12-06 08:00:00'),(2,'lengocdoan.hb.2016@gmail.com','2018-12-09 17:08:47','2018-12-09 17:08:47');
/*!40000 ALTER TABLE `subcribers` ENABLE KEYS */;
UNLOCK TABLES;

--
-- Table structure for table `tag_links`
--

DROP TABLE IF EXISTS `tag_links`;
/*!40101 SET @saved_cs_client     = @@character_set_client */;
/*!40101 SET character_set_client = utf8 */;
CREATE TABLE `tag_links` (
  `id` int(10) unsigned NOT NULL AUTO_INCREMENT,
  `object` varchar(191) COLLATE utf8mb4_unicode_ci NOT NULL,
  `object_id` int(11) NOT NULL,
  `tag_id` int(11) NOT NULL,
  PRIMARY KEY (`id`)
) ENGINE=InnoDB AUTO_INCREMENT=20 DEFAULT CHARSET=utf8mb4 COLLATE=utf8mb4_unicode_ci;
/*!40101 SET character_set_client = @saved_cs_client */;

--
-- Dumping data for table `tag_links`
--

LOCK TABLES `tag_links` WRITE;
/*!40000 ALTER TABLE `tag_links` DISABLE KEYS */;
INSERT INTO `tag_links` VALUES (1,'dynamic',4,1),(10,'dynamic',14,2),(11,'dynamic',15,3),(13,'dynamic',17,5),(14,'dynamic',18,6),(15,'dynamic',20,7),(16,'dynamic',21,8),(17,'page',15,9),(18,'page',15,1),(19,'page',15,3);
/*!40000 ALTER TABLE `tag_links` ENABLE KEYS */;
UNLOCK TABLES;

--
-- Table structure for table `tags`
--

DROP TABLE IF EXISTS `tags`;
/*!40101 SET @saved_cs_client     = @@character_set_client */;
/*!40101 SET character_set_client = utf8 */;
CREATE TABLE `tags` (
  `id` int(10) unsigned NOT NULL AUTO_INCREMENT,
  `keywords` varchar(191) COLLATE utf8mb4_unicode_ci NOT NULL,
  `lower` varchar(191) COLLATE utf8mb4_unicode_ci NOT NULL,
  `tagname` varchar(191) COLLATE utf8mb4_unicode_ci NOT NULL,
  `status` int(11) NOT NULL DEFAULT '200',
  PRIMARY KEY (`id`)
) ENGINE=InnoDB AUTO_INCREMENT=10 DEFAULT CHARSET=utf8mb4 COLLATE=utf8mb4_unicode_ci;
/*!40101 SET character_set_client = @saved_cs_client */;

--
-- Dumping data for table `tags`
--

LOCK TABLES `tags` WRITE;
/*!40000 ALTER TABLE `tags` DISABLE KEYS */;
INSERT INTO `tags` VALUES (1,'Hoá đơn điện tử','hoá đơn điện tử','hoa-don-dien-tu',200),(2,'Nghỉ tết âm lịch 2019','nghỉ tết âm lịch 2019','nghi-tet-am-lich-2019',200),(3,'Nghỉ tết dương lịch 2019','nghỉ tết dương lịch 2019','nghi-tet-duong-lich-2019',200),(4,'kinh doanh cá cược bóng đá','kinh doanh cá cược bóng đá','kinh-doanh-ca-cuoc-bong-da',200),(5,'Thương mại điện tử','thương mại điện tử','thuong-mai-dien-tu',200),(6,'tổ chức đại diện sở hữu trí tuệ','tổ chức đại diện sở hữu trí tuệ','to-chuc-dai-dien-so-huu-tri-tue',200),(7,'Trường mầm non quốc tế','trường mầm non quốc tế','truong-mam-non-quoc-te',200),(8,'Tăng lương cơ bản 2018','tăng lương cơ bản 2018','tang-luong-co-ban-2018',200),(9,'q','q','q',200);
/*!40000 ALTER TABLE `tags` ENABLE KEYS */;
UNLOCK TABLES;

--
-- Table structure for table `ticket_prices`
--

DROP TABLE IF EXISTS `ticket_prices`;
/*!40101 SET @saved_cs_client     = @@character_set_client */;
/*!40101 SET character_set_client = utf8 */;
CREATE TABLE `ticket_prices` (
  `id` int(10) unsigned NOT NULL AUTO_INCREMENT,
  `company_id` int(11) NOT NULL DEFAULT '0',
  `route_id` int(11) NOT NULL DEFAULT '0',
  `price` int(11) NOT NULL DEFAULT '0',
  `created_at` timestamp NULL DEFAULT NULL,
  `updated_at` timestamp NULL DEFAULT NULL,
  PRIMARY KEY (`id`)
) ENGINE=InnoDB AUTO_INCREMENT=16 DEFAULT CHARSET=utf8mb4 COLLATE=utf8mb4_unicode_ci;
/*!40101 SET character_set_client = @saved_cs_client */;

--
-- Dumping data for table `ticket_prices`
--

LOCK TABLES `ticket_prices` WRITE;
/*!40000 ALTER TABLE `ticket_prices` DISABLE KEYS */;
INSERT INTO `ticket_prices` VALUES (1,1,1,45000,'2018-12-02 18:09:08','2018-12-02 18:09:08'),(2,2,2,200000,'2018-12-02 18:09:28','2018-12-02 18:09:28'),(3,3,3,110000,'2018-12-02 18:09:50','2018-12-02 18:09:50'),(4,4,5,100000,'2018-12-02 18:10:19','2018-12-02 18:10:19'),(5,15,10,110000,'2018-12-05 15:27:48','2018-12-05 15:27:48'),(6,22,14,250000,'2018-12-08 08:23:56','2018-12-08 08:23:56'),(7,22,2,350000,'2018-12-08 08:24:15','2018-12-08 08:24:15'),(8,3,2,352000,'2018-12-08 08:24:26','2018-12-08 08:24:26'),(9,4,4,650000,'2018-12-08 08:24:36','2018-12-08 08:24:36'),(10,20,4,250000,'2018-12-08 08:24:46','2018-12-08 08:24:46'),(11,21,3,352000,'2018-12-08 08:24:59','2018-12-08 08:24:59'),(12,6,13,260000,'2018-12-08 08:25:11','2018-12-08 08:25:11'),(13,26,13,200000,'2018-12-11 12:26:37','2018-12-11 12:26:37'),(14,26,9,60000,'2018-12-11 12:27:13','2018-12-11 12:27:13'),(15,1,2,100000,'2018-12-11 14:48:42','2018-12-11 14:48:42');
/*!40000 ALTER TABLE `ticket_prices` ENABLE KEYS */;
UNLOCK TABLES;

--
-- Table structure for table `trips`
--

DROP TABLE IF EXISTS `trips`;
/*!40101 SET @saved_cs_client     = @@character_set_client */;
/*!40101 SET character_set_client = utf8 */;
CREATE TABLE `trips` (
  `id` int(10) unsigned NOT NULL AUTO_INCREMENT,
  `schedule_id` int(11) DEFAULT '0',
  `tickets` int(10) unsigned DEFAULT '0',
  `estimated_time` int(11) NOT NULL,
  `started_at` datetime DEFAULT NULL,
  `arrived_at` datetime DEFAULT NULL,
  `completed_at` datetime DEFAULT NULL,
  `status` int(11) NOT NULL DEFAULT '0',
  `created_at` timestamp NULL DEFAULT NULL,
  `updated_at` timestamp NULL DEFAULT NULL,
  `checkin_at` datetime DEFAULT NULL,
  `checkout_at` datetime DEFAULT NULL,
  PRIMARY KEY (`id`)
) ENGINE=InnoDB AUTO_INCREMENT=1450 DEFAULT CHARSET=utf8mb4 COLLATE=utf8mb4_unicode_ci;
/*!40101 SET character_set_client = @saved_cs_client */;

--
-- Dumping data for table `trips`
--

LOCK TABLES `trips` WRITE;
/*!40000 ALTER TABLE `trips` DISABLE KEYS */;
INSERT INTO `trips` VALUES (441,287,0,9000,'2018-12-05 08:00:00','2018-12-05 10:30:00','2018-12-05 08:00:00',0,'2018-12-05 13:59:56','2018-12-05 13:59:56',NULL,NULL),(442,288,0,9000,'2018-12-06 08:00:00','2018-12-06 10:30:00','2018-12-06 08:00:00',0,'2018-12-05 13:59:56','2018-12-05 13:59:56',NULL,NULL),(443,289,0,9000,'2018-12-07 08:00:00','2018-12-07 10:30:00','2018-12-07 08:00:00',0,'2018-12-05 13:59:56','2018-12-05 13:59:56',NULL,NULL),(444,290,0,9000,'2018-12-08 08:00:00','2018-12-08 10:30:00','2018-12-08 08:00:00',1,'2018-12-05 13:59:56','2018-12-08 08:27:02',NULL,NULL),(445,291,0,9000,'2018-12-09 08:00:00','2018-12-09 10:30:00','2018-12-09 08:00:00',0,'2018-12-05 13:59:56','2018-12-05 13:59:56',NULL,NULL),(446,292,0,9000,'2018-12-10 08:00:00','2018-12-10 10:30:00','2018-12-10 22:39:07',100,'2018-12-05 13:59:56','2018-12-10 22:39:07',NULL,'2018-12-10 22:39:07'),(447,293,0,9000,'2018-12-11 08:00:00','2018-12-11 10:30:00','2018-12-11 08:00:00',0,'2018-12-05 13:59:56','2018-12-05 13:59:56',NULL,NULL),(448,294,0,9000,'2018-12-12 08:00:00','2018-12-12 10:30:00','2018-12-12 08:00:00',0,'2018-12-05 13:59:56','2018-12-05 13:59:56',NULL,NULL),(449,295,0,9000,'2018-12-13 08:00:00','2018-12-13 10:30:00','2018-12-13 08:00:00',0,'2018-12-05 13:59:56','2018-12-05 13:59:56',NULL,NULL),(450,296,0,9000,'2018-12-14 08:00:00','2018-12-14 10:30:00','2018-12-14 08:00:00',0,'2018-12-05 13:59:56','2018-12-05 13:59:56',NULL,NULL),(451,297,0,9000,'2018-12-15 08:00:00','2018-12-15 10:30:00','2018-12-15 08:00:00',0,'2018-12-05 13:59:56','2018-12-05 13:59:56',NULL,NULL),(452,298,0,9000,'2018-12-16 08:00:00','2018-12-16 10:30:00','2018-12-16 08:00:00',0,'2018-12-05 13:59:56','2018-12-05 13:59:56',NULL,NULL),(453,299,0,9000,'2018-12-17 08:00:00','2018-12-17 10:30:00','2018-12-17 08:00:00',0,'2018-12-05 13:59:56','2018-12-05 13:59:56',NULL,NULL),(454,300,0,9000,'2018-12-18 08:00:00','2018-12-18 10:30:00','2018-12-18 08:00:00',0,'2018-12-05 13:59:56','2018-12-05 13:59:56',NULL,NULL),(455,301,0,9000,'2018-12-19 08:00:00','2018-12-19 10:30:00','2018-12-19 08:00:00',0,'2018-12-05 13:59:56','2018-12-05 13:59:56',NULL,NULL),(456,302,0,9000,'2018-12-20 08:00:00','2018-12-20 10:30:00','2018-12-20 08:00:00',0,'2018-12-05 13:59:56','2018-12-05 13:59:56',NULL,NULL),(457,303,0,9000,'2018-12-21 08:00:00','2018-12-21 10:30:00','2018-12-21 08:00:00',0,'2018-12-05 13:59:56','2018-12-05 13:59:56',NULL,NULL),(458,304,0,9000,'2018-12-22 08:00:00','2018-12-22 10:30:00','2018-12-22 08:00:00',0,'2018-12-05 13:59:56','2018-12-05 13:59:56',NULL,NULL),(459,305,0,9000,'2018-12-23 08:00:00','2018-12-23 10:30:00','2018-12-23 08:00:00',0,'2018-12-05 13:59:56','2018-12-05 13:59:56',NULL,NULL),(460,306,0,9000,'2018-12-24 08:00:00','2018-12-24 10:30:00','2018-12-24 08:00:00',0,'2018-12-05 13:59:56','2018-12-05 13:59:56',NULL,NULL),(461,307,0,9000,'2018-12-25 08:00:00','2018-12-25 10:30:00','2018-12-25 08:00:00',0,'2018-12-05 13:59:56','2018-12-05 13:59:56',NULL,NULL),(462,308,0,9000,'2018-12-26 08:00:00','2018-12-26 10:30:00','2018-12-26 08:00:00',0,'2018-12-05 13:59:56','2018-12-05 13:59:56',NULL,NULL),(463,309,0,9000,'2018-12-27 08:00:00','2018-12-27 10:30:00','2018-12-27 08:00:00',0,'2018-12-05 13:59:56','2018-12-05 13:59:56',NULL,NULL),(464,310,0,9000,'2018-12-28 08:00:00','2018-12-28 10:30:00','2018-12-28 08:00:00',0,'2018-12-05 13:59:56','2018-12-05 13:59:56',NULL,NULL),(465,311,0,9000,'2018-12-29 08:00:00','2018-12-29 10:30:00','2018-12-29 08:00:00',0,'2018-12-05 13:59:56','2018-12-05 13:59:56',NULL,NULL),(466,312,0,9000,'2018-12-30 08:00:00','2018-12-30 10:30:00','2018-12-30 08:00:00',0,'2018-12-05 13:59:56','2018-12-05 13:59:56',NULL,NULL),(467,313,0,9000,'2018-12-31 08:00:00','2018-12-31 10:30:00','2018-12-31 08:00:00',0,'2018-12-05 13:59:56','2018-12-05 13:59:56',NULL,NULL),(468,314,0,9000,'2018-12-05 13:00:00','2018-12-05 15:30:00','2018-12-05 15:30:00',0,'2018-12-05 13:59:56','2018-12-05 13:59:56',NULL,NULL),(469,315,0,9000,'2018-12-06 13:00:00','2018-12-06 15:30:00','2018-12-06 15:30:00',0,'2018-12-05 13:59:56','2018-12-05 13:59:56',NULL,NULL),(470,316,0,9000,'2018-12-07 13:00:00','2018-12-07 15:30:00','2018-12-07 15:30:00',0,'2018-12-05 13:59:56','2018-12-05 13:59:56',NULL,NULL),(471,317,0,9000,'2018-12-08 13:00:00','2018-12-08 15:30:00','2018-12-08 15:30:00',0,'2018-12-05 13:59:56','2018-12-05 13:59:56',NULL,NULL),(472,318,0,9000,'2018-12-09 13:00:00','2018-12-09 15:30:00','2018-12-09 15:30:00',0,'2018-12-05 13:59:56','2018-12-05 13:59:56',NULL,NULL),(473,319,0,9000,'2018-12-10 13:00:00','2018-12-10 15:30:00','2018-12-10 22:39:45',100,'2018-12-05 13:59:56','2018-12-10 22:39:45','2018-12-10 22:39:45',NULL),(474,320,0,9000,'2018-12-11 13:00:00','2018-12-11 15:30:00','2018-12-11 15:30:00',0,'2018-12-05 13:59:56','2018-12-05 13:59:56',NULL,NULL),(475,321,0,9000,'2018-12-12 13:00:00','2018-12-12 15:30:00','2018-12-12 15:30:00',0,'2018-12-05 13:59:56','2018-12-05 13:59:56',NULL,NULL),(476,322,0,9000,'2018-12-13 13:00:00','2018-12-13 15:30:00','2018-12-13 15:30:00',0,'2018-12-05 13:59:56','2018-12-05 13:59:56',NULL,NULL),(477,323,0,9000,'2018-12-14 13:00:00','2018-12-14 15:30:00','2018-12-14 15:30:00',0,'2018-12-05 13:59:56','2018-12-05 13:59:56',NULL,NULL),(478,324,0,9000,'2018-12-15 13:00:00','2018-12-15 15:30:00','2018-12-15 15:30:00',0,'2018-12-05 13:59:56','2018-12-05 13:59:56',NULL,NULL),(479,325,0,9000,'2018-12-16 13:00:00','2018-12-16 15:30:00','2018-12-16 15:30:00',0,'2018-12-05 13:59:56','2018-12-05 13:59:56',NULL,NULL),(480,326,0,9000,'2018-12-17 13:00:00','2018-12-17 15:30:00','2018-12-17 15:30:00',0,'2018-12-05 13:59:56','2018-12-05 13:59:56',NULL,NULL),(481,327,0,9000,'2018-12-18 13:00:00','2018-12-18 15:30:00','2018-12-18 15:30:00',0,'2018-12-05 13:59:56','2018-12-05 13:59:56',NULL,NULL),(482,328,0,9000,'2018-12-19 13:00:00','2018-12-19 15:30:00','2018-12-19 15:30:00',0,'2018-12-05 13:59:56','2018-12-05 13:59:56',NULL,NULL),(483,329,0,9000,'2018-12-20 13:00:00','2018-12-20 15:30:00','2018-12-20 15:30:00',0,'2018-12-05 13:59:56','2018-12-05 13:59:56',NULL,NULL),(484,330,0,9000,'2018-12-21 13:00:00','2018-12-21 15:30:00','2018-12-21 15:30:00',0,'2018-12-05 13:59:56','2018-12-05 13:59:56',NULL,NULL),(485,331,0,9000,'2018-12-22 13:00:00','2018-12-22 15:30:00','2018-12-22 15:30:00',0,'2018-12-05 13:59:56','2018-12-05 13:59:56',NULL,NULL),(486,332,0,9000,'2018-12-23 13:00:00','2018-12-23 15:30:00','2018-12-23 15:30:00',0,'2018-12-05 13:59:56','2018-12-05 13:59:56',NULL,NULL),(487,333,0,9000,'2018-12-24 13:00:00','2018-12-24 15:30:00','2018-12-24 15:30:00',0,'2018-12-05 13:59:56','2018-12-05 13:59:56',NULL,NULL),(488,334,0,9000,'2018-12-25 13:00:00','2018-12-25 15:30:00','2018-12-25 15:30:00',0,'2018-12-05 13:59:56','2018-12-05 13:59:56',NULL,NULL),(489,335,0,9000,'2018-12-26 13:00:00','2018-12-26 15:30:00','2018-12-26 15:30:00',0,'2018-12-05 13:59:56','2018-12-05 13:59:56',NULL,NULL),(490,336,0,9000,'2018-12-27 13:00:00','2018-12-27 15:30:00','2018-12-27 15:30:00',0,'2018-12-05 13:59:56','2018-12-05 13:59:56',NULL,NULL),(491,337,0,9000,'2018-12-28 13:00:00','2018-12-28 15:30:00','2018-12-28 15:30:00',0,'2018-12-05 13:59:56','2018-12-05 13:59:56',NULL,NULL),(492,338,0,9000,'2018-12-29 13:00:00','2018-12-29 15:30:00','2018-12-29 15:30:00',0,'2018-12-05 13:59:56','2018-12-05 13:59:56',NULL,NULL),(493,339,0,9000,'2018-12-30 13:00:00','2018-12-30 15:30:00','2018-12-30 15:30:00',0,'2018-12-05 13:59:56','2018-12-05 13:59:56',NULL,NULL),(494,340,0,9000,'2018-12-31 13:00:00','2018-12-31 15:30:00','2018-12-31 15:30:00',0,'2018-12-05 13:59:56','2018-12-05 13:59:56',NULL,NULL),(495,341,0,28800,'2018-12-05 07:00:00','2018-12-05 15:00:00','2018-12-05 07:00:00',0,'2018-12-05 14:02:18','2018-12-05 14:02:18',NULL,NULL),(496,342,0,28800,'2018-12-07 07:00:00','2018-12-07 15:00:00','2018-12-07 07:00:00',0,'2018-12-05 14:02:18','2018-12-05 14:02:18',NULL,NULL),(497,343,0,28800,'2018-12-09 07:00:00','2018-12-09 15:00:00','2018-12-09 07:00:00',100,'2018-12-05 14:02:18','2018-12-09 00:38:45',NULL,NULL),(498,344,0,28800,'2018-12-11 07:00:00','2018-12-11 15:00:00','2018-12-11 07:00:00',0,'2018-12-05 14:02:18','2018-12-05 14:02:18',NULL,NULL),(499,345,0,28800,'2018-12-13 07:00:00','2018-12-13 15:00:00','2018-12-13 07:00:00',0,'2018-12-05 14:02:18','2018-12-05 14:02:18',NULL,NULL),(500,346,0,28800,'2018-12-15 07:00:00','2018-12-15 15:00:00','2018-12-15 07:00:00',0,'2018-12-05 14:02:18','2018-12-05 14:02:18',NULL,NULL),(501,347,0,28800,'2018-12-17 07:00:00','2018-12-17 15:00:00','2018-12-17 07:00:00',0,'2018-12-05 14:02:18','2018-12-05 14:02:18',NULL,NULL),(502,348,0,28800,'2018-12-19 07:00:00','2018-12-19 15:00:00','2018-12-19 07:00:00',0,'2018-12-05 14:02:18','2018-12-05 14:02:18',NULL,NULL),(503,349,0,28800,'2018-12-21 07:00:00','2018-12-21 15:00:00','2018-12-21 07:00:00',0,'2018-12-05 14:02:18','2018-12-05 14:02:18',NULL,NULL),(504,350,0,28800,'2018-12-23 07:00:00','2018-12-23 15:00:00','2018-12-23 07:00:00',0,'2018-12-05 14:02:18','2018-12-05 14:02:18',NULL,NULL),(505,351,0,28800,'2018-12-25 07:00:00','2018-12-25 15:00:00','2018-12-25 07:00:00',0,'2018-12-05 14:02:18','2018-12-05 14:02:18',NULL,NULL),(506,352,0,28800,'2018-12-27 07:00:00','2018-12-27 15:00:00','2018-12-27 07:00:00',0,'2018-12-05 14:02:18','2018-12-05 14:02:18',NULL,NULL),(507,353,0,28800,'2018-12-29 07:00:00','2018-12-29 15:00:00','2018-12-29 07:00:00',0,'2018-12-05 14:02:18','2018-12-05 14:02:18',NULL,NULL),(508,354,0,28800,'2018-12-31 07:00:00','2018-12-31 15:00:00','2018-12-31 07:00:00',0,'2018-12-05 14:02:18','2018-12-05 14:02:18',NULL,NULL),(509,355,0,28800,'2018-12-06 08:00:00','2018-12-06 16:00:00','2018-12-06 16:00:00',0,'2018-12-05 14:02:18','2018-12-05 14:02:18',NULL,NULL),(510,356,0,28800,'2018-12-08 08:00:00','2018-12-08 16:00:00','2018-12-08 16:00:00',0,'2018-12-05 14:02:18','2018-12-05 14:02:18',NULL,NULL),(511,357,0,28800,'2018-12-10 08:00:00','2018-12-10 16:00:00','2018-12-10 16:00:00',0,'2018-12-05 14:02:18','2018-12-05 14:02:18',NULL,NULL),(512,358,0,28800,'2018-12-12 08:00:00','2018-12-12 16:00:00','2018-12-12 16:00:00',0,'2018-12-05 14:02:18','2018-12-05 14:02:18',NULL,NULL),(513,359,0,28800,'2018-12-14 08:00:00','2018-12-14 16:00:00','2018-12-14 16:00:00',0,'2018-12-05 14:02:18','2018-12-05 14:02:18',NULL,NULL),(514,360,0,28800,'2018-12-16 08:00:00','2018-12-16 16:00:00','2018-12-16 16:00:00',0,'2018-12-05 14:02:18','2018-12-05 14:02:18',NULL,NULL),(515,361,0,28800,'2018-12-18 08:00:00','2018-12-18 16:00:00','2018-12-18 16:00:00',0,'2018-12-05 14:02:18','2018-12-05 14:02:18',NULL,NULL),(516,362,0,28800,'2018-12-20 08:00:00','2018-12-20 16:00:00','2018-12-20 16:00:00',0,'2018-12-05 14:02:18','2018-12-05 14:02:18',NULL,NULL),(517,363,0,28800,'2018-12-22 08:00:00','2018-12-22 16:00:00','2018-12-22 16:00:00',0,'2018-12-05 14:02:18','2018-12-05 14:02:18',NULL,NULL),(518,364,0,28800,'2018-12-24 08:00:00','2018-12-24 16:00:00','2018-12-24 16:00:00',0,'2018-12-05 14:02:18','2018-12-05 14:02:18',NULL,NULL),(519,365,0,28800,'2018-12-26 08:00:00','2018-12-26 16:00:00','2018-12-26 16:00:00',0,'2018-12-05 14:02:18','2018-12-05 14:02:18',NULL,NULL),(520,366,0,28800,'2018-12-28 08:00:00','2018-12-28 16:00:00','2018-12-28 16:00:00',0,'2018-12-05 14:02:18','2018-12-05 14:02:18',NULL,NULL),(521,367,0,28800,'2018-12-30 08:00:00','2018-12-30 16:00:00','2018-12-30 16:00:00',0,'2018-12-05 14:02:18','2018-12-05 14:02:18',NULL,NULL),(522,368,0,7800,'2018-12-05 05:00:00','2018-12-05 07:10:00','2018-12-05 05:00:00',0,'2018-12-05 14:06:40','2018-12-05 14:06:40',NULL,NULL),(523,368,0,7800,'2018-12-05 11:10:00','2018-12-05 13:20:00','2018-12-05 11:10:00',0,'2018-12-05 14:06:40','2018-12-05 14:06:40',NULL,NULL),(524,368,0,7800,'2018-12-05 16:20:00','2018-12-05 18:30:00','2018-12-05 16:20:00',0,'2018-12-05 14:06:40','2018-12-05 14:06:40',NULL,NULL),(525,369,0,7800,'2018-12-06 05:00:00','2018-12-06 07:10:00','2018-12-06 05:00:00',0,'2018-12-05 14:06:40','2018-12-05 14:06:40',NULL,NULL),(526,369,0,7800,'2018-12-06 11:10:00','2018-12-06 13:20:00','2018-12-06 11:10:00',0,'2018-12-05 14:06:40','2018-12-05 14:06:40',NULL,NULL),(527,369,0,7800,'2018-12-06 16:20:00','2018-12-06 18:30:00','2018-12-06 16:20:00',0,'2018-12-05 14:06:40','2018-12-05 14:06:40',NULL,NULL),(528,370,0,7800,'2018-12-07 05:00:00','2018-12-07 07:10:00','2018-12-07 05:00:00',0,'2018-12-05 14:06:40','2018-12-05 14:06:40',NULL,NULL),(529,370,0,7800,'2018-12-07 11:10:00','2018-12-07 13:20:00','2018-12-07 11:10:00',0,'2018-12-05 14:06:40','2018-12-05 14:06:40',NULL,NULL),(531,371,0,7800,'2018-12-08 05:00:00','2018-12-08 07:10:00','2018-12-08 05:00:00',0,'2018-12-05 14:06:40','2018-12-08 08:26:16',NULL,NULL),(532,371,0,7800,'2018-12-08 11:10:00','2018-12-08 13:20:00','2018-12-08 11:10:00',0,'2018-12-05 14:06:40','2018-12-05 14:06:40',NULL,NULL),(533,371,0,7800,'2018-12-08 16:20:00','2018-12-08 18:30:00','2018-12-08 16:20:00',0,'2018-12-05 14:06:40','2018-12-05 14:06:40',NULL,NULL),(534,372,0,7800,'2018-12-09 05:00:00','2018-12-09 07:10:00','2018-12-09 05:00:00',100,'2018-12-05 14:06:40','2018-12-09 00:35:29',NULL,NULL),(535,372,0,7800,'2018-12-09 11:10:00','2018-12-09 13:20:00','2018-12-09 11:10:00',0,'2018-12-05 14:06:40','2018-12-05 14:06:40',NULL,NULL),(536,372,0,7800,'2018-12-09 16:20:00','2018-12-09 18:30:00','2018-12-09 16:20:00',0,'2018-12-05 14:06:40','2018-12-05 14:06:40',NULL,NULL),(537,373,0,7800,'2018-12-10 05:00:00','2018-12-10 07:10:00','2018-12-10 05:00:00',0,'2018-12-05 14:06:40','2018-12-05 14:06:40',NULL,NULL),(538,373,0,7800,'2018-12-10 11:10:00','2018-12-10 13:20:00','2018-12-10 11:10:00',0,'2018-12-05 14:06:40','2018-12-05 14:06:40',NULL,NULL),(539,373,0,7800,'2018-12-10 16:20:00','2018-12-10 18:30:00','2018-12-10 16:20:00',0,'2018-12-05 14:06:40','2018-12-05 14:06:40',NULL,NULL),(540,374,0,7800,'2018-12-11 05:00:00','2018-12-11 07:10:00','2018-12-11 14:45:11',100,'2018-12-05 14:06:40','2018-12-11 14:45:11',NULL,'2018-12-11 14:45:11'),(541,374,0,7800,'2018-12-11 11:10:00','2018-12-11 13:20:00','2018-12-11 11:10:00',0,'2018-12-05 14:06:40','2018-12-05 14:06:40',NULL,NULL),(542,374,0,7800,'2018-12-11 16:20:00','2018-12-11 18:30:00','2018-12-11 16:20:00',0,'2018-12-05 14:06:40','2018-12-05 14:06:40',NULL,NULL),(543,375,0,7800,'2018-12-12 05:00:00','2018-12-12 07:10:00','2018-12-12 05:00:00',0,'2018-12-05 14:06:40','2018-12-05 14:06:40',NULL,NULL),(544,375,0,7800,'2018-12-12 11:10:00','2018-12-12 13:20:00','2018-12-12 11:10:00',0,'2018-12-05 14:06:40','2018-12-05 14:06:40',NULL,NULL),(545,375,0,7800,'2018-12-12 16:20:00','2018-12-12 18:30:00','2018-12-12 16:20:00',0,'2018-12-05 14:06:40','2018-12-05 14:06:40',NULL,NULL),(546,376,0,7800,'2018-12-13 05:00:00','2018-12-13 07:10:00','2018-12-13 05:00:00',0,'2018-12-05 14:06:40','2018-12-05 14:06:40',NULL,NULL),(547,376,0,7800,'2018-12-13 11:10:00','2018-12-13 13:20:00','2018-12-13 11:10:00',0,'2018-12-05 14:06:40','2018-12-05 14:06:40',NULL,NULL),(548,376,0,7800,'2018-12-13 16:20:00','2018-12-13 18:30:00','2018-12-13 16:20:00',0,'2018-12-05 14:06:40','2018-12-05 14:06:40',NULL,NULL),(549,377,0,7800,'2018-12-14 05:00:00','2018-12-14 07:10:00','2018-12-14 05:00:00',0,'2018-12-05 14:06:40','2018-12-05 14:06:40',NULL,NULL),(550,377,0,7800,'2018-12-14 11:10:00','2018-12-14 13:20:00','2018-12-14 11:10:00',0,'2018-12-05 14:06:40','2018-12-05 14:06:40',NULL,NULL),(551,377,0,7800,'2018-12-14 16:20:00','2018-12-14 18:30:00','2018-12-14 16:20:00',0,'2018-12-05 14:06:40','2018-12-05 14:06:40',NULL,NULL),(552,378,0,7800,'2018-12-15 05:00:00','2018-12-15 07:10:00','2018-12-15 05:00:00',0,'2018-12-05 14:06:40','2018-12-05 14:06:40',NULL,NULL),(553,378,0,7800,'2018-12-15 11:10:00','2018-12-15 13:20:00','2018-12-15 11:10:00',0,'2018-12-05 14:06:40','2018-12-05 14:06:40',NULL,NULL),(554,378,0,7800,'2018-12-15 16:20:00','2018-12-15 18:30:00','2018-12-15 16:20:00',0,'2018-12-05 14:06:40','2018-12-05 14:06:40',NULL,NULL),(555,379,0,7800,'2018-12-16 05:00:00','2018-12-16 07:10:00','2018-12-16 05:00:00',0,'2018-12-05 14:06:40','2018-12-05 14:06:40',NULL,NULL),(556,379,0,7800,'2018-12-16 11:10:00','2018-12-16 13:20:00','2018-12-16 11:10:00',0,'2018-12-05 14:06:40','2018-12-05 14:06:40',NULL,NULL),(557,379,0,7800,'2018-12-16 16:20:00','2018-12-16 18:30:00','2018-12-16 16:20:00',0,'2018-12-05 14:06:40','2018-12-05 14:06:40',NULL,NULL),(558,380,0,7800,'2018-12-17 05:00:00','2018-12-17 07:10:00','2018-12-17 05:00:00',0,'2018-12-05 14:06:40','2018-12-05 14:06:40',NULL,NULL),(559,380,0,7800,'2018-12-17 11:10:00','2018-12-17 13:20:00','2018-12-17 11:10:00',0,'2018-12-05 14:06:40','2018-12-05 14:06:40',NULL,NULL),(560,380,0,7800,'2018-12-17 16:20:00','2018-12-17 18:30:00','2018-12-17 16:20:00',0,'2018-12-05 14:06:40','2018-12-05 14:06:40',NULL,NULL),(561,381,0,7800,'2018-12-18 05:00:00','2018-12-18 07:10:00','2018-12-18 05:00:00',0,'2018-12-05 14:06:40','2018-12-05 14:06:40',NULL,NULL),(562,381,0,7800,'2018-12-18 11:10:00','2018-12-18 13:20:00','2018-12-18 11:10:00',0,'2018-12-05 14:06:40','2018-12-05 14:06:40',NULL,NULL),(563,381,0,7800,'2018-12-18 16:20:00','2018-12-18 18:30:00','2018-12-18 16:20:00',0,'2018-12-05 14:06:40','2018-12-05 14:06:40',NULL,NULL),(564,382,0,7800,'2018-12-19 05:00:00','2018-12-19 07:10:00','2018-12-19 05:00:00',0,'2018-12-05 14:06:40','2018-12-05 14:06:40',NULL,NULL),(565,382,0,7800,'2018-12-19 11:10:00','2018-12-19 13:20:00','2018-12-19 11:10:00',0,'2018-12-05 14:06:40','2018-12-05 14:06:40',NULL,NULL),(566,382,0,7800,'2018-12-19 16:20:00','2018-12-19 18:30:00','2018-12-19 16:20:00',0,'2018-12-05 14:06:40','2018-12-05 14:06:40',NULL,NULL),(567,383,0,7800,'2018-12-20 05:00:00','2018-12-20 07:10:00','2018-12-20 05:00:00',0,'2018-12-05 14:06:40','2018-12-05 14:06:40',NULL,NULL),(568,383,0,7800,'2018-12-20 11:10:00','2018-12-20 13:20:00','2018-12-20 11:10:00',0,'2018-12-05 14:06:40','2018-12-05 14:06:40',NULL,NULL),(569,383,0,7800,'2018-12-20 16:20:00','2018-12-20 18:30:00','2018-12-20 16:20:00',0,'2018-12-05 14:06:40','2018-12-05 14:06:40',NULL,NULL),(570,384,0,7800,'2018-12-21 05:00:00','2018-12-21 07:10:00','2018-12-21 05:00:00',0,'2018-12-05 14:06:40','2018-12-05 14:06:40',NULL,NULL),(571,384,0,7800,'2018-12-21 11:10:00','2018-12-21 13:20:00','2018-12-21 11:10:00',0,'2018-12-05 14:06:40','2018-12-05 14:06:40',NULL,NULL),(572,384,0,7800,'2018-12-21 16:20:00','2018-12-21 18:30:00','2018-12-21 16:20:00',0,'2018-12-05 14:06:40','2018-12-05 14:06:40',NULL,NULL),(573,385,0,7800,'2018-12-22 05:00:00','2018-12-22 07:10:00','2018-12-22 05:00:00',0,'2018-12-05 14:06:40','2018-12-05 14:06:40',NULL,NULL),(574,385,0,7800,'2018-12-22 11:10:00','2018-12-22 13:20:00','2018-12-22 11:10:00',0,'2018-12-05 14:06:40','2018-12-05 14:06:40',NULL,NULL),(575,385,0,7800,'2018-12-22 16:20:00','2018-12-22 18:30:00','2018-12-22 16:20:00',0,'2018-12-05 14:06:40','2018-12-05 14:06:40',NULL,NULL),(576,386,0,7800,'2018-12-23 05:00:00','2018-12-23 07:10:00','2018-12-23 05:00:00',0,'2018-12-05 14:06:40','2018-12-05 14:06:40',NULL,NULL),(577,386,0,7800,'2018-12-23 11:10:00','2018-12-23 13:20:00','2018-12-23 11:10:00',0,'2018-12-05 14:06:40','2018-12-05 14:06:40',NULL,NULL),(578,386,0,7800,'2018-12-23 16:20:00','2018-12-23 18:30:00','2018-12-23 16:20:00',0,'2018-12-05 14:06:40','2018-12-05 14:06:40',NULL,NULL),(579,387,0,7800,'2018-12-24 05:00:00','2018-12-24 07:10:00','2018-12-24 05:00:00',0,'2018-12-05 14:06:40','2018-12-05 14:06:40',NULL,NULL),(580,387,0,7800,'2018-12-24 11:10:00','2018-12-24 13:20:00','2018-12-24 11:10:00',0,'2018-12-05 14:06:40','2018-12-05 14:06:40',NULL,NULL),(581,387,0,7800,'2018-12-24 16:20:00','2018-12-24 18:30:00','2018-12-24 16:20:00',0,'2018-12-05 14:06:40','2018-12-05 14:06:40',NULL,NULL),(582,388,0,7800,'2018-12-25 05:00:00','2018-12-25 07:10:00','2018-12-25 05:00:00',0,'2018-12-05 14:06:40','2018-12-05 14:06:40',NULL,NULL),(583,388,0,7800,'2018-12-25 11:10:00','2018-12-25 13:20:00','2018-12-25 11:10:00',0,'2018-12-05 14:06:41','2018-12-05 14:06:41',NULL,NULL),(584,388,0,7800,'2018-12-25 16:20:00','2018-12-25 18:30:00','2018-12-25 16:20:00',0,'2018-12-05 14:06:41','2018-12-05 14:06:41',NULL,NULL),(585,389,0,7800,'2018-12-26 05:00:00','2018-12-26 07:10:00','2018-12-26 05:00:00',0,'2018-12-05 14:06:41','2018-12-05 14:06:41',NULL,NULL),(586,389,0,7800,'2018-12-26 11:10:00','2018-12-26 13:20:00','2018-12-26 11:10:00',0,'2018-12-05 14:06:41','2018-12-05 14:06:41',NULL,NULL),(587,389,0,7800,'2018-12-26 16:20:00','2018-12-26 18:30:00','2018-12-26 16:20:00',0,'2018-12-05 14:06:41','2018-12-05 14:06:41',NULL,NULL),(588,390,0,7800,'2018-12-27 05:00:00','2018-12-27 07:10:00','2018-12-27 05:00:00',0,'2018-12-05 14:06:41','2018-12-05 14:06:41',NULL,NULL),(589,390,0,7800,'2018-12-27 11:10:00','2018-12-27 13:20:00','2018-12-27 11:10:00',0,'2018-12-05 14:06:41','2018-12-05 14:06:41',NULL,NULL),(590,390,0,7800,'2018-12-27 16:20:00','2018-12-27 18:30:00','2018-12-27 16:20:00',0,'2018-12-05 14:06:41','2018-12-05 14:06:41',NULL,NULL),(591,391,0,7800,'2018-12-28 05:00:00','2018-12-28 07:10:00','2018-12-28 05:00:00',0,'2018-12-05 14:06:41','2018-12-05 14:06:41',NULL,NULL),(592,391,0,7800,'2018-12-28 11:10:00','2018-12-28 13:20:00','2018-12-28 11:10:00',0,'2018-12-05 14:06:41','2018-12-05 14:06:41',NULL,NULL),(593,391,0,7800,'2018-12-28 16:20:00','2018-12-28 18:30:00','2018-12-28 16:20:00',0,'2018-12-05 14:06:41','2018-12-05 14:06:41',NULL,NULL),(594,392,0,7800,'2018-12-29 05:00:00','2018-12-29 07:10:00','2018-12-29 05:00:00',0,'2018-12-05 14:06:41','2018-12-05 14:06:41',NULL,NULL),(595,392,0,7800,'2018-12-29 11:10:00','2018-12-29 13:20:00','2018-12-29 11:10:00',0,'2018-12-05 14:06:41','2018-12-05 14:06:41',NULL,NULL),(596,392,0,7800,'2018-12-29 16:20:00','2018-12-29 18:30:00','2018-12-29 16:20:00',0,'2018-12-05 14:06:41','2018-12-05 14:06:41',NULL,NULL),(597,393,0,7800,'2018-12-30 05:00:00','2018-12-30 07:10:00','2018-12-30 05:00:00',0,'2018-12-05 14:06:41','2018-12-05 14:06:41',NULL,NULL),(598,393,0,7800,'2018-12-30 11:10:00','2018-12-30 13:20:00','2018-12-30 11:10:00',0,'2018-12-05 14:06:41','2018-12-05 14:06:41',NULL,NULL),(599,393,0,7800,'2018-12-30 16:20:00','2018-12-30 18:30:00','2018-12-30 16:20:00',0,'2018-12-05 14:06:41','2018-12-05 14:06:41',NULL,NULL),(600,394,0,7800,'2018-12-31 05:00:00','2018-12-31 07:10:00','2018-12-31 05:00:00',0,'2018-12-05 14:06:41','2018-12-05 14:06:41',NULL,NULL),(601,394,0,7800,'2018-12-31 11:10:00','2018-12-31 13:20:00','2018-12-31 11:10:00',0,'2018-12-05 14:06:41','2018-12-05 14:06:41',NULL,NULL),(602,394,0,7800,'2018-12-31 16:20:00','2018-12-31 18:30:00','2018-12-31 16:20:00',0,'2018-12-05 14:06:41','2018-12-05 14:06:41',NULL,NULL),(603,395,0,7800,'2018-12-05 08:00:00','2018-12-05 10:10:00','2018-12-05 10:10:00',0,'2018-12-05 14:06:41','2018-12-05 14:06:41',NULL,NULL),(604,395,0,7800,'2018-12-05 14:00:00','2018-12-05 16:10:00','2018-12-05 16:10:00',0,'2018-12-05 14:06:41','2018-12-05 14:06:41',NULL,NULL),(605,395,0,7800,'2018-12-05 19:00:00','2018-12-05 21:10:00','2018-12-05 21:10:00',0,'2018-12-05 14:06:41','2018-12-05 14:06:41',NULL,NULL),(606,396,0,7800,'2018-12-06 08:00:00','2018-12-06 10:10:00','2018-12-06 10:10:00',0,'2018-12-05 14:06:41','2018-12-05 14:06:41',NULL,NULL),(607,396,0,7800,'2018-12-06 14:00:00','2018-12-06 16:10:00','2018-12-06 16:10:00',0,'2018-12-05 14:06:41','2018-12-05 14:06:41',NULL,NULL),(608,396,0,7800,'2018-12-06 19:00:00','2018-12-06 21:10:00','2018-12-06 21:10:00',0,'2018-12-05 14:06:41','2018-12-05 14:06:41',NULL,NULL),(609,397,0,7800,'2018-12-07 08:00:00','2018-12-07 10:10:00','2018-12-07 10:10:00',0,'2018-12-05 14:06:41','2018-12-05 14:06:41',NULL,NULL),(610,397,0,7800,'2018-12-07 14:00:00','2018-12-07 16:10:00','2018-12-07 16:10:00',0,'2018-12-05 14:06:41','2018-12-05 14:06:41',NULL,NULL),(611,397,0,7800,'2018-12-07 19:00:00','2018-12-07 21:10:00','2018-12-07 21:10:00',0,'2018-12-05 14:06:41','2018-12-05 14:06:41',NULL,NULL),(612,398,0,7800,'2018-12-08 08:00:00','2018-12-08 10:10:00','2018-12-08 10:10:00',0,'2018-12-05 14:06:41','2018-12-05 14:06:41',NULL,NULL),(613,398,0,7800,'2018-12-08 14:00:00','2018-12-08 16:10:00','2018-12-08 16:10:00',0,'2018-12-05 14:06:41','2018-12-05 14:06:41',NULL,NULL),(614,398,0,7800,'2018-12-08 19:00:00','2018-12-08 21:10:00','2018-12-08 21:10:00',0,'2018-12-05 14:06:41','2018-12-05 14:06:41',NULL,NULL),(615,399,0,7800,'2018-12-09 08:00:00','2018-12-09 10:10:00','2018-12-09 10:10:00',0,'2018-12-05 14:06:41','2018-12-05 14:06:41',NULL,NULL),(616,399,0,7800,'2018-12-09 14:00:00','2018-12-09 16:10:00','2018-12-09 16:10:00',0,'2018-12-05 14:06:41','2018-12-05 14:06:41',NULL,NULL),(617,399,0,7800,'2018-12-09 19:00:00','2018-12-09 21:10:00','2018-12-09 21:10:00',0,'2018-12-05 14:06:41','2018-12-05 14:06:41',NULL,NULL),(618,400,0,7800,'2018-12-10 08:00:00','2018-12-10 10:10:00','2018-12-10 10:10:00',0,'2018-12-05 14:06:41','2018-12-05 14:06:41',NULL,NULL),(619,400,0,7800,'2018-12-10 14:00:00','2018-12-10 16:10:00','2018-12-10 16:10:00',0,'2018-12-05 14:06:41','2018-12-05 14:06:41',NULL,NULL),(620,400,0,7800,'2018-12-10 19:00:00','2018-12-10 21:10:00','2018-12-10 21:10:00',0,'2018-12-05 14:06:41','2018-12-10 22:40:15',NULL,NULL),(621,401,0,7800,'2018-12-11 08:00:00','2018-12-11 10:10:00','2018-12-11 10:10:00',0,'2018-12-05 14:06:41','2018-12-05 14:06:41',NULL,NULL),(622,401,0,7800,'2018-12-11 14:00:00','2018-12-11 16:10:00','2018-12-11 16:10:00',0,'2018-12-05 14:06:41','2018-12-05 14:06:41',NULL,NULL),(623,401,0,7800,'2018-12-11 19:00:00','2018-12-11 21:10:00','2018-12-11 21:10:00',0,'2018-12-05 14:06:41','2018-12-05 14:06:41',NULL,NULL),(624,402,0,7800,'2018-12-12 08:00:00','2018-12-12 10:10:00','2018-12-12 10:10:00',0,'2018-12-05 14:06:41','2018-12-05 14:06:41',NULL,NULL),(625,402,0,7800,'2018-12-12 14:00:00','2018-12-12 16:10:00','2018-12-12 16:10:00',0,'2018-12-05 14:06:41','2018-12-05 14:06:41',NULL,NULL),(626,402,0,7800,'2018-12-12 19:00:00','2018-12-12 21:10:00','2018-12-12 21:10:00',0,'2018-12-05 14:06:41','2018-12-05 14:06:41',NULL,NULL),(627,403,0,7800,'2018-12-13 08:00:00','2018-12-13 10:10:00','2018-12-13 10:10:00',0,'2018-12-05 14:06:41','2018-12-05 14:06:41',NULL,NULL),(628,403,0,7800,'2018-12-13 14:00:00','2018-12-13 16:10:00','2018-12-13 16:10:00',0,'2018-12-05 14:06:41','2018-12-05 14:06:41',NULL,NULL),(629,403,0,7800,'2018-12-13 19:00:00','2018-12-13 21:10:00','2018-12-13 21:10:00',0,'2018-12-05 14:06:41','2018-12-05 14:06:41',NULL,NULL),(630,404,0,7800,'2018-12-14 08:00:00','2018-12-14 10:10:00','2018-12-14 10:10:00',0,'2018-12-05 14:06:41','2018-12-05 14:06:41',NULL,NULL),(631,404,0,7800,'2018-12-14 14:00:00','2018-12-14 16:10:00','2018-12-14 16:10:00',0,'2018-12-05 14:06:41','2018-12-05 14:06:41',NULL,NULL),(632,404,0,7800,'2018-12-14 19:00:00','2018-12-14 21:10:00','2018-12-14 21:10:00',0,'2018-12-05 14:06:41','2018-12-05 14:06:41',NULL,NULL),(633,405,0,7800,'2018-12-15 08:00:00','2018-12-15 10:10:00','2018-12-15 10:10:00',0,'2018-12-05 14:06:41','2018-12-05 14:06:41',NULL,NULL),(634,405,0,7800,'2018-12-15 14:00:00','2018-12-15 16:10:00','2018-12-15 16:10:00',0,'2018-12-05 14:06:41','2018-12-05 14:06:41',NULL,NULL),(635,405,0,7800,'2018-12-15 19:00:00','2018-12-15 21:10:00','2018-12-15 21:10:00',0,'2018-12-05 14:06:41','2018-12-05 14:06:41',NULL,NULL),(636,406,0,7800,'2018-12-16 08:00:00','2018-12-16 10:10:00','2018-12-16 10:10:00',0,'2018-12-05 14:06:41','2018-12-05 14:06:41',NULL,NULL),(637,406,0,7800,'2018-12-16 14:00:00','2018-12-16 16:10:00','2018-12-16 16:10:00',0,'2018-12-05 14:06:41','2018-12-05 14:06:41',NULL,NULL),(638,406,0,7800,'2018-12-16 19:00:00','2018-12-16 21:10:00','2018-12-16 21:10:00',0,'2018-12-05 14:06:41','2018-12-05 14:06:41',NULL,NULL),(639,407,0,7800,'2018-12-17 08:00:00','2018-12-17 10:10:00','2018-12-17 10:10:00',0,'2018-12-05 14:06:41','2018-12-05 14:06:41',NULL,NULL),(640,407,0,7800,'2018-12-17 14:00:00','2018-12-17 16:10:00','2018-12-17 16:10:00',0,'2018-12-05 14:06:41','2018-12-05 14:06:41',NULL,NULL),(641,407,0,7800,'2018-12-17 19:00:00','2018-12-17 21:10:00','2018-12-17 21:10:00',0,'2018-12-05 14:06:41','2018-12-05 14:06:41',NULL,NULL),(642,408,0,7800,'2018-12-18 08:00:00','2018-12-18 10:10:00','2018-12-18 10:10:00',0,'2018-12-05 14:06:41','2018-12-05 14:06:41',NULL,NULL),(643,408,0,7800,'2018-12-18 14:00:00','2018-12-18 16:10:00','2018-12-18 16:10:00',0,'2018-12-05 14:06:41','2018-12-05 14:06:41',NULL,NULL),(644,408,0,7800,'2018-12-18 19:00:00','2018-12-18 21:10:00','2018-12-18 21:10:00',0,'2018-12-05 14:06:41','2018-12-05 14:06:41',NULL,NULL),(645,409,0,7800,'2018-12-19 08:00:00','2018-12-19 10:10:00','2018-12-19 10:10:00',0,'2018-12-05 14:06:41','2018-12-05 14:06:41',NULL,NULL),(646,409,0,7800,'2018-12-19 14:00:00','2018-12-19 16:10:00','2018-12-19 16:10:00',0,'2018-12-05 14:06:41','2018-12-05 14:06:41',NULL,NULL),(647,409,0,7800,'2018-12-19 19:00:00','2018-12-19 21:10:00','2018-12-19 21:10:00',0,'2018-12-05 14:06:41','2018-12-05 14:06:41',NULL,NULL),(648,410,0,7800,'2018-12-20 08:00:00','2018-12-20 10:10:00','2018-12-20 10:10:00',0,'2018-12-05 14:06:41','2018-12-05 14:06:41',NULL,NULL),(649,410,0,7800,'2018-12-20 14:00:00','2018-12-20 16:10:00','2018-12-20 16:10:00',0,'2018-12-05 14:06:41','2018-12-05 14:06:41',NULL,NULL),(650,410,0,7800,'2018-12-20 19:00:00','2018-12-20 21:10:00','2018-12-20 21:10:00',0,'2018-12-05 14:06:41','2018-12-05 14:06:41',NULL,NULL),(651,411,0,7800,'2018-12-21 08:00:00','2018-12-21 10:10:00','2018-12-21 10:10:00',0,'2018-12-05 14:06:41','2018-12-05 14:06:41',NULL,NULL),(652,411,0,7800,'2018-12-21 14:00:00','2018-12-21 16:10:00','2018-12-21 16:10:00',0,'2018-12-05 14:06:41','2018-12-05 14:06:41',NULL,NULL),(653,411,0,7800,'2018-12-21 19:00:00','2018-12-21 21:10:00','2018-12-21 21:10:00',0,'2018-12-05 14:06:41','2018-12-05 14:06:41',NULL,NULL),(654,412,0,7800,'2018-12-22 08:00:00','2018-12-22 10:10:00','2018-12-22 10:10:00',0,'2018-12-05 14:06:41','2018-12-05 14:06:41',NULL,NULL),(655,412,0,7800,'2018-12-22 14:00:00','2018-12-22 16:10:00','2018-12-22 16:10:00',0,'2018-12-05 14:06:41','2018-12-05 14:06:41',NULL,NULL),(656,412,0,7800,'2018-12-22 19:00:00','2018-12-22 21:10:00','2018-12-22 21:10:00',0,'2018-12-05 14:06:41','2018-12-05 14:06:41',NULL,NULL),(657,413,0,7800,'2018-12-23 08:00:00','2018-12-23 10:10:00','2018-12-23 10:10:00',0,'2018-12-05 14:06:41','2018-12-05 14:06:41',NULL,NULL),(658,413,0,7800,'2018-12-23 14:00:00','2018-12-23 16:10:00','2018-12-23 16:10:00',0,'2018-12-05 14:06:41','2018-12-05 14:06:41',NULL,NULL),(659,413,0,7800,'2018-12-23 19:00:00','2018-12-23 21:10:00','2018-12-23 21:10:00',0,'2018-12-05 14:06:41','2018-12-05 14:06:41',NULL,NULL),(660,414,0,7800,'2018-12-24 08:00:00','2018-12-24 10:10:00','2018-12-24 10:10:00',0,'2018-12-05 14:06:41','2018-12-05 14:06:41',NULL,NULL),(661,414,0,7800,'2018-12-24 14:00:00','2018-12-24 16:10:00','2018-12-24 16:10:00',0,'2018-12-05 14:06:41','2018-12-05 14:06:41',NULL,NULL),(662,414,0,7800,'2018-12-24 19:00:00','2018-12-24 21:10:00','2018-12-24 21:10:00',0,'2018-12-05 14:06:41','2018-12-05 14:06:41',NULL,NULL),(663,415,0,7800,'2018-12-25 08:00:00','2018-12-25 10:10:00','2018-12-25 10:10:00',0,'2018-12-05 14:06:41','2018-12-05 14:06:41',NULL,NULL),(664,415,0,7800,'2018-12-25 14:00:00','2018-12-25 16:10:00','2018-12-25 16:10:00',0,'2018-12-05 14:06:41','2018-12-05 14:06:41',NULL,NULL),(665,415,0,7800,'2018-12-25 19:00:00','2018-12-25 21:10:00','2018-12-25 21:10:00',0,'2018-12-05 14:06:41','2018-12-05 14:06:41',NULL,NULL),(666,416,0,7800,'2018-12-26 08:00:00','2018-12-26 10:10:00','2018-12-26 10:10:00',0,'2018-12-05 14:06:41','2018-12-05 14:06:41',NULL,NULL),(667,416,0,7800,'2018-12-26 14:00:00','2018-12-26 16:10:00','2018-12-26 16:10:00',0,'2018-12-05 14:06:41','2018-12-05 14:06:41',NULL,NULL),(668,416,0,7800,'2018-12-26 19:00:00','2018-12-26 21:10:00','2018-12-26 21:10:00',0,'2018-12-05 14:06:41','2018-12-05 14:06:41',NULL,NULL),(669,417,0,7800,'2018-12-27 08:00:00','2018-12-27 10:10:00','2018-12-27 10:10:00',0,'2018-12-05 14:06:41','2018-12-05 14:06:41',NULL,NULL),(670,417,0,7800,'2018-12-27 14:00:00','2018-12-27 16:10:00','2018-12-27 16:10:00',0,'2018-12-05 14:06:41','2018-12-05 14:06:41',NULL,NULL),(671,417,0,7800,'2018-12-27 19:00:00','2018-12-27 21:10:00','2018-12-27 21:10:00',0,'2018-12-05 14:06:41','2018-12-05 14:06:41',NULL,NULL),(672,418,0,7800,'2018-12-28 08:00:00','2018-12-28 10:10:00','2018-12-28 10:10:00',0,'2018-12-05 14:06:41','2018-12-05 14:06:41',NULL,NULL),(673,418,0,7800,'2018-12-28 14:00:00','2018-12-28 16:10:00','2018-12-28 16:10:00',0,'2018-12-05 14:06:41','2018-12-05 14:06:41',NULL,NULL),(674,418,0,7800,'2018-12-28 19:00:00','2018-12-28 21:10:00','2018-12-28 21:10:00',0,'2018-12-05 14:06:41','2018-12-05 14:06:41',NULL,NULL),(675,419,0,7800,'2018-12-29 08:00:00','2018-12-29 10:10:00','2018-12-29 10:10:00',0,'2018-12-05 14:06:41','2018-12-05 14:06:41',NULL,NULL),(676,419,0,7800,'2018-12-29 14:00:00','2018-12-29 16:10:00','2018-12-29 16:10:00',0,'2018-12-05 14:06:41','2018-12-05 14:06:41',NULL,NULL),(677,419,0,7800,'2018-12-29 19:00:00','2018-12-29 21:10:00','2018-12-29 21:10:00',0,'2018-12-05 14:06:41','2018-12-05 14:06:41',NULL,NULL),(678,420,0,7800,'2018-12-30 08:00:00','2018-12-30 10:10:00','2018-12-30 10:10:00',0,'2018-12-05 14:06:41','2018-12-05 14:06:41',NULL,NULL),(679,420,0,7800,'2018-12-30 14:00:00','2018-12-30 16:10:00','2018-12-30 16:10:00',0,'2018-12-05 14:06:41','2018-12-05 14:06:41',NULL,NULL),(680,420,0,7800,'2018-12-30 19:00:00','2018-12-30 21:10:00','2018-12-30 21:10:00',0,'2018-12-05 14:06:41','2018-12-05 14:06:41',NULL,NULL),(681,421,0,7800,'2018-12-31 08:00:00','2018-12-31 10:10:00','2018-12-31 10:10:00',0,'2018-12-05 14:06:41','2018-12-05 14:06:41',NULL,NULL),(682,421,0,7800,'2018-12-31 14:00:00','2018-12-31 16:10:00','2018-12-31 16:10:00',0,'2018-12-05 14:06:41','2018-12-05 14:06:41',NULL,NULL),(683,421,0,7800,'2018-12-31 19:00:00','2018-12-31 21:10:00','2018-12-31 21:10:00',0,'2018-12-05 14:06:41','2018-12-05 14:06:41',NULL,NULL),(686,422,0,36000,'2018-12-05 04:00:00','2018-12-05 14:00:00','2018-12-05 04:00:00',0,'2018-12-05 14:08:43','2018-12-05 19:51:55',NULL,NULL),(687,424,0,36000,'2018-12-09 04:00:00','2018-12-09 14:00:00','2018-12-09 04:00:00',100,'2018-12-05 14:08:43','2018-12-09 00:24:07',NULL,NULL),(688,425,0,36000,'2018-12-13 04:00:00','2018-12-13 14:00:00','2018-12-13 04:00:00',0,'2018-12-05 14:08:43','2018-12-05 14:08:43',NULL,NULL),(689,426,0,36000,'2018-12-17 04:00:00','2018-12-17 14:00:00','2018-12-17 04:00:00',0,'2018-12-05 14:08:43','2018-12-05 14:08:43',NULL,NULL),(690,427,0,36000,'2018-12-21 04:00:00','2018-12-21 14:00:00','2018-12-21 04:00:00',0,'2018-12-05 14:08:43','2018-12-05 14:08:43',NULL,NULL),(691,428,0,36000,'2018-12-25 04:00:00','2018-12-25 14:00:00','2018-12-25 04:00:00',0,'2018-12-05 14:08:43','2018-12-05 14:08:43',NULL,NULL),(692,429,0,36000,'2018-12-29 04:00:00','2018-12-29 14:00:00','2018-12-29 04:00:00',0,'2018-12-05 14:08:43','2018-12-05 14:08:43',NULL,NULL),(693,423,0,36000,'2018-12-07 04:00:00','2018-12-07 14:00:00','2018-12-07 14:00:00',0,'2018-12-05 14:08:43','2018-12-05 14:08:43',NULL,NULL),(694,430,0,36000,'2018-12-11 04:00:00','2018-12-11 14:00:00','2018-12-11 14:00:00',1,'2018-12-05 14:08:43','2018-12-11 13:46:29',NULL,NULL),(695,431,0,36000,'2018-12-15 04:00:00','2018-12-15 14:00:00','2018-12-15 14:00:00',0,'2018-12-05 14:08:43','2018-12-05 14:08:43',NULL,NULL),(696,432,0,36000,'2018-12-19 04:00:00','2018-12-19 14:00:00','2018-12-19 14:00:00',0,'2018-12-05 14:08:43','2018-12-05 14:08:43',NULL,NULL),(697,433,0,36000,'2018-12-23 04:00:00','2018-12-23 14:00:00','2018-12-23 14:00:00',0,'2018-12-05 14:08:43','2018-12-05 14:08:43',NULL,NULL),(698,434,0,36000,'2018-12-27 04:00:00','2018-12-27 14:00:00','2018-12-27 14:00:00',0,'2018-12-05 14:08:43','2018-12-05 14:08:43',NULL,NULL),(699,435,0,36000,'2018-12-05 07:00:00','2018-12-05 17:00:00','2018-12-05 07:00:00',0,'2018-12-05 14:09:49','2018-12-05 14:09:49',NULL,NULL),(700,436,0,36000,'2018-12-07 07:00:00','2018-12-07 17:00:00','2018-12-07 07:00:00',0,'2018-12-05 14:09:49','2018-12-05 14:09:49',NULL,NULL),(701,437,0,36000,'2018-12-09 07:00:00','2018-12-09 17:00:00','2018-12-09 07:00:00',100,'2018-12-05 14:09:49','2018-12-09 00:38:42',NULL,NULL),(702,438,0,36000,'2018-12-11 07:00:00','2018-12-11 17:00:00','2018-12-11 07:00:00',0,'2018-12-05 14:09:49','2018-12-05 14:09:49',NULL,NULL),(703,439,0,36000,'2018-12-13 07:00:00','2018-12-13 17:00:00','2018-12-13 07:00:00',0,'2018-12-05 14:09:49','2018-12-05 14:09:49',NULL,NULL),(704,440,0,36000,'2018-12-15 07:00:00','2018-12-15 17:00:00','2018-12-15 07:00:00',0,'2018-12-05 14:09:49','2018-12-05 14:09:49',NULL,NULL),(705,441,0,36000,'2018-12-17 07:00:00','2018-12-17 17:00:00','2018-12-17 07:00:00',0,'2018-12-05 14:09:49','2018-12-05 14:09:49',NULL,NULL),(706,442,0,36000,'2018-12-19 07:00:00','2018-12-19 17:00:00','2018-12-19 07:00:00',0,'2018-12-05 14:09:49','2018-12-05 14:09:49',NULL,NULL),(707,443,0,36000,'2018-12-21 07:00:00','2018-12-21 17:00:00','2018-12-21 07:00:00',0,'2018-12-05 14:09:49','2018-12-05 14:09:49',NULL,NULL),(708,444,0,36000,'2018-12-23 07:00:00','2018-12-23 17:00:00','2018-12-23 07:00:00',0,'2018-12-05 14:09:49','2018-12-05 14:09:49',NULL,NULL),(709,445,0,36000,'2018-12-25 07:00:00','2018-12-25 17:00:00','2018-12-25 07:00:00',0,'2018-12-05 14:09:49','2018-12-05 14:09:49',NULL,NULL),(710,446,0,36000,'2018-12-27 07:00:00','2018-12-27 17:00:00','2018-12-27 07:00:00',0,'2018-12-05 14:09:49','2018-12-05 14:09:49',NULL,NULL),(711,447,0,36000,'2018-12-29 07:00:00','2018-12-29 17:00:00','2018-12-29 07:00:00',0,'2018-12-05 14:09:49','2018-12-05 14:09:49',NULL,NULL),(712,448,0,36000,'2018-12-31 07:00:00','2018-12-31 17:00:00','2018-12-31 07:00:00',0,'2018-12-05 14:09:49','2018-12-05 14:09:49',NULL,NULL),(713,449,0,36600,'2018-12-06 07:00:00','2018-12-06 17:10:00','2018-12-06 17:10:00',0,'2018-12-05 14:09:49','2018-12-05 14:09:49',NULL,NULL),(714,450,0,36600,'2018-12-08 07:00:00','2018-12-08 17:10:00','2018-12-08 17:10:00',0,'2018-12-05 14:09:49','2018-12-05 14:09:49',NULL,NULL),(715,451,0,36600,'2018-12-10 07:00:00','2018-12-10 17:10:00','2018-12-10 17:10:00',0,'2018-12-05 14:09:49','2018-12-05 14:09:49',NULL,NULL),(716,452,0,36600,'2018-12-12 07:00:00','2018-12-12 17:10:00','2018-12-12 17:10:00',0,'2018-12-05 14:09:49','2018-12-05 14:09:49',NULL,NULL),(717,453,0,36600,'2018-12-14 07:00:00','2018-12-14 17:10:00','2018-12-14 17:10:00',0,'2018-12-05 14:09:49','2018-12-05 14:09:49',NULL,NULL),(718,454,0,36600,'2018-12-16 07:00:00','2018-12-16 17:10:00','2018-12-16 17:10:00',0,'2018-12-05 14:09:49','2018-12-05 14:09:49',NULL,NULL),(719,455,0,36600,'2018-12-18 07:00:00','2018-12-18 17:10:00','2018-12-18 17:10:00',0,'2018-12-05 14:09:49','2018-12-05 14:09:49',NULL,NULL),(720,456,0,36600,'2018-12-20 07:00:00','2018-12-20 17:10:00','2018-12-20 17:10:00',0,'2018-12-05 14:09:49','2018-12-05 14:09:49',NULL,NULL),(721,457,0,36600,'2018-12-22 07:00:00','2018-12-22 17:10:00','2018-12-22 17:10:00',0,'2018-12-05 14:09:49','2018-12-05 14:09:49',NULL,NULL),(722,458,0,36600,'2018-12-24 07:00:00','2018-12-24 17:10:00','2018-12-24 17:10:00',0,'2018-12-05 14:09:49','2018-12-05 14:09:49',NULL,NULL),(723,459,0,36600,'2018-12-26 07:00:00','2018-12-26 17:10:00','2018-12-26 17:10:00',0,'2018-12-05 14:09:49','2018-12-05 14:09:49',NULL,NULL),(724,460,0,36600,'2018-12-28 07:00:00','2018-12-28 17:10:00','2018-12-28 17:10:00',0,'2018-12-05 14:09:49','2018-12-05 14:09:49',NULL,NULL),(725,461,0,36600,'2018-12-30 07:00:00','2018-12-30 17:10:00','2018-12-30 17:10:00',0,'2018-12-05 14:09:49','2018-12-05 14:09:49',NULL,NULL),(726,462,0,18000,'2018-12-05 06:00:00','2018-12-05 11:00:00','2018-12-05 06:00:00',0,'2018-12-05 14:10:59','2018-12-05 14:10:59',NULL,NULL),(727,463,0,18000,'2018-12-06 06:00:00','2018-12-06 11:00:00','2018-12-06 06:00:00',0,'2018-12-05 14:10:59','2018-12-05 14:10:59',NULL,NULL),(728,464,0,18000,'2018-12-07 06:00:00','2018-12-07 11:00:00','2018-12-07 06:00:00',0,'2018-12-05 14:10:59','2018-12-05 14:10:59',NULL,NULL),(729,465,0,18000,'2018-12-08 06:00:00','2018-12-08 11:00:00','2018-12-08 06:00:00',-1,'2018-12-05 14:10:59','2018-12-08 09:41:08',NULL,NULL),(730,466,0,18000,'2018-12-09 06:00:00','2018-12-09 11:00:00','2018-12-09 06:00:00',100,'2018-12-05 14:10:59','2018-12-09 00:35:43',NULL,NULL),(731,467,0,18000,'2018-12-10 06:00:00','2018-12-10 11:00:00','2018-12-10 06:00:00',0,'2018-12-05 14:10:59','2018-12-05 14:10:59',NULL,NULL),(732,468,0,18000,'2018-12-11 06:00:00','2018-12-11 11:00:00','2018-12-11 06:00:00',0,'2018-12-05 14:10:59','2018-12-05 14:10:59',NULL,NULL),(733,469,0,18000,'2018-12-12 06:00:00','2018-12-12 11:00:00','2018-12-12 06:00:00',0,'2018-12-05 14:10:59','2018-12-05 14:10:59',NULL,NULL),(734,470,0,18000,'2018-12-13 06:00:00','2018-12-13 11:00:00','2018-12-13 06:00:00',0,'2018-12-05 14:10:59','2018-12-05 14:10:59',NULL,NULL),(735,471,0,18000,'2018-12-14 06:00:00','2018-12-14 11:00:00','2018-12-14 06:00:00',0,'2018-12-05 14:10:59','2018-12-05 14:10:59',NULL,NULL),(736,472,0,18000,'2018-12-15 06:00:00','2018-12-15 11:00:00','2018-12-15 06:00:00',0,'2018-12-05 14:10:59','2018-12-05 14:10:59',NULL,NULL),(737,473,0,18000,'2018-12-16 06:00:00','2018-12-16 11:00:00','2018-12-16 06:00:00',0,'2018-12-05 14:10:59','2018-12-05 14:10:59',NULL,NULL),(738,474,0,18000,'2018-12-17 06:00:00','2018-12-17 11:00:00','2018-12-17 06:00:00',0,'2018-12-05 14:10:59','2018-12-05 14:10:59',NULL,NULL),(739,475,0,18000,'2018-12-18 06:00:00','2018-12-18 11:00:00','2018-12-18 06:00:00',0,'2018-12-05 14:10:59','2018-12-05 14:10:59',NULL,NULL),(740,476,0,18000,'2018-12-19 06:00:00','2018-12-19 11:00:00','2018-12-19 06:00:00',0,'2018-12-05 14:10:59','2018-12-05 14:10:59',NULL,NULL),(741,477,0,18000,'2018-12-20 06:00:00','2018-12-20 11:00:00','2018-12-20 06:00:00',0,'2018-12-05 14:10:59','2018-12-05 14:10:59',NULL,NULL),(742,478,0,18000,'2018-12-21 06:00:00','2018-12-21 11:00:00','2018-12-21 06:00:00',0,'2018-12-05 14:10:59','2018-12-05 14:10:59',NULL,NULL),(743,479,0,18000,'2018-12-22 06:00:00','2018-12-22 11:00:00','2018-12-22 06:00:00',0,'2018-12-05 14:10:59','2018-12-05 14:10:59',NULL,NULL),(744,480,0,18000,'2018-12-23 06:00:00','2018-12-23 11:00:00','2018-12-23 06:00:00',0,'2018-12-05 14:10:59','2018-12-05 14:10:59',NULL,NULL),(745,481,0,18000,'2018-12-24 06:00:00','2018-12-24 11:00:00','2018-12-24 06:00:00',0,'2018-12-05 14:10:59','2018-12-05 14:10:59',NULL,NULL),(746,482,0,18000,'2018-12-25 06:00:00','2018-12-25 11:00:00','2018-12-25 06:00:00',0,'2018-12-05 14:10:59','2018-12-05 14:10:59',NULL,NULL),(747,483,0,18000,'2018-12-26 06:00:00','2018-12-26 11:00:00','2018-12-26 06:00:00',0,'2018-12-05 14:10:59','2018-12-05 14:10:59',NULL,NULL),(748,484,0,18000,'2018-12-27 06:00:00','2018-12-27 11:00:00','2018-12-27 06:00:00',0,'2018-12-05 14:10:59','2018-12-05 14:10:59',NULL,NULL),(749,485,0,18000,'2018-12-28 06:00:00','2018-12-28 11:00:00','2018-12-28 06:00:00',0,'2018-12-05 14:10:59','2018-12-05 14:10:59',NULL,NULL),(750,486,0,18000,'2018-12-29 06:00:00','2018-12-29 11:00:00','2018-12-29 06:00:00',0,'2018-12-05 14:10:59','2018-12-05 14:10:59',NULL,NULL),(751,487,0,18000,'2018-12-30 06:00:00','2018-12-30 11:00:00','2018-12-30 06:00:00',0,'2018-12-05 14:10:59','2018-12-05 14:10:59',NULL,NULL),(752,488,0,18000,'2018-12-31 06:00:00','2018-12-31 11:00:00','2018-12-31 06:00:00',0,'2018-12-05 14:10:59','2018-12-05 14:10:59',NULL,NULL),(753,489,0,18000,'2018-12-05 14:00:00','2018-12-05 19:00:00','2018-12-05 19:00:00',0,'2018-12-05 14:10:59','2018-12-05 14:10:59',NULL,NULL),(754,490,0,18000,'2018-12-06 14:00:00','2018-12-06 19:00:00','2018-12-06 19:00:00',0,'2018-12-05 14:10:59','2018-12-05 14:10:59',NULL,NULL),(755,491,0,18000,'2018-12-07 14:00:00','2018-12-07 19:00:00','2018-12-07 19:00:00',0,'2018-12-05 14:10:59','2018-12-05 14:10:59',NULL,NULL),(756,492,0,18000,'2018-12-08 14:00:00','2018-12-08 19:00:00','2018-12-08 19:00:00',0,'2018-12-05 14:10:59','2018-12-05 14:10:59',NULL,NULL),(757,493,0,18000,'2018-12-09 14:00:00','2018-12-09 19:00:00','2018-12-09 19:00:00',0,'2018-12-05 14:10:59','2018-12-05 14:10:59',NULL,NULL),(758,494,0,18000,'2018-12-10 14:00:00','2018-12-10 19:00:00','2018-12-10 19:00:00',0,'2018-12-05 14:10:59','2018-12-05 14:10:59',NULL,NULL),(759,495,0,18000,'2018-12-11 14:00:00','2018-12-11 19:00:00','2018-12-11 19:00:00',0,'2018-12-05 14:10:59','2018-12-05 14:10:59',NULL,NULL),(760,496,0,18000,'2018-12-12 14:00:00','2018-12-12 19:00:00','2018-12-12 19:00:00',0,'2018-12-05 14:10:59','2018-12-05 14:10:59',NULL,NULL),(761,497,0,18000,'2018-12-13 14:00:00','2018-12-13 19:00:00','2018-12-13 19:00:00',0,'2018-12-05 14:10:59','2018-12-05 14:10:59',NULL,NULL),(762,498,0,18000,'2018-12-14 14:00:00','2018-12-14 19:00:00','2018-12-14 19:00:00',0,'2018-12-05 14:10:59','2018-12-05 14:10:59',NULL,NULL),(763,499,0,18000,'2018-12-15 14:00:00','2018-12-15 19:00:00','2018-12-15 19:00:00',0,'2018-12-05 14:10:59','2018-12-05 14:10:59',NULL,NULL),(764,500,0,18000,'2018-12-16 14:00:00','2018-12-16 19:00:00','2018-12-16 19:00:00',0,'2018-12-05 14:10:59','2018-12-05 14:10:59',NULL,NULL),(765,501,0,18000,'2018-12-17 14:00:00','2018-12-17 19:00:00','2018-12-17 19:00:00',0,'2018-12-05 14:10:59','2018-12-05 14:10:59',NULL,NULL),(766,502,0,18000,'2018-12-18 14:00:00','2018-12-18 19:00:00','2018-12-18 19:00:00',0,'2018-12-05 14:10:59','2018-12-05 14:10:59',NULL,NULL),(767,503,0,18000,'2018-12-19 14:00:00','2018-12-19 19:00:00','2018-12-19 19:00:00',0,'2018-12-05 14:10:59','2018-12-05 14:10:59',NULL,NULL),(768,504,0,18000,'2018-12-20 14:00:00','2018-12-20 19:00:00','2018-12-20 19:00:00',0,'2018-12-05 14:10:59','2018-12-05 14:10:59',NULL,NULL),(769,505,0,18000,'2018-12-21 14:00:00','2018-12-21 19:00:00','2018-12-21 19:00:00',0,'2018-12-05 14:10:59','2018-12-05 14:10:59',NULL,NULL),(770,506,0,18000,'2018-12-22 14:00:00','2018-12-22 19:00:00','2018-12-22 19:00:00',0,'2018-12-05 14:10:59','2018-12-05 14:10:59',NULL,NULL),(771,507,0,18000,'2018-12-23 14:00:00','2018-12-23 19:00:00','2018-12-23 19:00:00',0,'2018-12-05 14:10:59','2018-12-05 14:10:59',NULL,NULL),(772,508,0,18000,'2018-12-24 14:00:00','2018-12-24 19:00:00','2018-12-24 19:00:00',0,'2018-12-05 14:10:59','2018-12-05 14:10:59',NULL,NULL),(773,509,0,18000,'2018-12-25 14:00:00','2018-12-25 19:00:00','2018-12-25 19:00:00',0,'2018-12-05 14:10:59','2018-12-05 14:10:59',NULL,NULL),(774,510,0,18000,'2018-12-26 14:00:00','2018-12-26 19:00:00','2018-12-26 19:00:00',0,'2018-12-05 14:10:59','2018-12-05 14:10:59',NULL,NULL),(775,511,0,18000,'2018-12-27 14:00:00','2018-12-27 19:00:00','2018-12-27 19:00:00',0,'2018-12-05 14:10:59','2018-12-05 14:10:59',NULL,NULL),(776,512,0,18000,'2018-12-28 14:00:00','2018-12-28 19:00:00','2018-12-28 19:00:00',0,'2018-12-05 14:10:59','2018-12-05 14:10:59',NULL,NULL),(777,513,0,18000,'2018-12-29 14:00:00','2018-12-29 19:00:00','2018-12-29 19:00:00',0,'2018-12-05 14:10:59','2018-12-05 14:10:59',NULL,NULL),(778,514,0,18000,'2018-12-30 14:00:00','2018-12-30 19:00:00','2018-12-30 19:00:00',0,'2018-12-05 14:10:59','2018-12-05 14:10:59',NULL,NULL),(779,515,0,18000,'2018-12-31 14:00:00','2018-12-31 19:00:00','2018-12-31 19:00:00',0,'2018-12-05 14:10:59','2018-12-05 14:10:59',NULL,NULL),(780,516,0,7800,'2018-12-05 07:20:00','2018-12-05 09:30:00','2018-12-05 07:20:00',0,'2018-12-05 14:12:05','2018-12-05 14:12:05',NULL,NULL),(781,517,0,7800,'2018-12-06 07:20:00','2018-12-06 09:30:00','2018-12-06 07:20:00',0,'2018-12-05 14:12:05','2018-12-05 14:12:05',NULL,NULL),(782,518,0,7800,'2018-12-07 07:20:00','2018-12-07 09:30:00','2018-12-07 07:20:00',0,'2018-12-05 14:12:05','2018-12-05 14:12:05',NULL,NULL),(783,519,0,7800,'2018-12-08 07:20:00','2018-12-08 09:30:00','2018-12-08 07:20:00',-1,'2018-12-05 14:12:05','2018-12-08 08:25:58',NULL,NULL),(784,520,0,7800,'2018-12-09 07:20:00','2018-12-09 09:30:00','2018-12-09 07:20:00',0,'2018-12-05 14:12:05','2018-12-05 14:12:05',NULL,NULL),(785,521,0,7800,'2018-12-10 07:20:00','2018-12-10 09:30:00','2018-12-10 07:20:00',0,'2018-12-05 14:12:05','2018-12-05 14:12:05',NULL,NULL),(786,522,0,7800,'2018-12-11 07:20:00','2018-12-11 09:30:00','2018-12-11 07:20:00',0,'2018-12-05 14:12:05','2018-12-05 14:12:05',NULL,NULL),(787,523,0,7800,'2018-12-12 07:20:00','2018-12-12 09:30:00','2018-12-12 07:20:00',0,'2018-12-05 14:12:05','2018-12-05 14:12:05',NULL,NULL),(788,524,0,7800,'2018-12-13 07:20:00','2018-12-13 09:30:00','2018-12-13 07:20:00',0,'2018-12-05 14:12:05','2018-12-05 14:12:05',NULL,NULL),(789,525,0,7800,'2018-12-14 07:20:00','2018-12-14 09:30:00','2018-12-14 07:20:00',0,'2018-12-05 14:12:05','2018-12-05 14:12:05',NULL,NULL),(790,526,0,7800,'2018-12-15 07:20:00','2018-12-15 09:30:00','2018-12-15 07:20:00',0,'2018-12-05 14:12:05','2018-12-05 14:12:05',NULL,NULL),(791,527,0,7800,'2018-12-16 07:20:00','2018-12-16 09:30:00','2018-12-16 07:20:00',0,'2018-12-05 14:12:05','2018-12-05 14:12:05',NULL,NULL),(792,528,0,7800,'2018-12-17 07:20:00','2018-12-17 09:30:00','2018-12-17 07:20:00',0,'2018-12-05 14:12:05','2018-12-05 14:12:05',NULL,NULL),(793,529,0,7800,'2018-12-18 07:20:00','2018-12-18 09:30:00','2018-12-18 07:20:00',0,'2018-12-05 14:12:05','2018-12-05 14:12:05',NULL,NULL),(794,530,0,7800,'2018-12-19 07:20:00','2018-12-19 09:30:00','2018-12-19 07:20:00',0,'2018-12-05 14:12:05','2018-12-05 14:12:05',NULL,NULL),(795,531,0,7800,'2018-12-20 07:20:00','2018-12-20 09:30:00','2018-12-20 07:20:00',0,'2018-12-05 14:12:05','2018-12-05 14:12:05',NULL,NULL),(796,532,0,7800,'2018-12-21 07:20:00','2018-12-21 09:30:00','2018-12-21 07:20:00',0,'2018-12-05 14:12:05','2018-12-05 14:12:05',NULL,NULL),(797,533,0,7800,'2018-12-22 07:20:00','2018-12-22 09:30:00','2018-12-22 07:20:00',0,'2018-12-05 14:12:05','2018-12-05 14:12:05',NULL,NULL),(798,534,0,7800,'2018-12-23 07:20:00','2018-12-23 09:30:00','2018-12-23 07:20:00',0,'2018-12-05 14:12:05','2018-12-05 14:12:05',NULL,NULL),(799,535,0,7800,'2018-12-24 07:20:00','2018-12-24 09:30:00','2018-12-24 07:20:00',0,'2018-12-05 14:12:05','2018-12-05 14:12:05',NULL,NULL),(800,536,0,7800,'2018-12-25 07:20:00','2018-12-25 09:30:00','2018-12-25 07:20:00',0,'2018-12-05 14:12:05','2018-12-05 14:12:05',NULL,NULL),(801,537,0,7800,'2018-12-26 07:20:00','2018-12-26 09:30:00','2018-12-26 07:20:00',0,'2018-12-05 14:12:05','2018-12-05 14:12:05',NULL,NULL),(802,538,0,7800,'2018-12-27 07:20:00','2018-12-27 09:30:00','2018-12-27 07:20:00',0,'2018-12-05 14:12:05','2018-12-05 14:12:05',NULL,NULL),(803,539,0,7800,'2018-12-28 07:20:00','2018-12-28 09:30:00','2018-12-28 07:20:00',0,'2018-12-05 14:12:05','2018-12-05 14:12:05',NULL,NULL),(804,540,0,7800,'2018-12-05 12:10:00','2018-12-05 14:20:00','2018-12-05 14:20:00',0,'2018-12-05 14:12:05','2018-12-05 14:12:05',NULL,NULL),(805,541,0,7800,'2018-12-06 12:10:00','2018-12-06 14:20:00','2018-12-06 14:20:00',0,'2018-12-05 14:12:05','2018-12-05 14:12:05',NULL,NULL),(806,542,0,7800,'2018-12-07 12:10:00','2018-12-07 14:20:00','2018-12-07 14:20:00',0,'2018-12-05 14:12:05','2018-12-05 14:12:05',NULL,NULL),(807,543,0,7800,'2018-12-08 12:10:00','2018-12-08 14:20:00','2018-12-08 14:20:00',0,'2018-12-05 14:12:05','2018-12-05 14:12:05',NULL,NULL),(808,544,0,7800,'2018-12-09 12:10:00','2018-12-09 14:20:00','2018-12-09 14:20:00',0,'2018-12-05 14:12:05','2018-12-05 14:12:05',NULL,NULL),(809,545,0,7800,'2018-12-10 12:10:00','2018-12-10 14:20:00','2018-12-10 14:20:00',0,'2018-12-05 14:12:05','2018-12-05 14:12:05',NULL,NULL),(810,546,0,7800,'2018-12-11 12:10:00','2018-12-11 14:20:00','2018-12-11 14:20:00',0,'2018-12-05 14:12:05','2018-12-05 14:12:05',NULL,NULL),(811,547,0,7800,'2018-12-12 12:10:00','2018-12-12 14:20:00','2018-12-12 14:20:00',0,'2018-12-05 14:12:05','2018-12-05 14:12:05',NULL,NULL),(812,548,0,7800,'2018-12-13 12:10:00','2018-12-13 14:20:00','2018-12-13 14:20:00',0,'2018-12-05 14:12:05','2018-12-05 14:12:05',NULL,NULL),(813,549,0,7800,'2018-12-14 12:10:00','2018-12-14 14:20:00','2018-12-14 14:20:00',0,'2018-12-05 14:12:05','2018-12-05 14:12:05',NULL,NULL),(814,550,0,7800,'2018-12-15 12:10:00','2018-12-15 14:20:00','2018-12-15 14:20:00',0,'2018-12-05 14:12:05','2018-12-05 14:12:05',NULL,NULL),(815,551,0,7800,'2018-12-16 12:10:00','2018-12-16 14:20:00','2018-12-16 14:20:00',0,'2018-12-05 14:12:05','2018-12-05 14:12:05',NULL,NULL),(816,552,0,7800,'2018-12-17 12:10:00','2018-12-17 14:20:00','2018-12-17 14:20:00',0,'2018-12-05 14:12:05','2018-12-05 14:12:05',NULL,NULL),(817,553,0,7800,'2018-12-18 12:10:00','2018-12-18 14:20:00','2018-12-18 14:20:00',0,'2018-12-05 14:12:05','2018-12-05 14:12:05',NULL,NULL),(818,554,0,7800,'2018-12-19 12:10:00','2018-12-19 14:20:00','2018-12-19 14:20:00',0,'2018-12-05 14:12:05','2018-12-05 14:12:05',NULL,NULL),(819,555,0,7800,'2018-12-20 12:10:00','2018-12-20 14:20:00','2018-12-20 14:20:00',0,'2018-12-05 14:12:05','2018-12-05 14:12:05',NULL,NULL),(820,556,0,7800,'2018-12-21 12:10:00','2018-12-21 14:20:00','2018-12-21 14:20:00',0,'2018-12-05 14:12:05','2018-12-05 14:12:05',NULL,NULL),(821,557,0,7800,'2018-12-22 12:10:00','2018-12-22 14:20:00','2018-12-22 14:20:00',0,'2018-12-05 14:12:05','2018-12-05 14:12:05',NULL,NULL),(822,558,0,7800,'2018-12-23 12:10:00','2018-12-23 14:20:00','2018-12-23 14:20:00',0,'2018-12-05 14:12:05','2018-12-05 14:12:05',NULL,NULL),(823,559,0,7800,'2018-12-24 12:10:00','2018-12-24 14:20:00','2018-12-24 14:20:00',0,'2018-12-05 14:12:05','2018-12-05 14:12:05',NULL,NULL),(824,560,0,7800,'2018-12-25 12:10:00','2018-12-25 14:20:00','2018-12-25 14:20:00',0,'2018-12-05 14:12:05','2018-12-05 14:12:05',NULL,NULL),(825,561,0,7800,'2018-12-26 12:10:00','2018-12-26 14:20:00','2018-12-26 14:20:00',0,'2018-12-05 14:12:05','2018-12-05 14:12:05',NULL,NULL),(826,562,0,7800,'2018-12-27 12:10:00','2018-12-27 14:20:00','2018-12-27 14:20:00',0,'2018-12-05 14:12:05','2018-12-05 14:12:05',NULL,NULL),(827,563,0,7800,'2018-12-28 12:10:00','2018-12-28 14:20:00','2018-12-28 14:20:00',0,'2018-12-05 14:12:05','2018-12-05 14:12:05',NULL,NULL),(828,564,0,4500,'2018-12-05 08:45:00','2018-12-05 10:00:00','2018-12-05 08:45:00',0,'2018-12-05 14:13:36','2018-12-05 14:13:36',NULL,NULL),(829,565,0,4500,'2018-12-06 08:45:00','2018-12-06 10:00:00','2018-12-06 08:45:00',0,'2018-12-05 14:13:36','2018-12-05 14:13:36',NULL,NULL),(830,566,0,4500,'2018-12-07 08:45:00','2018-12-07 10:00:00','2018-12-07 08:45:00',0,'2018-12-05 14:13:36','2018-12-05 14:13:36',NULL,NULL),(831,567,0,4500,'2018-12-08 08:45:00','2018-12-08 10:00:00','2018-12-08 08:45:00',0,'2018-12-05 14:13:36','2018-12-05 14:13:36',NULL,NULL),(832,568,0,4500,'2018-12-09 08:45:00','2018-12-09 10:00:00','2018-12-09 08:45:00',0,'2018-12-05 14:13:36','2018-12-05 14:13:36',NULL,NULL),(833,569,0,4500,'2018-12-10 08:45:00','2018-12-10 10:00:00','2018-12-10 08:45:00',0,'2018-12-05 14:13:36','2018-12-05 14:13:36',NULL,NULL),(834,570,0,4500,'2018-12-11 08:45:00','2018-12-11 10:00:00','2018-12-11 08:45:00',0,'2018-12-05 14:13:36','2018-12-05 14:13:36',NULL,NULL),(835,571,0,4500,'2018-12-12 08:45:00','2018-12-12 10:00:00','2018-12-12 08:45:00',0,'2018-12-05 14:13:36','2018-12-05 14:13:36',NULL,NULL),(836,572,0,4500,'2018-12-13 08:45:00','2018-12-13 10:00:00','2018-12-13 08:45:00',0,'2018-12-05 14:13:36','2018-12-05 14:13:36',NULL,NULL),(837,573,0,4500,'2018-12-14 08:45:00','2018-12-14 10:00:00','2018-12-14 08:45:00',0,'2018-12-05 14:13:36','2018-12-05 14:13:36',NULL,NULL),(838,574,0,4500,'2018-12-15 08:45:00','2018-12-15 10:00:00','2018-12-15 08:45:00',0,'2018-12-05 14:13:36','2018-12-05 14:13:36',NULL,NULL),(839,575,0,4500,'2018-12-16 08:45:00','2018-12-16 10:00:00','2018-12-16 08:45:00',0,'2018-12-05 14:13:36','2018-12-05 14:13:36',NULL,NULL),(840,576,0,4500,'2018-12-17 08:45:00','2018-12-17 10:00:00','2018-12-17 08:45:00',0,'2018-12-05 14:13:36','2018-12-05 14:13:36',NULL,NULL),(841,577,0,4500,'2018-12-18 08:45:00','2018-12-18 10:00:00','2018-12-18 08:45:00',0,'2018-12-05 14:13:36','2018-12-05 14:13:36',NULL,NULL),(842,578,0,4500,'2018-12-19 08:45:00','2018-12-19 10:00:00','2018-12-19 08:45:00',0,'2018-12-05 14:13:36','2018-12-05 14:13:36',NULL,NULL),(843,579,0,4500,'2018-12-20 08:45:00','2018-12-20 10:00:00','2018-12-20 08:45:00',0,'2018-12-05 14:13:36','2018-12-05 14:13:36',NULL,NULL),(844,580,0,4500,'2018-12-21 08:45:00','2018-12-21 10:00:00','2018-12-21 08:45:00',0,'2018-12-05 14:13:36','2018-12-05 14:13:36',NULL,NULL),(845,581,0,4500,'2018-12-22 08:45:00','2018-12-22 10:00:00','2018-12-22 08:45:00',0,'2018-12-05 14:13:36','2018-12-05 14:13:36',NULL,NULL),(846,582,0,4500,'2018-12-23 08:45:00','2018-12-23 10:00:00','2018-12-23 08:45:00',0,'2018-12-05 14:13:36','2018-12-05 14:13:36',NULL,NULL),(847,583,0,4500,'2018-12-24 08:45:00','2018-12-24 10:00:00','2018-12-24 08:45:00',0,'2018-12-05 14:13:36','2018-12-05 14:13:36',NULL,NULL),(848,584,0,4500,'2018-12-25 08:45:00','2018-12-25 10:00:00','2018-12-25 08:45:00',0,'2018-12-05 14:13:36','2018-12-05 14:13:36',NULL,NULL),(849,585,0,4500,'2018-12-26 08:45:00','2018-12-26 10:00:00','2018-12-26 08:45:00',0,'2018-12-05 14:13:36','2018-12-05 14:13:36',NULL,NULL),(850,586,0,4500,'2018-12-27 08:45:00','2018-12-27 10:00:00','2018-12-27 08:45:00',0,'2018-12-05 14:13:36','2018-12-05 14:13:36',NULL,NULL),(851,587,0,4500,'2018-12-28 08:45:00','2018-12-28 10:00:00','2018-12-28 08:45:00',0,'2018-12-05 14:13:36','2018-12-05 14:13:36',NULL,NULL),(852,588,0,4500,'2018-12-29 08:45:00','2018-12-29 10:00:00','2018-12-29 08:45:00',0,'2018-12-05 14:13:36','2018-12-05 14:13:36',NULL,NULL),(853,589,0,4500,'2018-12-30 08:45:00','2018-12-30 10:00:00','2018-12-30 08:45:00',0,'2018-12-05 14:13:36','2018-12-05 14:13:36',NULL,NULL),(854,590,0,4500,'2018-12-31 08:45:00','2018-12-31 10:00:00','2018-12-31 08:45:00',0,'2018-12-05 14:13:36','2018-12-05 14:13:36',NULL,NULL),(855,591,0,4500,'2018-12-05 13:25:00','2018-12-05 14:40:00','2018-12-05 14:40:00',0,'2018-12-05 14:13:36','2018-12-05 14:13:36',NULL,NULL),(856,592,0,4500,'2018-12-06 13:25:00','2018-12-06 14:40:00','2018-12-06 14:40:00',0,'2018-12-05 14:13:36','2018-12-05 14:13:36',NULL,NULL),(857,593,0,4500,'2018-12-07 13:25:00','2018-12-07 14:40:00','2018-12-07 14:40:00',0,'2018-12-05 14:13:36','2018-12-05 14:13:36',NULL,NULL),(858,594,0,4500,'2018-12-08 13:25:00','2018-12-08 14:40:00','2018-12-08 14:40:00',0,'2018-12-05 14:13:36','2018-12-05 14:13:36',NULL,NULL),(859,595,0,4500,'2018-12-09 13:25:00','2018-12-09 14:40:00','2018-12-09 14:40:00',0,'2018-12-05 14:13:36','2018-12-05 14:13:36',NULL,NULL),(860,596,0,4500,'2018-12-10 13:25:00','2018-12-10 14:40:00','2018-12-10 14:40:00',0,'2018-12-05 14:13:36','2018-12-05 14:13:36',NULL,NULL),(861,597,0,4500,'2018-12-11 13:25:00','2018-12-11 14:40:00','2018-12-11 14:40:00',0,'2018-12-05 14:13:36','2018-12-05 14:13:36',NULL,NULL),(862,598,0,4500,'2018-12-12 13:25:00','2018-12-12 14:40:00','2018-12-12 14:40:00',0,'2018-12-05 14:13:36','2018-12-05 14:13:36',NULL,NULL),(863,599,0,4500,'2018-12-13 13:25:00','2018-12-13 14:40:00','2018-12-13 14:40:00',0,'2018-12-05 14:13:36','2018-12-05 14:13:36',NULL,NULL),(864,600,0,4500,'2018-12-14 13:25:00','2018-12-14 14:40:00','2018-12-14 14:40:00',0,'2018-12-05 14:13:36','2018-12-05 14:13:36',NULL,NULL),(865,601,0,4500,'2018-12-15 13:25:00','2018-12-15 14:40:00','2018-12-15 14:40:00',0,'2018-12-05 14:13:36','2018-12-05 14:13:36',NULL,NULL),(866,602,0,4500,'2018-12-16 13:25:00','2018-12-16 14:40:00','2018-12-16 14:40:00',0,'2018-12-05 14:13:36','2018-12-05 14:13:36',NULL,NULL),(867,603,0,4500,'2018-12-17 13:25:00','2018-12-17 14:40:00','2018-12-17 14:40:00',0,'2018-12-05 14:13:36','2018-12-05 14:13:36',NULL,NULL),(868,604,0,4500,'2018-12-18 13:25:00','2018-12-18 14:40:00','2018-12-18 14:40:00',0,'2018-12-05 14:13:36','2018-12-05 14:13:36',NULL,NULL),(869,605,0,4500,'2018-12-19 13:25:00','2018-12-19 14:40:00','2018-12-19 14:40:00',0,'2018-12-05 14:13:36','2018-12-05 14:13:36',NULL,NULL),(870,606,0,4500,'2018-12-20 13:25:00','2018-12-20 14:40:00','2018-12-20 14:40:00',0,'2018-12-05 14:13:36','2018-12-05 14:13:36',NULL,NULL),(871,607,0,4500,'2018-12-21 13:25:00','2018-12-21 14:40:00','2018-12-21 14:40:00',0,'2018-12-05 14:13:36','2018-12-05 14:13:36',NULL,NULL),(872,608,0,4500,'2018-12-22 13:25:00','2018-12-22 14:40:00','2018-12-22 14:40:00',0,'2018-12-05 14:13:36','2018-12-05 14:13:36',NULL,NULL),(873,609,0,4500,'2018-12-23 13:25:00','2018-12-23 14:40:00','2018-12-23 14:40:00',0,'2018-12-05 14:13:36','2018-12-05 14:13:36',NULL,NULL),(874,610,0,4500,'2018-12-24 13:25:00','2018-12-24 14:40:00','2018-12-24 14:40:00',0,'2018-12-05 14:13:36','2018-12-05 14:13:36',NULL,NULL),(875,611,0,4500,'2018-12-25 13:25:00','2018-12-25 14:40:00','2018-12-25 14:40:00',0,'2018-12-05 14:13:36','2018-12-05 14:13:36',NULL,NULL),(876,612,0,4500,'2018-12-26 13:25:00','2018-12-26 14:40:00','2018-12-26 14:40:00',0,'2018-12-05 14:13:36','2018-12-05 14:13:36',NULL,NULL),(877,613,0,4500,'2018-12-27 13:25:00','2018-12-27 14:40:00','2018-12-27 14:40:00',0,'2018-12-05 14:13:36','2018-12-05 14:13:36',NULL,NULL),(878,614,0,4500,'2018-12-28 13:25:00','2018-12-28 14:40:00','2018-12-28 14:40:00',0,'2018-12-05 14:13:36','2018-12-05 14:13:36',NULL,NULL),(879,615,0,4500,'2018-12-29 13:25:00','2018-12-29 14:40:00','2018-12-29 14:40:00',0,'2018-12-05 14:13:36','2018-12-05 14:13:36',NULL,NULL),(880,616,0,4500,'2018-12-30 13:25:00','2018-12-30 14:40:00','2018-12-30 14:40:00',0,'2018-12-05 14:13:36','2018-12-05 14:13:36',NULL,NULL),(881,617,0,4500,'2018-12-31 13:25:00','2018-12-31 14:40:00','2018-12-31 14:40:00',0,'2018-12-05 14:13:36','2018-12-05 14:13:36',NULL,NULL),(882,618,0,8100,'2018-12-05 08:20:00','2018-12-05 10:35:00','2018-12-05 08:20:00',0,'2018-12-05 14:27:12','2018-12-05 14:27:12',NULL,NULL),(883,618,0,8100,'2018-12-05 13:30:00','2018-12-05 15:45:00','2018-12-05 13:30:00',0,'2018-12-05 14:27:12','2018-12-05 14:27:12',NULL,NULL),(884,619,0,8100,'2018-12-06 08:20:00','2018-12-06 10:35:00','2018-12-06 08:20:00',0,'2018-12-05 14:27:12','2018-12-05 14:27:12',NULL,NULL),(885,619,0,8100,'2018-12-06 13:30:00','2018-12-06 15:45:00','2018-12-06 13:30:00',0,'2018-12-05 14:27:12','2018-12-05 14:27:12',NULL,NULL),(886,620,0,8100,'2018-12-07 08:20:00','2018-12-07 10:35:00','2018-12-07 08:20:00',0,'2018-12-05 14:27:12','2018-12-05 14:27:12',NULL,NULL),(887,620,0,8100,'2018-12-07 13:30:00','2018-12-07 15:45:00','2018-12-07 13:30:00',0,'2018-12-05 14:27:12','2018-12-05 14:27:12',NULL,NULL),(888,621,0,8100,'2018-12-08 08:20:00','2018-12-08 10:35:00','2018-12-08 08:20:00',0,'2018-12-05 14:27:12','2018-12-05 14:27:12',NULL,NULL),(889,621,0,8100,'2018-12-08 13:30:00','2018-12-08 15:45:00','2018-12-08 13:30:00',0,'2018-12-05 14:27:12','2018-12-05 14:27:12',NULL,NULL),(890,622,0,8100,'2018-12-09 08:20:00','2018-12-09 10:35:00','2018-12-09 08:20:00',0,'2018-12-05 14:27:12','2018-12-05 14:27:12',NULL,NULL),(891,622,0,8100,'2018-12-09 13:30:00','2018-12-09 15:45:00','2018-12-09 13:30:00',0,'2018-12-05 14:27:12','2018-12-05 14:27:12',NULL,NULL),(892,623,0,8100,'2018-12-10 08:20:00','2018-12-10 10:35:00','2018-12-10 08:20:00',0,'2018-12-05 14:27:12','2018-12-05 14:27:12',NULL,NULL),(893,623,0,8100,'2018-12-10 13:30:00','2018-12-10 15:45:00','2018-12-10 13:30:00',0,'2018-12-05 14:27:12','2018-12-05 14:27:12',NULL,NULL),(894,624,0,8100,'2018-12-11 08:20:00','2018-12-11 10:35:00','2018-12-11 08:20:00',0,'2018-12-05 14:27:12','2018-12-05 14:27:12',NULL,NULL),(895,624,0,8100,'2018-12-11 13:30:00','2018-12-11 15:45:00','2018-12-11 13:30:00',0,'2018-12-05 14:27:12','2018-12-05 14:27:12',NULL,NULL),(896,625,0,8100,'2018-12-12 08:20:00','2018-12-12 10:35:00','2018-12-12 08:20:00',0,'2018-12-05 14:27:12','2018-12-05 14:27:12',NULL,NULL),(897,625,0,8100,'2018-12-12 13:30:00','2018-12-12 15:45:00','2018-12-12 13:30:00',0,'2018-12-05 14:27:12','2018-12-05 14:27:12',NULL,NULL),(898,626,0,8100,'2018-12-13 08:20:00','2018-12-13 10:35:00','2018-12-13 08:20:00',0,'2018-12-05 14:27:12','2018-12-05 14:27:12',NULL,NULL),(899,626,0,8100,'2018-12-13 13:30:00','2018-12-13 15:45:00','2018-12-13 13:30:00',0,'2018-12-05 14:27:12','2018-12-05 14:27:12',NULL,NULL),(900,627,0,8100,'2018-12-14 08:20:00','2018-12-14 10:35:00','2018-12-14 08:20:00',0,'2018-12-05 14:27:12','2018-12-05 14:27:12',NULL,NULL),(901,627,0,8100,'2018-12-14 13:30:00','2018-12-14 15:45:00','2018-12-14 13:30:00',0,'2018-12-05 14:27:12','2018-12-05 14:27:12',NULL,NULL),(902,628,0,8100,'2018-12-15 08:20:00','2018-12-15 10:35:00','2018-12-15 08:20:00',0,'2018-12-05 14:27:12','2018-12-05 14:27:12',NULL,NULL),(903,628,0,8100,'2018-12-15 13:30:00','2018-12-15 15:45:00','2018-12-15 13:30:00',0,'2018-12-05 14:27:12','2018-12-05 14:27:12',NULL,NULL),(904,629,0,8100,'2018-12-16 08:20:00','2018-12-16 10:35:00','2018-12-16 08:20:00',0,'2018-12-05 14:27:12','2018-12-05 14:27:12',NULL,NULL),(905,629,0,8100,'2018-12-16 13:30:00','2018-12-16 15:45:00','2018-12-16 13:30:00',0,'2018-12-05 14:27:12','2018-12-05 14:27:12',NULL,NULL),(906,630,0,8100,'2018-12-17 08:20:00','2018-12-17 10:35:00','2018-12-17 08:20:00',0,'2018-12-05 14:27:12','2018-12-05 14:27:12',NULL,NULL),(907,630,0,8100,'2018-12-17 13:30:00','2018-12-17 15:45:00','2018-12-17 13:30:00',0,'2018-12-05 14:27:12','2018-12-05 14:27:12',NULL,NULL),(908,631,0,8100,'2018-12-18 08:20:00','2018-12-18 10:35:00','2018-12-18 08:20:00',0,'2018-12-05 14:27:12','2018-12-05 14:27:12',NULL,NULL),(909,631,0,8100,'2018-12-18 13:30:00','2018-12-18 15:45:00','2018-12-18 13:30:00',0,'2018-12-05 14:27:12','2018-12-05 14:27:12',NULL,NULL),(910,632,0,8100,'2018-12-19 08:20:00','2018-12-19 10:35:00','2018-12-19 08:20:00',0,'2018-12-05 14:27:12','2018-12-05 14:27:12',NULL,NULL),(911,632,0,8100,'2018-12-19 13:30:00','2018-12-19 15:45:00','2018-12-19 13:30:00',0,'2018-12-05 14:27:12','2018-12-05 14:27:12',NULL,NULL),(912,633,0,8100,'2018-12-20 08:20:00','2018-12-20 10:35:00','2018-12-20 08:20:00',0,'2018-12-05 14:27:12','2018-12-05 14:27:12',NULL,NULL),(913,633,0,8100,'2018-12-20 13:30:00','2018-12-20 15:45:00','2018-12-20 13:30:00',0,'2018-12-05 14:27:12','2018-12-05 14:27:12',NULL,NULL),(914,634,0,8100,'2018-12-21 08:20:00','2018-12-21 10:35:00','2018-12-21 08:20:00',0,'2018-12-05 14:27:12','2018-12-05 14:27:12',NULL,NULL),(915,634,0,8100,'2018-12-21 13:30:00','2018-12-21 15:45:00','2018-12-21 13:30:00',0,'2018-12-05 14:27:12','2018-12-05 14:27:12',NULL,NULL),(916,635,0,8100,'2018-12-22 08:20:00','2018-12-22 10:35:00','2018-12-22 08:20:00',0,'2018-12-05 14:27:12','2018-12-05 14:27:12',NULL,NULL),(917,635,0,8100,'2018-12-22 13:30:00','2018-12-22 15:45:00','2018-12-22 13:30:00',0,'2018-12-05 14:27:12','2018-12-05 14:27:12',NULL,NULL),(918,636,0,8100,'2018-12-23 08:20:00','2018-12-23 10:35:00','2018-12-23 08:20:00',0,'2018-12-05 14:27:12','2018-12-05 14:27:12',NULL,NULL),(919,636,0,8100,'2018-12-23 13:30:00','2018-12-23 15:45:00','2018-12-23 13:30:00',0,'2018-12-05 14:27:12','2018-12-05 14:27:12',NULL,NULL),(920,637,0,8100,'2018-12-24 08:20:00','2018-12-24 10:35:00','2018-12-24 08:20:00',0,'2018-12-05 14:27:12','2018-12-05 14:27:12',NULL,NULL),(921,637,0,8100,'2018-12-24 13:30:00','2018-12-24 15:45:00','2018-12-24 13:30:00',0,'2018-12-05 14:27:12','2018-12-05 14:27:12',NULL,NULL),(922,638,0,8100,'2018-12-25 08:20:00','2018-12-25 10:35:00','2018-12-25 08:20:00',0,'2018-12-05 14:27:12','2018-12-05 14:27:12',NULL,NULL),(923,638,0,8100,'2018-12-25 13:30:00','2018-12-25 15:45:00','2018-12-25 13:30:00',0,'2018-12-05 14:27:12','2018-12-05 14:27:12',NULL,NULL),(924,639,0,8100,'2018-12-26 08:20:00','2018-12-26 10:35:00','2018-12-26 08:20:00',0,'2018-12-05 14:27:12','2018-12-05 14:27:12',NULL,NULL),(925,639,0,8100,'2018-12-26 13:30:00','2018-12-26 15:45:00','2018-12-26 13:30:00',0,'2018-12-05 14:27:12','2018-12-05 14:27:12',NULL,NULL),(926,640,0,8100,'2018-12-27 08:20:00','2018-12-27 10:35:00','2018-12-27 08:20:00',0,'2018-12-05 14:27:12','2018-12-05 14:27:12',NULL,NULL),(927,640,0,8100,'2018-12-27 13:30:00','2018-12-27 15:45:00','2018-12-27 13:30:00',0,'2018-12-05 14:27:12','2018-12-05 14:27:12',NULL,NULL),(928,641,0,8100,'2018-12-28 08:20:00','2018-12-28 10:35:00','2018-12-28 08:20:00',0,'2018-12-05 14:27:12','2018-12-05 14:27:12',NULL,NULL),(929,641,0,8100,'2018-12-28 13:30:00','2018-12-28 15:45:00','2018-12-28 13:30:00',0,'2018-12-05 14:27:12','2018-12-05 14:27:12',NULL,NULL),(930,642,0,8100,'2018-12-29 08:20:00','2018-12-29 10:35:00','2018-12-29 08:20:00',0,'2018-12-05 14:27:12','2018-12-05 14:27:12',NULL,NULL),(931,642,0,8100,'2018-12-29 13:30:00','2018-12-29 15:45:00','2018-12-29 13:30:00',0,'2018-12-05 14:27:12','2018-12-05 14:27:12',NULL,NULL),(932,643,0,8100,'2018-12-30 08:20:00','2018-12-30 10:35:00','2018-12-30 08:20:00',0,'2018-12-05 14:27:12','2018-12-05 14:27:12',NULL,NULL),(933,643,0,8100,'2018-12-30 13:30:00','2018-12-30 15:45:00','2018-12-30 13:30:00',0,'2018-12-05 14:27:12','2018-12-05 14:27:12',NULL,NULL),(934,644,0,8100,'2018-12-31 08:20:00','2018-12-31 10:35:00','2018-12-31 08:20:00',0,'2018-12-05 14:27:12','2018-12-05 14:27:12',NULL,NULL),(935,644,0,8100,'2018-12-31 13:30:00','2018-12-31 15:45:00','2018-12-31 13:30:00',0,'2018-12-05 14:27:12','2018-12-05 14:27:12',NULL,NULL),(936,645,0,8100,'2018-12-05 10:05:00','2018-12-05 12:20:00','2018-12-05 12:20:00',0,'2018-12-05 14:27:12','2018-12-05 14:27:12',NULL,NULL),(937,645,0,8100,'2018-12-05 16:30:00','2018-12-05 18:45:00','2018-12-05 18:45:00',0,'2018-12-05 14:27:12','2018-12-05 14:27:12',NULL,NULL),(938,646,0,8100,'2018-12-06 10:05:00','2018-12-06 12:20:00','2018-12-06 12:20:00',0,'2018-12-05 14:27:12','2018-12-05 14:27:12',NULL,NULL),(939,646,0,8100,'2018-12-06 16:30:00','2018-12-06 18:45:00','2018-12-06 18:45:00',0,'2018-12-05 14:27:12','2018-12-05 14:27:12',NULL,NULL),(940,647,0,8100,'2018-12-07 10:05:00','2018-12-07 12:20:00','2018-12-07 12:20:00',0,'2018-12-05 14:27:12','2018-12-05 14:27:12',NULL,NULL),(941,647,0,8100,'2018-12-07 16:30:00','2018-12-07 18:45:00','2018-12-07 18:45:00',0,'2018-12-05 14:27:12','2018-12-05 14:27:12',NULL,NULL),(942,648,0,8100,'2018-12-08 10:05:00','2018-12-08 12:20:00','2018-12-08 12:20:00',0,'2018-12-05 14:27:12','2018-12-05 14:27:12',NULL,NULL),(943,648,0,8100,'2018-12-08 16:30:00','2018-12-08 18:45:00','2018-12-08 18:45:00',0,'2018-12-05 14:27:12','2018-12-05 14:27:12',NULL,NULL),(944,649,0,8100,'2018-12-09 10:05:00','2018-12-09 12:20:00','2018-12-09 12:20:00',0,'2018-12-05 14:27:12','2018-12-05 14:27:12',NULL,NULL),(945,649,0,8100,'2018-12-09 16:30:00','2018-12-09 18:45:00','2018-12-09 18:45:00',0,'2018-12-05 14:27:12','2018-12-05 14:27:12',NULL,NULL),(946,650,0,8100,'2018-12-10 10:05:00','2018-12-10 12:20:00','2018-12-10 12:20:00',0,'2018-12-05 14:27:12','2018-12-05 14:27:12',NULL,NULL),(947,650,0,8100,'2018-12-10 16:30:00','2018-12-10 18:45:00','2018-12-10 18:45:00',0,'2018-12-05 14:27:12','2018-12-05 14:27:12',NULL,NULL),(948,651,0,8100,'2018-12-11 10:05:00','2018-12-11 12:20:00','2018-12-11 12:20:00',0,'2018-12-05 14:27:12','2018-12-05 14:27:12',NULL,NULL),(949,651,0,8100,'2018-12-11 16:30:00','2018-12-11 18:45:00','2018-12-11 18:45:00',0,'2018-12-05 14:27:12','2018-12-05 14:27:12',NULL,NULL),(950,652,0,8100,'2018-12-12 10:05:00','2018-12-12 12:20:00','2018-12-12 12:20:00',0,'2018-12-05 14:27:12','2018-12-05 14:27:12',NULL,NULL),(951,652,0,8100,'2018-12-12 16:30:00','2018-12-12 18:45:00','2018-12-12 18:45:00',0,'2018-12-05 14:27:12','2018-12-05 14:27:12',NULL,NULL),(952,653,0,8100,'2018-12-13 10:05:00','2018-12-13 12:20:00','2018-12-13 12:20:00',0,'2018-12-05 14:27:12','2018-12-05 14:27:12',NULL,NULL),(953,653,0,8100,'2018-12-13 16:30:00','2018-12-13 18:45:00','2018-12-13 18:45:00',0,'2018-12-05 14:27:12','2018-12-05 14:27:12',NULL,NULL),(954,654,0,8100,'2018-12-14 10:05:00','2018-12-14 12:20:00','2018-12-14 12:20:00',0,'2018-12-05 14:27:12','2018-12-05 14:27:12',NULL,NULL),(955,654,0,8100,'2018-12-14 16:30:00','2018-12-14 18:45:00','2018-12-14 18:45:00',0,'2018-12-05 14:27:12','2018-12-05 14:27:12',NULL,NULL),(956,655,0,8100,'2018-12-15 10:05:00','2018-12-15 12:20:00','2018-12-15 12:20:00',0,'2018-12-05 14:27:12','2018-12-05 14:27:12',NULL,NULL),(957,655,0,8100,'2018-12-15 16:30:00','2018-12-15 18:45:00','2018-12-15 18:45:00',0,'2018-12-05 14:27:12','2018-12-05 14:27:12',NULL,NULL),(958,656,0,8100,'2018-12-16 10:05:00','2018-12-16 12:20:00','2018-12-16 12:20:00',0,'2018-12-05 14:27:12','2018-12-05 14:27:12',NULL,NULL),(959,656,0,8100,'2018-12-16 16:30:00','2018-12-16 18:45:00','2018-12-16 18:45:00',0,'2018-12-05 14:27:12','2018-12-05 14:27:12',NULL,NULL),(960,657,0,8100,'2018-12-17 10:05:00','2018-12-17 12:20:00','2018-12-17 12:20:00',0,'2018-12-05 14:27:12','2018-12-05 14:27:12',NULL,NULL),(961,657,0,8100,'2018-12-17 16:30:00','2018-12-17 18:45:00','2018-12-17 18:45:00',0,'2018-12-05 14:27:12','2018-12-05 14:27:12',NULL,NULL),(962,658,0,8100,'2018-12-18 10:05:00','2018-12-18 12:20:00','2018-12-18 12:20:00',0,'2018-12-05 14:27:12','2018-12-05 14:27:12',NULL,NULL),(963,658,0,8100,'2018-12-18 16:30:00','2018-12-18 18:45:00','2018-12-18 18:45:00',0,'2018-12-05 14:27:12','2018-12-05 14:27:12',NULL,NULL),(964,659,0,8100,'2018-12-19 10:05:00','2018-12-19 12:20:00','2018-12-19 12:20:00',0,'2018-12-05 14:27:12','2018-12-05 14:27:12',NULL,NULL),(965,659,0,8100,'2018-12-19 16:30:00','2018-12-19 18:45:00','2018-12-19 18:45:00',0,'2018-12-05 14:27:12','2018-12-05 14:27:12',NULL,NULL),(966,660,0,8100,'2018-12-20 10:05:00','2018-12-20 12:20:00','2018-12-20 12:20:00',0,'2018-12-05 14:27:12','2018-12-05 14:27:12',NULL,NULL),(967,660,0,8100,'2018-12-20 16:30:00','2018-12-20 18:45:00','2018-12-20 18:45:00',0,'2018-12-05 14:27:12','2018-12-05 14:27:12',NULL,NULL),(968,661,0,8100,'2018-12-21 10:05:00','2018-12-21 12:20:00','2018-12-21 12:20:00',0,'2018-12-05 14:27:12','2018-12-05 14:27:12',NULL,NULL),(969,661,0,8100,'2018-12-21 16:30:00','2018-12-21 18:45:00','2018-12-21 18:45:00',0,'2018-12-05 14:27:12','2018-12-05 14:27:12',NULL,NULL),(970,662,0,8100,'2018-12-22 10:05:00','2018-12-22 12:20:00','2018-12-22 12:20:00',0,'2018-12-05 14:27:12','2018-12-05 14:27:12',NULL,NULL),(971,662,0,8100,'2018-12-22 16:30:00','2018-12-22 18:45:00','2018-12-22 18:45:00',0,'2018-12-05 14:27:12','2018-12-05 14:27:12',NULL,NULL),(972,663,0,8100,'2018-12-23 10:05:00','2018-12-23 12:20:00','2018-12-23 12:20:00',0,'2018-12-05 14:27:12','2018-12-05 14:27:12',NULL,NULL),(973,663,0,8100,'2018-12-23 16:30:00','2018-12-23 18:45:00','2018-12-23 18:45:00',0,'2018-12-05 14:27:12','2018-12-05 14:27:12',NULL,NULL),(974,664,0,8100,'2018-12-24 10:05:00','2018-12-24 12:20:00','2018-12-24 12:20:00',0,'2018-12-05 14:27:12','2018-12-05 14:27:12',NULL,NULL),(975,664,0,8100,'2018-12-24 16:30:00','2018-12-24 18:45:00','2018-12-24 18:45:00',0,'2018-12-05 14:27:12','2018-12-05 14:27:12',NULL,NULL),(976,665,0,8100,'2018-12-25 10:05:00','2018-12-25 12:20:00','2018-12-25 12:20:00',0,'2018-12-05 14:27:12','2018-12-05 14:27:12',NULL,NULL),(977,665,0,8100,'2018-12-25 16:30:00','2018-12-25 18:45:00','2018-12-25 18:45:00',0,'2018-12-05 14:27:12','2018-12-05 14:27:12',NULL,NULL),(978,666,0,8100,'2018-12-26 10:05:00','2018-12-26 12:20:00','2018-12-26 12:20:00',0,'2018-12-05 14:27:12','2018-12-05 14:27:12',NULL,NULL),(979,666,0,8100,'2018-12-26 16:30:00','2018-12-26 18:45:00','2018-12-26 18:45:00',0,'2018-12-05 14:27:12','2018-12-05 14:27:12',NULL,NULL),(980,667,0,8100,'2018-12-27 10:05:00','2018-12-27 12:20:00','2018-12-27 12:20:00',0,'2018-12-05 14:27:12','2018-12-05 14:27:12',NULL,NULL),(981,667,0,8100,'2018-12-27 16:30:00','2018-12-27 18:45:00','2018-12-27 18:45:00',0,'2018-12-05 14:27:12','2018-12-05 14:27:12',NULL,NULL),(982,668,0,8100,'2018-12-28 10:05:00','2018-12-28 12:20:00','2018-12-28 12:20:00',0,'2018-12-05 14:27:12','2018-12-05 14:27:12',NULL,NULL),(983,668,0,8100,'2018-12-28 16:30:00','2018-12-28 18:45:00','2018-12-28 18:45:00',0,'2018-12-05 14:27:12','2018-12-05 14:27:12',NULL,NULL),(984,669,0,8100,'2018-12-29 10:05:00','2018-12-29 12:20:00','2018-12-29 12:20:00',0,'2018-12-05 14:27:12','2018-12-05 14:27:12',NULL,NULL),(985,669,0,8100,'2018-12-29 16:30:00','2018-12-29 18:45:00','2018-12-29 18:45:00',0,'2018-12-05 14:27:12','2018-12-05 14:27:12',NULL,NULL),(986,670,0,8100,'2018-12-30 10:05:00','2018-12-30 12:20:00','2018-12-30 12:20:00',0,'2018-12-05 14:27:12','2018-12-05 14:27:12',NULL,NULL),(987,670,0,8100,'2018-12-30 16:30:00','2018-12-30 18:45:00','2018-12-30 18:45:00',0,'2018-12-05 14:27:12','2018-12-05 14:27:12',NULL,NULL),(988,671,0,8100,'2018-12-31 10:05:00','2018-12-31 12:20:00','2018-12-31 12:20:00',0,'2018-12-05 14:27:12','2018-12-05 14:27:12',NULL,NULL),(989,671,0,8100,'2018-12-31 16:30:00','2018-12-31 18:45:00','2018-12-31 18:45:00',0,'2018-12-05 14:27:12','2018-12-05 14:27:12',NULL,NULL),(990,672,0,15600,'2018-12-05 13:10:00','2018-12-05 17:30:00','2018-12-05 15:27:14',100,'2018-12-05 15:26:28','2018-12-05 15:27:14',NULL,'2018-12-05 15:27:14'),(991,673,0,15600,'2018-12-06 13:10:00','2018-12-06 17:30:00','2018-12-06 13:10:00',0,'2018-12-05 15:26:28','2018-12-05 15:26:28',NULL,NULL),(992,674,0,15600,'2018-12-07 13:10:00','2018-12-07 17:30:00','2018-12-07 13:10:00',0,'2018-12-05 15:26:28','2018-12-05 15:26:28',NULL,NULL),(993,675,0,15600,'2018-12-08 13:10:00','2018-12-08 17:30:00','2018-12-08 13:10:00',0,'2018-12-05 15:26:28','2018-12-05 15:26:28',NULL,NULL),(994,676,0,15600,'2018-12-09 13:10:00','2018-12-09 17:30:00','2018-12-09 13:10:00',0,'2018-12-05 15:26:28','2018-12-05 15:26:28',NULL,NULL),(995,677,0,15600,'2018-12-10 13:10:00','2018-12-10 17:30:00','2018-12-10 13:10:00',0,'2018-12-05 15:26:28','2018-12-05 15:26:28',NULL,NULL),(996,678,0,15600,'2018-12-11 13:10:00','2018-12-11 17:30:00','2018-12-11 13:10:00',0,'2018-12-05 15:26:28','2018-12-05 15:26:28',NULL,NULL),(997,679,0,15600,'2018-12-12 13:10:00','2018-12-12 17:30:00','2018-12-12 13:10:00',0,'2018-12-05 15:26:28','2018-12-05 15:26:28',NULL,NULL),(998,680,0,15600,'2018-12-13 13:10:00','2018-12-13 17:30:00','2018-12-13 13:10:00',0,'2018-12-05 15:26:28','2018-12-05 15:26:28',NULL,NULL),(999,681,0,15600,'2018-12-14 13:10:00','2018-12-14 17:30:00','2018-12-14 13:10:00',0,'2018-12-05 15:26:28','2018-12-05 15:26:28',NULL,NULL),(1000,682,0,15600,'2018-12-15 13:10:00','2018-12-15 17:30:00','2018-12-15 13:10:00',0,'2018-12-05 15:26:28','2018-12-05 15:26:28',NULL,NULL),(1001,683,0,15600,'2018-12-16 13:10:00','2018-12-16 17:30:00','2018-12-16 13:10:00',0,'2018-12-05 15:26:28','2018-12-05 15:26:28',NULL,NULL),(1002,684,0,15600,'2018-12-17 13:10:00','2018-12-17 17:30:00','2018-12-17 13:10:00',0,'2018-12-05 15:26:28','2018-12-05 15:26:28',NULL,NULL),(1003,685,0,15600,'2018-12-18 13:10:00','2018-12-18 17:30:00','2018-12-18 13:10:00',0,'2018-12-05 15:26:28','2018-12-05 15:26:28',NULL,NULL),(1004,686,0,15600,'2018-12-19 13:10:00','2018-12-19 17:30:00','2018-12-19 13:10:00',0,'2018-12-05 15:26:28','2018-12-05 15:26:28',NULL,NULL),(1005,687,0,15600,'2018-12-20 13:10:00','2018-12-20 17:30:00','2018-12-20 13:10:00',0,'2018-12-05 15:26:28','2018-12-05 15:26:28',NULL,NULL),(1006,688,0,15600,'2018-12-21 13:10:00','2018-12-21 17:30:00','2018-12-21 13:10:00',0,'2018-12-05 15:26:28','2018-12-05 15:26:28',NULL,NULL),(1007,689,0,15600,'2018-12-22 13:10:00','2018-12-22 17:30:00','2018-12-22 13:10:00',0,'2018-12-05 15:26:28','2018-12-05 15:26:28',NULL,NULL),(1008,690,0,15600,'2018-12-23 13:10:00','2018-12-23 17:30:00','2018-12-23 13:10:00',0,'2018-12-05 15:26:28','2018-12-05 15:26:28',NULL,NULL),(1009,691,0,15600,'2018-12-24 13:10:00','2018-12-24 17:30:00','2018-12-24 13:10:00',0,'2018-12-05 15:26:28','2018-12-05 15:26:28',NULL,NULL),(1010,692,0,15600,'2018-12-25 13:10:00','2018-12-25 17:30:00','2018-12-25 13:10:00',0,'2018-12-05 15:26:28','2018-12-05 15:26:28',NULL,NULL),(1011,693,0,15600,'2018-12-26 13:10:00','2018-12-26 17:30:00','2018-12-26 13:10:00',0,'2018-12-05 15:26:28','2018-12-05 15:26:28',NULL,NULL),(1012,694,0,15600,'2018-12-27 13:10:00','2018-12-27 17:30:00','2018-12-27 13:10:00',0,'2018-12-05 15:26:28','2018-12-05 15:26:28',NULL,NULL),(1013,695,0,15600,'2018-12-28 13:10:00','2018-12-28 17:30:00','2018-12-28 13:10:00',0,'2018-12-05 15:26:28','2018-12-05 15:26:28',NULL,NULL),(1014,696,0,15600,'2018-12-29 13:10:00','2018-12-29 17:30:00','2018-12-29 13:10:00',0,'2018-12-05 15:26:28','2018-12-05 15:26:28',NULL,NULL),(1015,697,0,15600,'2018-12-30 13:10:00','2018-12-30 17:30:00','2018-12-30 13:10:00',0,'2018-12-05 15:26:28','2018-12-05 15:26:28',NULL,NULL),(1016,698,0,15600,'2018-12-31 13:10:00','2018-12-31 17:30:00','2018-12-31 13:10:00',0,'2018-12-05 15:26:28','2018-12-05 15:26:28',NULL,NULL),(1017,699,0,15600,'2018-12-05 07:10:00','2018-12-05 11:30:00','2018-12-05 11:30:00',0,'2018-12-05 15:26:28','2018-12-05 15:26:28',NULL,NULL),(1018,700,0,15600,'2018-12-06 07:10:00','2018-12-06 11:30:00','2018-12-06 11:30:00',0,'2018-12-05 15:26:28','2018-12-05 15:26:28',NULL,NULL),(1019,701,0,15600,'2018-12-07 07:10:00','2018-12-07 11:30:00','2018-12-07 11:30:00',0,'2018-12-05 15:26:28','2018-12-05 15:26:28',NULL,NULL),(1020,702,0,15600,'2018-12-08 07:10:00','2018-12-08 11:30:00','2018-12-08 11:30:00',0,'2018-12-05 15:26:28','2018-12-05 15:26:28',NULL,NULL),(1021,703,0,15600,'2018-12-09 07:10:00','2018-12-09 11:30:00','2018-12-09 11:30:00',0,'2018-12-05 15:26:28','2018-12-05 15:26:28',NULL,NULL),(1022,704,0,15600,'2018-12-10 07:10:00','2018-12-10 11:30:00','2018-12-10 11:30:00',0,'2018-12-05 15:26:28','2018-12-05 15:26:28',NULL,NULL),(1023,705,0,15600,'2018-12-11 07:10:00','2018-12-11 11:30:00','2018-12-11 11:30:00',0,'2018-12-05 15:26:28','2018-12-05 15:26:28',NULL,NULL),(1024,706,0,15600,'2018-12-12 07:10:00','2018-12-12 11:30:00','2018-12-12 11:30:00',0,'2018-12-05 15:26:28','2018-12-05 15:26:28',NULL,NULL),(1025,707,0,15600,'2018-12-13 07:10:00','2018-12-13 11:30:00','2018-12-13 11:30:00',0,'2018-12-05 15:26:28','2018-12-05 15:26:28',NULL,NULL),(1026,708,0,15600,'2018-12-14 07:10:00','2018-12-14 11:30:00','2018-12-14 11:30:00',0,'2018-12-05 15:26:28','2018-12-05 15:26:28',NULL,NULL),(1027,709,0,15600,'2018-12-15 07:10:00','2018-12-15 11:30:00','2018-12-15 11:30:00',0,'2018-12-05 15:26:28','2018-12-05 15:26:28',NULL,NULL),(1028,710,0,15600,'2018-12-16 07:10:00','2018-12-16 11:30:00','2018-12-16 11:30:00',0,'2018-12-05 15:26:28','2018-12-05 15:26:28',NULL,NULL),(1029,711,0,15600,'2018-12-17 07:10:00','2018-12-17 11:30:00','2018-12-17 11:30:00',0,'2018-12-05 15:26:28','2018-12-05 15:26:28',NULL,NULL),(1030,712,0,15600,'2018-12-18 07:10:00','2018-12-18 11:30:00','2018-12-18 11:30:00',0,'2018-12-05 15:26:28','2018-12-05 15:26:28',NULL,NULL),(1031,713,0,15600,'2018-12-19 07:10:00','2018-12-19 11:30:00','2018-12-19 11:30:00',0,'2018-12-05 15:26:28','2018-12-05 15:26:28',NULL,NULL),(1032,714,0,15600,'2018-12-20 07:10:00','2018-12-20 11:30:00','2018-12-20 11:30:00',0,'2018-12-05 15:26:28','2018-12-05 15:26:28',NULL,NULL),(1033,715,0,15600,'2018-12-21 07:10:00','2018-12-21 11:30:00','2018-12-21 11:30:00',0,'2018-12-05 15:26:28','2018-12-05 15:26:28',NULL,NULL),(1034,716,0,15600,'2018-12-22 07:10:00','2018-12-22 11:30:00','2018-12-22 11:30:00',0,'2018-12-05 15:26:28','2018-12-05 15:26:28',NULL,NULL),(1035,717,0,15600,'2018-12-23 07:10:00','2018-12-23 11:30:00','2018-12-23 11:30:00',0,'2018-12-05 15:26:28','2018-12-05 15:26:28',NULL,NULL),(1036,718,0,15600,'2018-12-24 07:10:00','2018-12-24 11:30:00','2018-12-24 11:30:00',0,'2018-12-05 15:26:28','2018-12-05 15:26:28',NULL,NULL),(1037,719,0,15600,'2018-12-25 07:10:00','2018-12-25 11:30:00','2018-12-25 11:30:00',0,'2018-12-05 15:26:28','2018-12-05 15:26:28',NULL,NULL),(1038,720,0,15600,'2018-12-26 07:10:00','2018-12-26 11:30:00','2018-12-26 11:30:00',0,'2018-12-05 15:26:28','2018-12-05 15:26:28',NULL,NULL),(1039,721,0,15600,'2018-12-27 07:10:00','2018-12-27 11:30:00','2018-12-27 11:30:00',0,'2018-12-05 15:26:28','2018-12-05 15:26:28',NULL,NULL),(1040,722,0,15600,'2018-12-28 07:10:00','2018-12-28 11:30:00','2018-12-28 11:30:00',0,'2018-12-05 15:26:28','2018-12-05 15:26:28',NULL,NULL),(1041,723,0,15600,'2018-12-29 07:10:00','2018-12-29 11:30:00','2018-12-29 11:30:00',0,'2018-12-05 15:26:28','2018-12-05 15:26:28',NULL,NULL),(1042,724,0,15600,'2018-12-30 07:10:00','2018-12-30 11:30:00','2018-12-30 11:30:00',0,'2018-12-05 15:26:28','2018-12-05 15:26:28',NULL,NULL),(1043,725,0,15600,'2018-12-31 07:10:00','2018-12-31 11:30:00','2018-12-31 11:30:00',0,'2018-12-05 15:26:28','2018-12-05 15:26:28',NULL,NULL),(1045,727,0,75900,'2018-12-15 14:40:00','2018-12-16 11:45:00','2018-12-15 14:40:00',0,'2018-12-07 23:37:05','2018-12-10 01:36:10',NULL,NULL),(1049,731,0,75900,'2018-12-19 14:40:00','2018-12-20 11:45:00','2018-12-19 14:40:00',0,'2018-12-07 23:37:05','2018-12-10 01:36:10',NULL,NULL),(1053,735,0,75900,'2018-12-23 14:40:00','2018-12-24 11:45:00','2018-12-23 14:40:00',0,'2018-12-07 23:37:05','2018-12-10 01:36:10',NULL,NULL),(1057,739,0,75900,'2018-12-27 14:40:00','2018-12-28 11:45:00','2018-12-27 14:40:00',0,'2018-12-07 23:37:05','2018-12-10 01:36:10',NULL,NULL),(1061,743,0,75900,'2018-12-31 14:40:00','2019-01-01 11:45:00','2018-12-31 14:40:00',0,'2018-12-07 23:37:05','2018-12-10 01:36:10',NULL,NULL),(1065,747,0,75600,'2018-12-17 14:45:00','2018-12-18 11:45:00','2018-12-18 11:45:00',0,'2018-12-07 23:37:05','2018-12-10 01:36:47',NULL,NULL),(1069,751,0,75600,'2018-12-21 14:45:00','2018-12-22 11:45:00','2018-12-22 11:45:00',0,'2018-12-07 23:37:05','2018-12-10 01:36:47',NULL,NULL),(1073,755,0,75600,'2018-12-25 14:45:00','2018-12-26 11:45:00','2018-12-26 11:45:00',0,'2018-12-07 23:37:05','2018-12-10 01:36:47',NULL,NULL),(1077,759,0,75600,'2018-12-29 14:45:00','2018-12-30 11:45:00','2018-12-30 11:45:00',0,'2018-12-07 23:37:05','2018-12-10 01:36:47',NULL,NULL),(1081,763,0,76200,'2018-12-15 07:30:00','2018-12-16 04:40:00','2018-12-15 07:30:00',0,'2018-12-07 23:54:36','2018-12-07 23:54:36',NULL,NULL),(1085,767,0,76200,'2018-12-19 07:30:00','2018-12-20 04:40:00','2018-12-19 07:30:00',0,'2018-12-07 23:54:36','2018-12-07 23:54:36',NULL,NULL),(1089,771,0,76200,'2018-12-23 07:30:00','2018-12-24 04:40:00','2018-12-23 07:30:00',0,'2018-12-07 23:54:36','2018-12-07 23:54:36',NULL,NULL),(1093,775,0,76200,'2018-12-27 07:30:00','2018-12-28 04:40:00','2018-12-27 07:30:00',0,'2018-12-07 23:54:36','2018-12-07 23:54:36',NULL,NULL),(1097,779,0,76200,'2018-12-31 07:30:00','2019-01-01 04:40:00','2018-12-31 07:30:00',0,'2018-12-07 23:54:36','2018-12-07 23:54:36',NULL,NULL),(1101,783,0,75600,'2018-12-17 07:45:00','2018-12-18 04:45:00','2018-12-18 04:45:00',0,'2018-12-07 23:54:36','2018-12-07 23:54:36',NULL,NULL),(1105,787,0,75600,'2018-12-21 07:45:00','2018-12-22 04:45:00','2018-12-22 04:45:00',0,'2018-12-07 23:54:36','2018-12-07 23:54:36',NULL,NULL),(1109,791,0,75600,'2018-12-25 07:45:00','2018-12-26 04:45:00','2018-12-26 04:45:00',0,'2018-12-07 23:54:36','2018-12-07 23:54:36',NULL,NULL),(1113,795,0,75600,'2018-12-29 07:45:00','2018-12-30 04:45:00','2018-12-30 04:45:00',0,'2018-12-07 23:54:36','2018-12-07 23:54:36',NULL,NULL),(1117,799,0,75600,'2018-12-16 05:00:00','2018-12-17 02:00:00','2018-12-17 02:00:00',0,'2018-12-08 00:04:40','2018-12-08 00:04:57',NULL,NULL),(1121,803,0,75600,'2018-12-20 05:00:00','2018-12-21 02:00:00','2018-12-21 02:00:00',0,'2018-12-08 00:04:40','2018-12-08 00:04:57',NULL,NULL),(1125,807,0,75600,'2018-12-24 05:00:00','2018-12-25 02:00:00','2018-12-25 02:00:00',0,'2018-12-08 00:04:40','2018-12-08 00:04:57',NULL,NULL),(1129,811,0,75600,'2018-12-28 05:00:00','2018-12-29 02:00:00','2018-12-29 02:00:00',0,'2018-12-08 00:04:40','2018-12-08 00:04:57',NULL,NULL),(1133,815,0,75600,'2018-12-15 08:00:00','2018-12-16 05:00:00','2018-12-15 08:00:00',0,'2018-12-08 00:11:15','2018-12-08 00:11:15',NULL,NULL),(1146,828,0,0,'2018-12-15 00:00:00','2018-12-15 00:00:00','2018-12-15 00:00:00',0,'2018-12-08 00:11:15','2018-12-08 00:11:15',NULL,NULL),(1147,829,0,0,'2018-12-16 00:00:00','2018-12-16 00:00:00','2018-12-16 00:00:00',0,'2018-12-08 00:11:15','2018-12-08 00:11:15',NULL,NULL),(1148,830,0,0,'2018-12-17 00:00:00','2018-12-17 00:00:00','2018-12-17 00:00:00',0,'2018-12-08 00:11:15','2018-12-08 00:11:15',NULL,NULL),(1149,831,0,0,'2018-12-18 00:00:00','2018-12-18 00:00:00','2018-12-18 00:00:00',0,'2018-12-08 00:11:15','2018-12-08 00:11:15',NULL,NULL),(1150,832,0,0,'2018-12-19 00:00:00','2018-12-19 00:00:00','2018-12-19 00:00:00',0,'2018-12-08 00:11:15','2018-12-08 00:11:15',NULL,NULL),(1151,833,0,0,'2018-12-20 00:00:00','2018-12-20 00:00:00','2018-12-20 00:00:00',0,'2018-12-08 00:11:15','2018-12-08 00:11:15',NULL,NULL),(1152,834,0,0,'2018-12-21 00:00:00','2018-12-21 00:00:00','2018-12-21 00:00:00',0,'2018-12-08 00:11:15','2018-12-08 00:11:15',NULL,NULL),(1153,835,0,0,'2018-12-22 00:00:00','2018-12-22 00:00:00','2018-12-22 00:00:00',0,'2018-12-08 00:11:15','2018-12-08 00:11:15',NULL,NULL),(1154,836,0,0,'2018-12-23 00:00:00','2018-12-23 00:00:00','2018-12-23 00:00:00',0,'2018-12-08 00:11:15','2018-12-08 00:11:15',NULL,NULL),(1155,837,0,0,'2018-12-26 00:00:00','2018-12-26 00:00:00','2018-12-26 00:00:00',0,'2018-12-08 00:11:15','2018-12-08 00:11:15',NULL,NULL),(1156,838,0,0,'2018-12-27 00:00:00','2018-12-27 00:00:00','2018-12-27 00:00:00',0,'2018-12-08 00:11:15','2018-12-08 00:11:15',NULL,NULL),(1157,839,0,0,'2018-12-28 00:00:00','2018-12-28 00:00:00','2018-12-28 00:00:00',0,'2018-12-08 00:11:15','2018-12-08 00:11:15',NULL,NULL),(1158,840,0,0,'2018-12-29 00:00:00','2018-12-29 00:00:00','2018-12-29 00:00:00',0,'2018-12-08 00:11:15','2018-12-08 00:11:15',NULL,NULL),(1159,841,0,0,'2018-12-30 00:00:00','2018-12-30 00:00:00','2018-12-30 00:00:00',0,'2018-12-08 00:11:15','2018-12-08 00:11:15',NULL,NULL),(1160,842,0,0,'2018-12-31 00:00:00','2018-12-31 00:00:00','2018-12-31 00:00:00',0,'2018-12-08 00:11:15','2018-12-08 00:11:15',NULL,NULL),(1161,843,0,0,'2018-12-15 05:05:00','2018-12-15 05:05:00','2018-12-15 05:05:00',-1,'2018-12-08 00:31:12','2018-12-08 00:51:08',NULL,NULL),(1162,844,0,0,'2018-12-16 05:05:00','2018-12-16 05:05:00','2018-12-16 05:05:00',0,'2018-12-08 00:31:12','2018-12-08 00:31:12',NULL,NULL),(1163,845,0,0,'2018-12-17 05:05:00','2018-12-17 05:05:00','2018-12-17 05:05:00',0,'2018-12-08 00:31:12','2018-12-08 00:31:12',NULL,NULL),(1164,846,0,0,'2018-12-18 05:05:00','2018-12-18 05:05:00','2018-12-18 05:05:00',0,'2018-12-08 00:31:12','2018-12-08 00:31:12',NULL,NULL),(1165,847,0,0,'2018-12-19 05:05:00','2018-12-19 05:05:00','2018-12-19 05:05:00',0,'2018-12-08 00:31:12','2018-12-08 00:31:12',NULL,NULL),(1166,848,0,0,'2018-12-20 05:05:00','2018-12-20 05:05:00','2018-12-20 05:05:00',0,'2018-12-08 00:31:12','2018-12-08 00:31:12',NULL,NULL),(1167,849,0,0,'2018-12-21 05:05:00','2018-12-21 05:05:00','2018-12-21 05:05:00',0,'2018-12-08 00:31:12','2018-12-08 00:31:12',NULL,NULL),(1168,850,0,0,'2018-12-22 05:05:00','2018-12-22 05:05:00','2018-12-22 05:05:00',0,'2018-12-08 00:31:12','2018-12-08 00:31:12',NULL,NULL),(1169,851,0,0,'2018-12-23 05:05:00','2018-12-23 05:05:00','2018-12-23 05:05:00',0,'2018-12-08 00:31:12','2018-12-08 00:31:12',NULL,NULL),(1170,852,0,0,'2018-12-24 05:05:00','2018-12-24 05:05:00','2018-12-24 05:05:00',0,'2018-12-08 00:31:12','2018-12-08 00:31:12',NULL,NULL),(1171,853,0,0,'2018-12-25 05:05:00','2018-12-25 05:05:00','2018-12-25 05:05:00',0,'2018-12-08 00:31:12','2018-12-08 00:31:12',NULL,NULL),(1172,854,0,0,'2018-12-26 05:05:00','2018-12-26 05:05:00','2018-12-26 05:05:00',0,'2018-12-08 00:31:12','2018-12-08 00:31:12',NULL,NULL),(1173,855,0,0,'2018-12-27 05:05:00','2018-12-27 05:05:00','2018-12-27 05:05:00',0,'2018-12-08 00:31:12','2018-12-08 00:31:12',NULL,NULL),(1174,856,0,0,'2018-12-28 05:05:00','2018-12-28 05:05:00','2018-12-28 05:05:00',0,'2018-12-08 00:31:12','2018-12-08 00:31:12',NULL,NULL),(1175,857,0,0,'2018-12-29 05:05:00','2018-12-29 05:05:00','2018-12-29 05:05:00',0,'2018-12-08 00:31:12','2018-12-08 00:31:12',NULL,NULL),(1176,858,0,0,'2018-12-30 05:05:00','2018-12-30 05:05:00','2018-12-30 05:05:00',0,'2018-12-08 00:31:12','2018-12-08 00:31:12',NULL,NULL),(1177,859,0,0,'2018-12-31 05:05:00','2018-12-31 05:05:00','2018-12-31 05:05:00',0,'2018-12-08 00:31:12','2018-12-08 00:31:12',NULL,NULL),(1178,860,0,0,'2018-12-15 00:00:00','2018-12-15 00:00:00','2018-12-15 00:00:00',0,'2018-12-08 00:31:12','2018-12-08 00:31:12',NULL,NULL),(1179,861,0,0,'2018-12-16 00:00:00','2018-12-16 00:00:00','2018-12-16 00:00:00',0,'2018-12-08 00:31:12','2018-12-08 00:31:12',NULL,NULL),(1180,862,0,0,'2018-12-17 00:00:00','2018-12-17 00:00:00','2018-12-17 00:00:00',0,'2018-12-08 00:31:12','2018-12-08 00:31:12',NULL,NULL),(1181,863,0,0,'2018-12-18 00:00:00','2018-12-18 00:00:00','2018-12-18 00:00:00',0,'2018-12-08 00:31:12','2018-12-08 00:31:12',NULL,NULL),(1182,864,0,0,'2018-12-19 00:00:00','2018-12-19 00:00:00','2018-12-19 00:00:00',0,'2018-12-08 00:31:12','2018-12-08 00:31:12',NULL,NULL),(1183,865,0,0,'2018-12-20 00:00:00','2018-12-20 00:00:00','2018-12-20 00:00:00',0,'2018-12-08 00:31:12','2018-12-08 00:31:12',NULL,NULL),(1184,866,0,0,'2018-12-21 00:00:00','2018-12-21 00:00:00','2018-12-21 00:00:00',0,'2018-12-08 00:31:12','2018-12-08 00:31:12',NULL,NULL),(1185,867,0,0,'2018-12-22 00:00:00','2018-12-22 00:00:00','2018-12-22 00:00:00',0,'2018-12-08 00:31:12','2018-12-08 00:31:12',NULL,NULL),(1186,868,0,0,'2018-12-23 00:00:00','2018-12-23 00:00:00','2018-12-23 00:00:00',0,'2018-12-08 00:31:12','2018-12-08 00:31:12',NULL,NULL),(1187,869,0,0,'2018-12-24 00:00:00','2018-12-24 00:00:00','2018-12-24 00:00:00',0,'2018-12-08 00:31:12','2018-12-08 00:31:12',NULL,NULL),(1188,870,0,0,'2018-12-25 00:00:00','2018-12-25 00:00:00','2018-12-25 00:00:00',0,'2018-12-08 00:31:12','2018-12-08 00:31:12',NULL,NULL),(1189,871,0,0,'2018-12-26 00:00:00','2018-12-26 00:00:00','2018-12-26 00:00:00',0,'2018-12-08 00:31:12','2018-12-08 00:31:12',NULL,NULL),(1190,872,0,0,'2018-12-27 00:00:00','2018-12-27 00:00:00','2018-12-27 00:00:00',0,'2018-12-08 00:31:12','2018-12-08 00:31:12',NULL,NULL),(1191,873,0,0,'2018-12-28 00:00:00','2018-12-28 00:00:00','2018-12-28 00:00:00',0,'2018-12-08 00:31:12','2018-12-08 00:31:12',NULL,NULL),(1192,874,0,0,'2018-12-29 00:00:00','2018-12-29 00:00:00','2018-12-29 00:00:00',0,'2018-12-08 00:31:12','2018-12-08 00:31:12',NULL,NULL),(1193,875,0,0,'2018-12-30 00:00:00','2018-12-30 00:00:00','2018-12-30 00:00:00',0,'2018-12-08 00:31:12','2018-12-08 00:31:12',NULL,NULL),(1194,876,0,0,'2018-12-31 00:00:00','2018-12-31 00:00:00','2018-12-31 00:00:00',0,'2018-12-08 00:31:12','2018-12-08 00:31:12',NULL,NULL),(1195,877,0,10800,'2018-12-15 06:15:00','2018-12-15 09:15:00','2018-12-15 06:15:00',0,'2018-12-08 00:31:56','2018-12-08 00:34:18',NULL,NULL),(1196,878,0,10800,'2018-12-16 06:15:00','2018-12-16 09:15:00','2018-12-16 06:15:00',0,'2018-12-08 00:31:56','2018-12-08 00:34:18',NULL,NULL),(1197,879,0,10800,'2018-12-17 06:15:00','2018-12-17 09:15:00','2018-12-17 06:15:00',0,'2018-12-08 00:31:56','2018-12-08 00:34:18',NULL,NULL),(1198,880,0,10800,'2018-12-18 06:15:00','2018-12-18 09:15:00','2018-12-18 06:15:00',0,'2018-12-08 00:31:56','2018-12-08 00:34:18',NULL,NULL),(1199,881,0,10800,'2018-12-19 06:15:00','2018-12-19 09:15:00','2018-12-19 06:15:00',0,'2018-12-08 00:31:56','2018-12-08 00:34:18',NULL,NULL),(1200,882,0,10800,'2018-12-20 06:15:00','2018-12-20 09:15:00','2018-12-20 06:15:00',0,'2018-12-08 00:31:56','2018-12-08 00:34:18',NULL,NULL),(1201,883,0,10800,'2018-12-21 06:15:00','2018-12-21 09:15:00','2018-12-21 06:15:00',0,'2018-12-08 00:31:56','2018-12-08 00:34:18',NULL,NULL),(1202,884,0,10800,'2018-12-22 06:15:00','2018-12-22 09:15:00','2018-12-22 06:15:00',0,'2018-12-08 00:31:56','2018-12-08 00:34:18',NULL,NULL),(1203,885,0,10800,'2018-12-23 06:15:00','2018-12-23 09:15:00','2018-12-23 06:15:00',0,'2018-12-08 00:31:56','2018-12-08 00:34:18',NULL,NULL),(1204,886,0,10800,'2018-12-24 06:15:00','2018-12-24 09:15:00','2018-12-24 06:15:00',0,'2018-12-08 00:31:56','2018-12-08 00:34:18',NULL,NULL),(1205,887,0,10800,'2018-12-25 06:15:00','2018-12-25 09:15:00','2018-12-25 06:15:00',0,'2018-12-08 00:31:56','2018-12-08 00:34:18',NULL,NULL),(1206,888,0,10800,'2018-12-26 06:15:00','2018-12-26 09:15:00','2018-12-26 06:15:00',0,'2018-12-08 00:31:56','2018-12-08 00:34:18',NULL,NULL),(1207,889,0,10800,'2018-12-27 06:15:00','2018-12-27 09:15:00','2018-12-27 06:15:00',0,'2018-12-08 00:31:56','2018-12-08 00:34:18',NULL,NULL),(1208,890,0,10800,'2018-12-28 06:15:00','2018-12-28 09:15:00','2018-12-28 06:15:00',0,'2018-12-08 00:31:56','2018-12-08 00:34:18',NULL,NULL),(1209,891,0,10800,'2018-12-29 06:15:00','2018-12-29 09:15:00','2018-12-29 06:15:00',0,'2018-12-08 00:31:56','2018-12-08 00:34:18',NULL,NULL),(1210,892,0,10800,'2018-12-30 06:15:00','2018-12-30 09:15:00','2018-12-30 06:15:00',0,'2018-12-08 00:31:56','2018-12-08 00:34:18',NULL,NULL),(1211,893,0,10800,'2018-12-31 06:15:00','2018-12-31 09:15:00','2018-12-31 06:15:00',0,'2018-12-08 00:31:56','2018-12-08 00:34:18',NULL,NULL),(1212,877,0,11100,'2018-12-15 07:30:00','2018-12-15 10:35:00','2018-12-15 07:30:00',0,'2018-12-08 00:34:18','2018-12-08 00:34:18',NULL,NULL),(1213,878,0,11100,'2018-12-16 07:30:00','2018-12-16 10:35:00','2018-12-16 07:30:00',0,'2018-12-08 00:34:18','2018-12-08 00:34:18',NULL,NULL),(1214,879,0,11100,'2018-12-17 07:30:00','2018-12-17 10:35:00','2018-12-17 07:30:00',0,'2018-12-08 00:34:18','2018-12-08 00:34:18',NULL,NULL),(1215,880,0,11100,'2018-12-18 07:30:00','2018-12-18 10:35:00','2018-12-18 07:30:00',0,'2018-12-08 00:34:18','2018-12-08 00:34:18',NULL,NULL),(1216,881,0,11100,'2018-12-19 07:30:00','2018-12-19 10:35:00','2018-12-19 07:30:00',0,'2018-12-08 00:34:18','2018-12-08 00:34:18',NULL,NULL),(1217,882,0,11100,'2018-12-20 07:30:00','2018-12-20 10:35:00','2018-12-20 07:30:00',0,'2018-12-08 00:34:18','2018-12-08 00:34:18',NULL,NULL),(1218,883,0,11100,'2018-12-21 07:30:00','2018-12-21 10:35:00','2018-12-21 07:30:00',0,'2018-12-08 00:34:18','2018-12-08 00:34:18',NULL,NULL),(1219,884,0,11100,'2018-12-22 07:30:00','2018-12-22 10:35:00','2018-12-22 07:30:00',0,'2018-12-08 00:34:18','2018-12-08 00:34:18',NULL,NULL),(1220,885,0,11100,'2018-12-23 07:30:00','2018-12-23 10:35:00','2018-12-23 07:30:00',0,'2018-12-08 00:34:18','2018-12-08 00:34:18',NULL,NULL),(1221,886,0,11100,'2018-12-24 07:30:00','2018-12-24 10:35:00','2018-12-24 07:30:00',0,'2018-12-08 00:34:18','2018-12-08 00:34:18',NULL,NULL),(1222,887,0,11100,'2018-12-25 07:30:00','2018-12-25 10:35:00','2018-12-25 07:30:00',0,'2018-12-08 00:34:18','2018-12-08 00:34:18',NULL,NULL),(1223,888,0,11100,'2018-12-26 07:30:00','2018-12-26 10:35:00','2018-12-26 07:30:00',0,'2018-12-08 00:34:18','2018-12-08 00:34:18',NULL,NULL),(1224,889,0,11100,'2018-12-27 07:30:00','2018-12-27 10:35:00','2018-12-27 07:30:00',0,'2018-12-08 00:34:18','2018-12-08 00:34:18',NULL,NULL),(1225,890,0,11100,'2018-12-28 07:30:00','2018-12-28 10:35:00','2018-12-28 07:30:00',0,'2018-12-08 00:34:18','2018-12-08 00:34:18',NULL,NULL),(1226,891,0,11100,'2018-12-29 07:30:00','2018-12-29 10:35:00','2018-12-29 07:30:00',0,'2018-12-08 00:34:18','2018-12-08 00:34:18',NULL,NULL),(1227,892,0,11100,'2018-12-30 07:30:00','2018-12-30 10:35:00','2018-12-30 07:30:00',0,'2018-12-08 00:34:18','2018-12-08 00:34:18',NULL,NULL),(1228,893,0,11100,'2018-12-31 07:30:00','2018-12-31 10:35:00','2018-12-31 07:30:00',0,'2018-12-08 00:34:18','2018-12-08 00:34:18',NULL,NULL),(1229,894,0,10800,'2018-12-15 07:00:00','2018-12-15 10:00:00','2018-12-15 07:00:00',0,'2018-12-08 00:43:05','2018-12-08 00:43:05',NULL,NULL),(1230,895,0,10800,'2018-12-16 07:00:00','2018-12-16 10:00:00','2018-12-16 07:00:00',0,'2018-12-08 00:43:05','2018-12-08 00:43:05',NULL,NULL),(1231,896,0,10800,'2018-12-18 07:00:00','2018-12-18 10:00:00','2018-12-18 07:00:00',0,'2018-12-08 00:43:05','2018-12-08 00:43:05',NULL,NULL),(1232,897,0,10800,'2018-12-20 07:00:00','2018-12-20 10:00:00','2018-12-20 07:00:00',0,'2018-12-08 00:43:05','2018-12-08 00:43:05',NULL,NULL),(1233,898,0,10800,'2018-12-22 07:00:00','2018-12-22 10:00:00','2018-12-22 07:00:00',0,'2018-12-08 00:43:05','2018-12-08 00:43:05',NULL,NULL),(1234,899,0,10800,'2018-12-24 07:00:00','2018-12-24 10:00:00','2018-12-24 07:00:00',0,'2018-12-08 00:43:05','2018-12-08 00:43:05',NULL,NULL),(1235,900,0,10800,'2018-12-26 07:00:00','2018-12-26 10:00:00','2018-12-26 07:00:00',0,'2018-12-08 00:43:05','2018-12-08 00:43:05',NULL,NULL),(1236,901,0,10800,'2018-12-27 07:00:00','2018-12-27 10:00:00','2018-12-27 07:00:00',0,'2018-12-08 00:43:05','2018-12-08 00:43:05',NULL,NULL),(1237,902,0,10800,'2018-12-29 07:00:00','2018-12-29 10:00:00','2018-12-29 07:00:00',0,'2018-12-08 00:43:05','2018-12-08 00:43:05',NULL,NULL),(1238,903,0,10800,'2018-12-30 07:00:00','2018-12-30 10:00:00','2018-12-30 07:00:00',0,'2018-12-08 00:43:05','2018-12-08 00:43:05',NULL,NULL),(1239,904,0,14400,'2018-12-15 05:05:00','2018-12-15 09:05:00','2018-12-15 09:05:00',0,'2018-12-08 00:43:05','2018-12-08 00:43:05',NULL,NULL),(1240,905,0,14400,'2018-12-16 05:05:00','2018-12-16 09:05:00','2018-12-16 09:05:00',0,'2018-12-08 00:43:05','2018-12-08 00:43:05',NULL,NULL),(1241,906,0,14400,'2018-12-18 05:05:00','2018-12-18 09:05:00','2018-12-18 09:05:00',0,'2018-12-08 00:43:05','2018-12-08 00:43:05',NULL,NULL),(1242,907,0,14400,'2018-12-20 05:05:00','2018-12-20 09:05:00','2018-12-20 09:05:00',0,'2018-12-08 00:43:05','2018-12-08 00:43:05',NULL,NULL),(1243,908,0,14400,'2018-12-22 05:05:00','2018-12-22 09:05:00','2018-12-22 09:05:00',0,'2018-12-08 00:43:05','2018-12-08 00:43:05',NULL,NULL),(1244,909,0,14400,'2018-12-24 05:05:00','2018-12-24 09:05:00','2018-12-24 09:05:00',0,'2018-12-08 00:43:05','2018-12-08 00:43:05',NULL,NULL),(1245,910,0,14400,'2018-12-26 05:05:00','2018-12-26 09:05:00','2018-12-26 09:05:00',0,'2018-12-08 00:43:05','2018-12-08 00:43:05',NULL,NULL),(1246,911,0,14400,'2018-12-27 05:05:00','2018-12-27 09:05:00','2018-12-27 09:05:00',0,'2018-12-08 00:43:05','2018-12-08 00:43:05',NULL,NULL),(1247,912,0,14400,'2018-12-29 05:05:00','2018-12-29 09:05:00','2018-12-29 09:05:00',0,'2018-12-08 00:43:05','2018-12-08 00:43:05',NULL,NULL),(1248,913,0,14400,'2018-12-30 05:05:00','2018-12-30 09:05:00','2018-12-30 09:05:00',0,'2018-12-08 00:43:05','2018-12-08 00:43:05',NULL,NULL),(1249,914,0,11700,'2019-01-02 07:00:00','2019-01-02 10:15:00','2019-01-02 07:00:00',0,'2018-12-08 00:44:36','2018-12-08 00:44:36',NULL,NULL),(1250,915,0,11700,'2019-01-03 07:00:00','2019-01-03 10:15:00','2019-01-03 07:00:00',0,'2018-12-08 00:44:36','2018-12-08 00:44:36',NULL,NULL),(1251,916,0,11700,'2019-01-04 07:00:00','2019-01-04 10:15:00','2019-01-04 07:00:00',0,'2018-12-08 00:44:36','2018-12-08 00:44:36',NULL,NULL),(1252,917,0,11700,'2019-01-05 07:00:00','2019-01-05 10:15:00','2019-01-05 07:00:00',0,'2018-12-08 00:44:36','2018-12-08 00:44:36',NULL,NULL),(1253,918,0,11700,'2019-01-06 07:00:00','2019-01-06 10:15:00','2019-01-06 07:00:00',0,'2018-12-08 00:44:36','2018-12-08 00:44:36',NULL,NULL),(1254,919,0,11700,'2019-01-07 07:00:00','2019-01-07 10:15:00','2019-01-07 07:00:00',0,'2018-12-08 00:44:36','2018-12-08 00:44:36',NULL,NULL),(1255,920,0,11700,'2019-01-08 07:00:00','2019-01-08 10:15:00','2019-01-08 07:00:00',0,'2018-12-08 00:44:36','2018-12-08 00:44:36',NULL,NULL),(1256,921,0,11700,'2019-01-09 07:00:00','2019-01-09 10:15:00','2019-01-09 07:00:00',0,'2018-12-08 00:44:36','2018-12-08 00:44:36',NULL,NULL),(1257,922,0,11700,'2019-01-10 07:00:00','2019-01-10 10:15:00','2019-01-10 07:00:00',0,'2018-12-08 00:44:36','2018-12-08 00:44:36',NULL,NULL),(1258,923,0,11700,'2019-01-11 07:00:00','2019-01-11 10:15:00','2019-01-11 07:00:00',0,'2018-12-08 00:44:36','2018-12-08 00:44:36',NULL,NULL),(1259,924,0,11700,'2019-01-12 07:00:00','2019-01-12 10:15:00','2019-01-12 07:00:00',0,'2018-12-08 00:44:36','2018-12-08 00:44:36',NULL,NULL),(1260,925,0,11700,'2019-01-13 07:00:00','2019-01-13 10:15:00','2019-01-13 07:00:00',0,'2018-12-08 00:44:36','2018-12-08 00:44:36',NULL,NULL),(1261,926,0,11700,'2019-01-14 07:00:00','2019-01-14 10:15:00','2019-01-14 07:00:00',0,'2018-12-08 00:44:36','2018-12-08 00:44:36',NULL,NULL),(1262,927,0,11700,'2019-01-15 07:00:00','2019-01-15 10:15:00','2019-01-15 07:00:00',0,'2018-12-08 00:44:36','2018-12-08 00:44:36',NULL,NULL),(1263,928,0,11700,'2019-01-16 07:00:00','2019-01-16 10:15:00','2019-01-16 07:00:00',0,'2018-12-08 00:44:36','2018-12-08 00:44:36',NULL,NULL),(1264,929,0,11700,'2019-01-17 07:00:00','2019-01-17 10:15:00','2019-01-17 07:00:00',0,'2018-12-08 00:44:36','2018-12-08 00:44:36',NULL,NULL),(1265,930,0,11700,'2019-01-18 07:00:00','2019-01-18 10:15:00','2019-01-18 07:00:00',0,'2018-12-08 00:44:36','2018-12-08 00:44:36',NULL,NULL),(1266,931,0,11700,'2019-01-19 07:00:00','2019-01-19 10:15:00','2019-01-19 07:00:00',0,'2018-12-08 00:44:36','2018-12-08 00:44:36',NULL,NULL),(1267,932,0,11700,'2019-01-20 07:00:00','2019-01-20 10:15:00','2019-01-20 07:00:00',0,'2018-12-08 00:44:36','2018-12-08 00:44:36',NULL,NULL),(1268,933,0,11700,'2019-01-21 07:00:00','2019-01-21 10:15:00','2019-01-21 07:00:00',0,'2018-12-08 00:44:36','2018-12-08 00:44:36',NULL,NULL),(1269,934,0,11700,'2019-01-22 07:00:00','2019-01-22 10:15:00','2019-01-22 07:00:00',0,'2018-12-08 00:44:36','2018-12-08 00:44:36',NULL,NULL),(1270,935,0,11700,'2019-01-23 07:00:00','2019-01-23 10:15:00','2019-01-23 07:00:00',0,'2018-12-08 00:44:36','2018-12-08 00:44:36',NULL,NULL),(1271,936,0,11700,'2019-01-24 07:00:00','2019-01-24 10:15:00','2019-01-24 07:00:00',0,'2018-12-08 00:44:36','2018-12-08 00:44:36',NULL,NULL),(1272,937,0,11700,'2019-01-25 07:00:00','2019-01-25 10:15:00','2019-01-25 07:00:00',0,'2018-12-08 00:44:36','2018-12-08 00:44:36',NULL,NULL),(1273,938,0,11700,'2019-01-26 07:00:00','2019-01-26 10:15:00','2019-01-26 07:00:00',0,'2018-12-08 00:44:36','2018-12-08 00:44:36',NULL,NULL),(1274,939,0,11700,'2019-01-27 07:00:00','2019-01-27 10:15:00','2019-01-27 07:00:00',0,'2018-12-08 00:44:36','2018-12-08 00:44:36',NULL,NULL),(1275,940,0,11700,'2019-01-28 07:00:00','2019-01-28 10:15:00','2019-01-28 07:00:00',0,'2018-12-08 00:44:36','2018-12-08 00:44:36',NULL,NULL),(1276,941,0,11700,'2019-01-29 07:00:00','2019-01-29 10:15:00','2019-01-29 07:00:00',0,'2018-12-08 00:44:36','2018-12-08 00:44:36',NULL,NULL),(1277,942,0,11700,'2019-01-30 07:00:00','2019-01-30 10:15:00','2019-01-30 07:00:00',0,'2018-12-08 00:44:36','2018-12-08 00:44:36',NULL,NULL),(1278,943,0,11700,'2019-01-31 07:00:00','2019-01-31 10:15:00','2019-01-31 07:00:00',0,'2018-12-08 00:44:36','2018-12-08 00:44:36',NULL,NULL),(1279,944,0,14400,'2019-01-03 07:00:00','2019-01-03 11:00:00','2019-01-03 11:00:00',0,'2018-12-08 00:44:36','2018-12-08 00:44:36',NULL,NULL),(1280,945,0,14400,'2019-01-04 07:00:00','2019-01-04 11:00:00','2019-01-04 11:00:00',0,'2018-12-08 00:44:36','2018-12-08 00:44:36',NULL,NULL),(1281,946,0,14400,'2019-01-05 07:00:00','2019-01-05 11:00:00','2019-01-05 11:00:00',0,'2018-12-08 00:44:36','2018-12-08 00:44:36',NULL,NULL),(1282,947,0,14400,'2019-01-06 07:00:00','2019-01-06 11:00:00','2019-01-06 11:00:00',0,'2018-12-08 00:44:36','2018-12-08 00:44:36',NULL,NULL),(1283,948,0,14400,'2019-01-07 07:00:00','2019-01-07 11:00:00','2019-01-07 11:00:00',0,'2018-12-08 00:44:36','2018-12-08 00:44:36',NULL,NULL),(1284,949,0,14400,'2019-01-08 07:00:00','2019-01-08 11:00:00','2019-01-08 11:00:00',0,'2018-12-08 00:44:36','2018-12-08 00:44:36',NULL,NULL),(1285,950,0,14400,'2019-01-09 07:00:00','2019-01-09 11:00:00','2019-01-09 11:00:00',0,'2018-12-08 00:44:36','2018-12-08 00:44:36',NULL,NULL),(1286,951,0,14400,'2019-01-10 07:00:00','2019-01-10 11:00:00','2019-01-10 11:00:00',0,'2018-12-08 00:44:36','2018-12-08 00:44:36',NULL,NULL),(1287,952,0,14400,'2019-01-11 07:00:00','2019-01-11 11:00:00','2019-01-11 11:00:00',0,'2018-12-08 00:44:36','2018-12-08 00:44:36',NULL,NULL),(1288,953,0,14400,'2019-01-12 07:00:00','2019-01-12 11:00:00','2019-01-12 11:00:00',0,'2018-12-08 00:44:36','2018-12-08 00:44:36',NULL,NULL),(1289,954,0,14400,'2019-01-13 07:00:00','2019-01-13 11:00:00','2019-01-13 11:00:00',0,'2018-12-08 00:44:36','2018-12-08 00:44:36',NULL,NULL),(1290,955,0,14400,'2019-01-14 07:00:00','2019-01-14 11:00:00','2019-01-14 11:00:00',0,'2018-12-08 00:44:36','2018-12-08 00:44:36',NULL,NULL),(1291,956,0,14400,'2019-01-15 07:00:00','2019-01-15 11:00:00','2019-01-15 11:00:00',0,'2018-12-08 00:44:36','2018-12-08 00:44:36',NULL,NULL),(1292,957,0,14400,'2019-01-16 07:00:00','2019-01-16 11:00:00','2019-01-16 11:00:00',0,'2018-12-08 00:44:36','2018-12-08 00:44:36',NULL,NULL),(1293,958,0,14400,'2019-01-17 07:00:00','2019-01-17 11:00:00','2019-01-17 11:00:00',0,'2018-12-08 00:44:36','2018-12-08 00:44:36',NULL,NULL),(1294,959,0,14400,'2019-01-18 07:00:00','2019-01-18 11:00:00','2019-01-18 11:00:00',0,'2018-12-08 00:44:36','2018-12-08 00:44:36',NULL,NULL),(1295,960,0,14400,'2019-01-19 07:00:00','2019-01-19 11:00:00','2019-01-19 11:00:00',0,'2018-12-08 00:44:36','2018-12-08 00:44:36',NULL,NULL),(1296,961,0,14400,'2019-01-20 07:00:00','2019-01-20 11:00:00','2019-01-20 11:00:00',0,'2018-12-08 00:44:36','2018-12-08 00:44:36',NULL,NULL),(1297,962,0,14400,'2019-01-21 07:00:00','2019-01-21 11:00:00','2019-01-21 11:00:00',0,'2018-12-08 00:44:36','2018-12-08 00:44:36',NULL,NULL),(1298,963,0,14400,'2019-01-22 07:00:00','2019-01-22 11:00:00','2019-01-22 11:00:00',0,'2018-12-08 00:44:36','2018-12-08 00:44:36',NULL,NULL),(1299,964,0,14400,'2019-01-23 07:00:00','2019-01-23 11:00:00','2019-01-23 11:00:00',0,'2018-12-08 00:44:36','2018-12-08 00:44:36',NULL,NULL),(1300,965,0,14400,'2019-01-24 07:00:00','2019-01-24 11:00:00','2019-01-24 11:00:00',0,'2018-12-08 00:44:36','2018-12-08 00:44:36',NULL,NULL),(1301,966,0,14400,'2019-01-25 07:00:00','2019-01-25 11:00:00','2019-01-25 11:00:00',0,'2018-12-08 00:44:36','2018-12-08 00:44:36',NULL,NULL),(1302,967,0,14400,'2019-01-26 07:00:00','2019-01-26 11:00:00','2019-01-26 11:00:00',0,'2018-12-08 00:44:36','2018-12-08 00:44:36',NULL,NULL),(1303,968,0,14400,'2019-01-27 07:00:00','2019-01-27 11:00:00','2019-01-27 11:00:00',0,'2018-12-08 00:44:36','2018-12-08 00:44:36',NULL,NULL),(1304,969,0,14400,'2019-01-28 07:00:00','2019-01-28 11:00:00','2019-01-28 11:00:00',0,'2018-12-08 00:44:36','2018-12-08 00:44:36',NULL,NULL),(1305,970,0,14400,'2019-01-29 07:00:00','2019-01-29 11:00:00','2019-01-29 11:00:00',0,'2018-12-08 00:44:36','2018-12-08 00:44:36',NULL,NULL),(1306,971,0,14400,'2019-01-30 07:00:00','2019-01-30 11:00:00','2019-01-30 11:00:00',0,'2018-12-08 00:44:36','2018-12-08 00:44:36',NULL,NULL),(1307,972,0,14400,'2019-01-31 07:00:00','2019-01-31 11:00:00','2019-01-31 11:00:00',0,'2018-12-08 00:44:36','2018-12-08 00:44:36',NULL,NULL),(1308,973,0,75600,'2018-12-10 04:30:00','2018-12-11 01:30:00','2018-12-10 04:30:00',0,'2018-12-10 01:31:01','2018-12-10 22:38:52',NULL,NULL),(1309,974,0,75600,'2018-12-14 04:30:00','2018-12-15 01:30:00','2018-12-14 04:30:00',0,'2018-12-10 01:31:01','2018-12-10 01:31:01',NULL,NULL),(1310,975,0,75600,'2018-12-18 04:30:00','2018-12-19 01:30:00','2018-12-18 04:30:00',0,'2018-12-10 01:31:01','2018-12-10 01:31:01',NULL,NULL),(1311,976,0,75600,'2018-12-22 04:30:00','2018-12-23 01:30:00','2018-12-22 04:30:00',0,'2018-12-10 01:31:01','2018-12-10 01:31:01',NULL,NULL),(1312,977,0,75600,'2018-12-26 04:30:00','2018-12-27 01:30:00','2018-12-26 04:30:00',0,'2018-12-10 01:31:01','2018-12-10 01:31:01',NULL,NULL),(1313,978,0,75600,'2018-12-30 04:30:00','2018-12-31 01:30:00','2018-12-30 04:30:00',0,'2018-12-10 01:31:01','2018-12-10 01:31:01',NULL,NULL),(1314,982,0,75900,'2018-12-11 14:40:00','2018-12-12 11:45:00','2018-12-11 14:40:00',0,'2018-12-10 01:36:10','2018-12-10 01:36:10',NULL,NULL),(1315,983,0,75600,'2018-12-13 14:45:00','2018-12-14 11:45:00','2018-12-14 11:45:00',0,'2018-12-10 01:36:47','2018-12-10 01:36:47',NULL,NULL),(1316,984,0,48300,'2018-12-10 17:35:00','2018-12-11 07:00:00','2018-12-10 17:35:00',0,'2018-12-10 22:35:59','2018-12-10 22:35:59',NULL,NULL),(1317,985,0,48300,'2018-12-12 17:35:00','2018-12-13 07:00:00','2018-12-12 17:35:00',0,'2018-12-10 22:35:59','2018-12-10 22:35:59',NULL,NULL),(1318,986,0,48300,'2018-12-14 17:35:00','2018-12-15 07:00:00','2018-12-14 17:35:00',0,'2018-12-10 22:35:59','2018-12-10 22:35:59',NULL,NULL),(1319,987,0,48300,'2018-12-16 17:35:00','2018-12-17 07:00:00','2018-12-16 17:35:00',0,'2018-12-10 22:35:59','2018-12-10 22:35:59',NULL,NULL),(1320,988,0,48300,'2018-12-18 17:35:00','2018-12-19 07:00:00','2018-12-18 17:35:00',0,'2018-12-10 22:35:59','2018-12-10 22:35:59',NULL,NULL),(1321,989,0,48300,'2018-12-20 17:35:00','2018-12-21 07:00:00','2018-12-20 17:35:00',0,'2018-12-10 22:35:59','2018-12-10 22:35:59',NULL,NULL),(1322,990,0,48300,'2018-12-22 17:35:00','2018-12-23 07:00:00','2018-12-22 17:35:00',0,'2018-12-10 22:35:59','2018-12-10 22:35:59',NULL,NULL),(1323,991,0,48300,'2018-12-24 17:35:00','2018-12-25 07:00:00','2018-12-24 17:35:00',0,'2018-12-10 22:35:59','2018-12-10 22:35:59',NULL,NULL),(1324,992,0,48300,'2018-12-26 17:35:00','2018-12-27 07:00:00','2018-12-26 17:35:00',0,'2018-12-10 22:35:59','2018-12-10 22:35:59',NULL,NULL),(1325,993,0,48300,'2018-12-28 17:35:00','2018-12-29 07:00:00','2018-12-28 17:35:00',0,'2018-12-10 22:35:59','2018-12-10 22:35:59',NULL,NULL),(1326,994,0,48300,'2018-12-30 17:35:00','2018-12-31 07:00:00','2018-12-30 17:35:00',0,'2018-12-10 22:35:59','2018-12-10 22:35:59',NULL,NULL),(1327,995,0,36900,'2018-12-11 10:20:00','2018-12-11 20:35:00','2018-12-11 20:35:00',0,'2018-12-10 22:35:59','2018-12-10 22:35:59',NULL,NULL),(1328,996,0,36900,'2018-12-13 10:20:00','2018-12-13 20:35:00','2018-12-13 20:35:00',0,'2018-12-10 22:35:59','2018-12-10 22:35:59',NULL,NULL),(1329,997,0,36900,'2018-12-15 10:20:00','2018-12-15 20:35:00','2018-12-15 20:35:00',0,'2018-12-10 22:35:59','2018-12-10 22:35:59',NULL,NULL),(1330,998,0,36900,'2018-12-17 10:20:00','2018-12-17 20:35:00','2018-12-17 20:35:00',0,'2018-12-10 22:35:59','2018-12-10 22:35:59',NULL,NULL),(1331,999,0,36900,'2018-12-19 10:20:00','2018-12-19 20:35:00','2018-12-19 20:35:00',0,'2018-12-10 22:35:59','2018-12-10 22:35:59',NULL,NULL),(1332,1000,0,36900,'2018-12-21 10:20:00','2018-12-21 20:35:00','2018-12-21 20:35:00',0,'2018-12-10 22:35:59','2018-12-10 22:35:59',NULL,NULL),(1333,1001,0,36900,'2018-12-23 10:20:00','2018-12-23 20:35:00','2018-12-23 20:35:00',0,'2018-12-10 22:35:59','2018-12-10 22:35:59',NULL,NULL),(1334,1002,0,36900,'2018-12-25 10:20:00','2018-12-25 20:35:00','2018-12-25 20:35:00',0,'2018-12-10 22:35:59','2018-12-10 22:35:59',NULL,NULL),(1335,1003,0,36900,'2018-12-27 10:20:00','2018-12-27 20:35:00','2018-12-27 20:35:00',0,'2018-12-10 22:35:59','2018-12-10 22:35:59',NULL,NULL),(1336,1004,0,36900,'2018-12-29 10:20:00','2018-12-29 20:35:00','2018-12-29 20:35:00',0,'2018-12-10 22:35:59','2018-12-10 22:35:59',NULL,NULL),(1337,1005,0,36900,'2018-12-31 10:20:00','2018-12-31 20:35:00','2018-12-31 20:35:00',0,'2018-12-10 22:35:59','2018-12-10 22:35:59',NULL,NULL),(1338,1027,0,4500,'2018-12-11 07:00:00','2018-12-11 08:15:00','2018-12-11 07:00:00',0,'2018-12-11 12:18:12','2018-12-11 12:18:12',NULL,NULL),(1339,1028,0,4500,'2018-12-12 07:00:00','2018-12-12 08:15:00','2018-12-12 07:00:00',0,'2018-12-11 12:18:12','2018-12-11 12:18:12',NULL,NULL),(1340,1029,0,4500,'2018-12-13 07:00:00','2018-12-13 08:15:00','2018-12-13 07:00:00',0,'2018-12-11 12:18:12','2018-12-11 12:18:12',NULL,NULL),(1341,1030,0,4500,'2018-12-14 07:00:00','2018-12-14 08:15:00','2018-12-14 07:00:00',0,'2018-12-11 12:18:12','2018-12-11 12:18:12',NULL,NULL),(1342,1031,0,4500,'2018-12-15 07:00:00','2018-12-15 08:15:00','2018-12-15 07:00:00',0,'2018-12-11 12:18:12','2018-12-11 12:18:12',NULL,NULL),(1343,1032,0,4500,'2018-12-16 07:00:00','2018-12-16 08:15:00','2018-12-16 07:00:00',0,'2018-12-11 12:18:12','2018-12-11 12:18:12',NULL,NULL),(1344,1033,0,4500,'2018-12-17 07:00:00','2018-12-17 08:15:00','2018-12-17 07:00:00',0,'2018-12-11 12:18:12','2018-12-11 12:18:12',NULL,NULL),(1345,1034,0,4500,'2018-12-18 07:00:00','2018-12-18 08:15:00','2018-12-18 07:00:00',0,'2018-12-11 12:18:12','2018-12-11 12:18:12',NULL,NULL),(1346,1035,0,4500,'2018-12-19 07:00:00','2018-12-19 08:15:00','2018-12-19 07:00:00',0,'2018-12-11 12:18:12','2018-12-11 12:18:12',NULL,NULL),(1347,1036,0,4500,'2018-12-20 07:00:00','2018-12-20 08:15:00','2018-12-20 07:00:00',0,'2018-12-11 12:18:12','2018-12-11 12:18:12',NULL,NULL),(1348,1037,0,4500,'2018-12-21 07:00:00','2018-12-21 08:15:00','2018-12-21 07:00:00',0,'2018-12-11 12:18:12','2018-12-11 12:18:12',NULL,NULL),(1349,1038,0,4500,'2018-12-22 07:00:00','2018-12-22 08:15:00','2018-12-22 07:00:00',0,'2018-12-11 12:18:12','2018-12-11 12:18:12',NULL,NULL),(1350,1039,0,4500,'2018-12-23 07:00:00','2018-12-23 08:15:00','2018-12-23 07:00:00',0,'2018-12-11 12:18:12','2018-12-11 12:18:12',NULL,NULL),(1351,1040,0,4500,'2018-12-24 07:00:00','2018-12-24 08:15:00','2018-12-24 07:00:00',0,'2018-12-11 12:18:12','2018-12-11 12:18:12',NULL,NULL),(1352,1041,0,4500,'2018-12-25 07:00:00','2018-12-25 08:15:00','2018-12-25 07:00:00',0,'2018-12-11 12:18:12','2018-12-11 12:18:12',NULL,NULL),(1353,1042,0,4500,'2018-12-26 07:00:00','2018-12-26 08:15:00','2018-12-26 07:00:00',0,'2018-12-11 12:18:12','2018-12-11 12:18:12',NULL,NULL),(1354,1043,0,4500,'2018-12-27 07:00:00','2018-12-27 08:15:00','2018-12-27 07:00:00',0,'2018-12-11 12:18:12','2018-12-11 12:18:12',NULL,NULL),(1355,1044,0,4500,'2018-12-28 07:00:00','2018-12-28 08:15:00','2018-12-28 07:00:00',0,'2018-12-11 12:18:12','2018-12-11 12:18:12',NULL,NULL),(1356,1045,0,4500,'2018-12-29 07:00:00','2018-12-29 08:15:00','2018-12-29 07:00:00',0,'2018-12-11 12:18:12','2018-12-11 12:18:12',NULL,NULL),(1357,1046,0,4500,'2018-12-30 07:00:00','2018-12-30 08:15:00','2018-12-30 07:00:00',0,'2018-12-11 12:18:12','2018-12-11 12:18:12',NULL,NULL),(1358,1047,0,4500,'2018-12-31 07:00:00','2018-12-31 08:15:00','2018-12-31 07:00:00',0,'2018-12-11 12:18:12','2018-12-11 12:18:12',NULL,NULL),(1359,1048,0,4500,'2018-12-11 14:30:00','2018-12-11 15:45:00','2018-12-11 15:45:00',0,'2018-12-11 12:18:25','2018-12-11 12:18:25',NULL,NULL),(1360,1049,0,4500,'2018-12-12 14:30:00','2018-12-12 15:45:00','2018-12-12 15:45:00',0,'2018-12-11 12:18:25','2018-12-11 12:18:25',NULL,NULL),(1361,1050,0,4500,'2018-12-13 14:30:00','2018-12-13 15:45:00','2018-12-13 15:45:00',0,'2018-12-11 12:18:25','2018-12-11 12:18:25',NULL,NULL),(1362,1051,0,4500,'2018-12-14 14:30:00','2018-12-14 15:45:00','2018-12-14 15:45:00',0,'2018-12-11 12:18:25','2018-12-11 12:18:25',NULL,NULL),(1363,1052,0,4500,'2018-12-15 14:30:00','2018-12-15 15:45:00','2018-12-15 15:45:00',0,'2018-12-11 12:18:25','2018-12-11 12:18:25',NULL,NULL),(1364,1053,0,4500,'2018-12-16 14:30:00','2018-12-16 15:45:00','2018-12-16 15:45:00',0,'2018-12-11 12:18:25','2018-12-11 12:18:25',NULL,NULL),(1365,1054,0,4500,'2018-12-17 14:30:00','2018-12-17 15:45:00','2018-12-17 15:45:00',0,'2018-12-11 12:18:25','2018-12-11 12:18:25',NULL,NULL),(1366,1055,0,4500,'2018-12-18 14:30:00','2018-12-18 15:45:00','2018-12-18 15:45:00',0,'2018-12-11 12:18:25','2018-12-11 12:18:25',NULL,NULL),(1367,1056,0,4500,'2018-12-19 14:30:00','2018-12-19 15:45:00','2018-12-19 15:45:00',0,'2018-12-11 12:18:25','2018-12-11 12:18:25',NULL,NULL),(1368,1057,0,4500,'2018-12-20 14:30:00','2018-12-20 15:45:00','2018-12-20 15:45:00',0,'2018-12-11 12:18:25','2018-12-11 12:18:25',NULL,NULL),(1369,1058,0,4500,'2018-12-21 14:30:00','2018-12-21 15:45:00','2018-12-21 15:45:00',0,'2018-12-11 12:18:25','2018-12-11 12:18:25',NULL,NULL),(1370,1059,0,4500,'2018-12-22 14:30:00','2018-12-22 15:45:00','2018-12-22 15:45:00',0,'2018-12-11 12:18:25','2018-12-11 12:18:25',NULL,NULL),(1371,1060,0,4500,'2018-12-23 14:30:00','2018-12-23 15:45:00','2018-12-23 15:45:00',0,'2018-12-11 12:18:25','2018-12-11 12:18:25',NULL,NULL),(1372,1061,0,4500,'2018-12-24 14:30:00','2018-12-24 15:45:00','2018-12-24 15:45:00',0,'2018-12-11 12:18:25','2018-12-11 12:18:25',NULL,NULL),(1373,1062,0,4500,'2018-12-25 14:30:00','2018-12-25 15:45:00','2018-12-25 15:45:00',0,'2018-12-11 12:18:25','2018-12-11 12:18:25',NULL,NULL),(1374,1063,0,4500,'2018-12-26 14:30:00','2018-12-26 15:45:00','2018-12-26 15:45:00',0,'2018-12-11 12:18:25','2018-12-11 12:18:25',NULL,NULL),(1375,1064,0,4500,'2018-12-27 14:30:00','2018-12-27 15:45:00','2018-12-27 15:45:00',0,'2018-12-11 12:18:25','2018-12-11 12:18:25',NULL,NULL),(1376,1065,0,4500,'2018-12-28 14:30:00','2018-12-28 15:45:00','2018-12-28 15:45:00',0,'2018-12-11 12:18:25','2018-12-11 12:18:25',NULL,NULL),(1377,1066,0,4500,'2018-12-29 14:30:00','2018-12-29 15:45:00','2018-12-29 15:45:00',0,'2018-12-11 12:18:25','2018-12-11 12:18:25',NULL,NULL),(1378,1067,0,4500,'2018-12-30 14:30:00','2018-12-30 15:45:00','2018-12-30 15:45:00',0,'2018-12-11 12:18:25','2018-12-11 12:18:25',NULL,NULL),(1379,1068,0,4500,'2018-12-31 14:30:00','2018-12-31 15:45:00','2018-12-31 15:45:00',0,'2018-12-11 12:18:25','2018-12-11 12:18:25',NULL,NULL),(1380,1069,0,15600,'2018-12-11 10:05:00','2018-12-11 14:25:00','2018-12-11 13:25:56',100,'2018-12-11 12:22:04','2018-12-11 13:25:56',NULL,'2018-12-11 13:25:56'),(1381,1070,0,15600,'2018-12-12 10:05:00','2018-12-12 14:25:00','2018-12-12 10:05:00',0,'2018-12-11 12:22:04','2018-12-11 12:22:04',NULL,NULL),(1382,1071,0,15600,'2018-12-13 10:05:00','2018-12-13 14:25:00','2018-12-13 10:05:00',0,'2018-12-11 12:22:04','2018-12-11 12:22:04',NULL,NULL),(1383,1072,0,15600,'2018-12-14 10:05:00','2018-12-14 14:25:00','2018-12-14 10:05:00',0,'2018-12-11 12:22:04','2018-12-11 12:22:04',NULL,NULL),(1384,1073,0,15600,'2018-12-15 10:05:00','2018-12-15 14:25:00','2018-12-15 10:05:00',0,'2018-12-11 12:22:04','2018-12-11 12:22:04',NULL,NULL),(1385,1074,0,15600,'2018-12-16 10:05:00','2018-12-16 14:25:00','2018-12-16 10:05:00',0,'2018-12-11 12:22:04','2018-12-11 12:22:04',NULL,NULL),(1386,1075,0,15600,'2018-12-17 10:05:00','2018-12-17 14:25:00','2018-12-17 10:05:00',0,'2018-12-11 12:22:04','2018-12-11 12:22:04',NULL,NULL),(1387,1076,0,15600,'2018-12-18 10:05:00','2018-12-18 14:25:00','2018-12-18 10:05:00',0,'2018-12-11 12:22:04','2018-12-11 12:22:04',NULL,NULL),(1388,1077,0,15600,'2018-12-19 10:05:00','2018-12-19 14:25:00','2018-12-19 10:05:00',0,'2018-12-11 12:22:04','2018-12-11 12:22:04',NULL,NULL),(1389,1078,0,15600,'2018-12-20 10:05:00','2018-12-20 14:25:00','2018-12-20 10:05:00',0,'2018-12-11 12:22:04','2018-12-11 12:22:04',NULL,NULL),(1390,1079,0,15600,'2018-12-21 10:05:00','2018-12-21 14:25:00','2018-12-21 10:05:00',0,'2018-12-11 12:22:04','2018-12-11 12:22:04',NULL,NULL),(1391,1080,0,15600,'2018-12-22 10:05:00','2018-12-22 14:25:00','2018-12-22 10:05:00',0,'2018-12-11 12:22:04','2018-12-11 12:22:04',NULL,NULL),(1392,1081,0,15600,'2018-12-23 10:05:00','2018-12-23 14:25:00','2018-12-23 10:05:00',0,'2018-12-11 12:22:04','2018-12-11 12:22:04',NULL,NULL),(1393,1082,0,15600,'2018-12-24 10:05:00','2018-12-24 14:25:00','2018-12-24 10:05:00',0,'2018-12-11 12:22:04','2018-12-11 12:22:04',NULL,NULL),(1394,1083,0,15600,'2018-12-25 10:05:00','2018-12-25 14:25:00','2018-12-25 10:05:00',0,'2018-12-11 12:22:04','2018-12-11 12:22:04',NULL,NULL),(1395,1084,0,15600,'2018-12-26 10:05:00','2018-12-26 14:25:00','2018-12-26 10:05:00',0,'2018-12-11 12:22:04','2018-12-11 12:22:04',NULL,NULL),(1396,1085,0,15600,'2018-12-27 10:05:00','2018-12-27 14:25:00','2018-12-27 10:05:00',0,'2018-12-11 12:22:04','2018-12-11 12:22:04',NULL,NULL),(1397,1086,0,15600,'2018-12-28 10:05:00','2018-12-28 14:25:00','2018-12-28 10:05:00',0,'2018-12-11 12:22:04','2018-12-11 12:22:04',NULL,NULL),(1398,1087,0,15600,'2018-12-29 10:05:00','2018-12-29 14:25:00','2018-12-29 10:05:00',0,'2018-12-11 12:22:04','2018-12-11 12:22:04',NULL,NULL),(1399,1088,0,15600,'2018-12-30 10:05:00','2018-12-30 14:25:00','2018-12-30 10:05:00',0,'2018-12-11 12:22:04','2018-12-11 12:22:04',NULL,NULL),(1400,1089,0,15600,'2018-12-31 10:05:00','2018-12-31 14:25:00','2018-12-31 10:05:00',0,'2018-12-11 12:22:04','2018-12-11 12:22:04',NULL,NULL),(1401,1090,0,15600,'2018-12-11 11:50:00','2018-12-11 16:10:00','2018-12-11 16:10:00',0,'2018-12-11 12:24:27','2018-12-11 12:24:27',NULL,NULL),(1402,1091,0,15600,'2018-12-12 11:50:00','2018-12-12 16:10:00','2018-12-12 16:10:00',0,'2018-12-11 12:24:27','2018-12-11 12:24:27',NULL,NULL),(1403,1092,0,15600,'2018-12-13 11:50:00','2018-12-13 16:10:00','2018-12-13 16:10:00',0,'2018-12-11 12:24:27','2018-12-11 12:24:27',NULL,NULL),(1404,1093,0,15600,'2018-12-14 11:50:00','2018-12-14 16:10:00','2018-12-14 16:10:00',0,'2018-12-11 12:24:27','2018-12-11 12:24:27',NULL,NULL),(1405,1094,0,15600,'2018-12-15 11:50:00','2018-12-15 16:10:00','2018-12-15 16:10:00',0,'2018-12-11 12:24:27','2018-12-11 12:24:27',NULL,NULL),(1406,1095,0,15600,'2018-12-16 11:50:00','2018-12-16 16:10:00','2018-12-16 16:10:00',0,'2018-12-11 12:24:27','2018-12-11 12:24:27',NULL,NULL),(1407,1096,0,15600,'2018-12-17 11:50:00','2018-12-17 16:10:00','2018-12-17 16:10:00',0,'2018-12-11 12:24:27','2018-12-11 12:24:27',NULL,NULL),(1408,1097,0,15600,'2018-12-18 11:50:00','2018-12-18 16:10:00','2018-12-18 16:10:00',0,'2018-12-11 12:24:27','2018-12-11 12:24:27',NULL,NULL),(1409,1098,0,15600,'2018-12-19 11:50:00','2018-12-19 16:10:00','2018-12-19 16:10:00',0,'2018-12-11 12:24:27','2018-12-11 12:24:27',NULL,NULL),(1410,1099,0,15600,'2018-12-20 11:50:00','2018-12-20 16:10:00','2018-12-20 16:10:00',0,'2018-12-11 12:24:27','2018-12-11 12:24:27',NULL,NULL),(1411,1100,0,15600,'2018-12-21 11:50:00','2018-12-21 16:10:00','2018-12-21 16:10:00',0,'2018-12-11 12:24:27','2018-12-11 12:24:27',NULL,NULL),(1412,1101,0,15600,'2018-12-22 11:50:00','2018-12-22 16:10:00','2018-12-22 16:10:00',0,'2018-12-11 12:24:27','2018-12-11 12:24:27',NULL,NULL),(1413,1102,0,15600,'2018-12-23 11:50:00','2018-12-23 16:10:00','2018-12-23 16:10:00',0,'2018-12-11 12:24:27','2018-12-11 12:24:27',NULL,NULL),(1414,1103,0,15600,'2018-12-24 11:50:00','2018-12-24 16:10:00','2018-12-24 16:10:00',0,'2018-12-11 12:24:27','2018-12-11 12:24:27',NULL,NULL),(1415,1104,0,15600,'2018-12-25 11:50:00','2018-12-25 16:10:00','2018-12-25 16:10:00',0,'2018-12-11 12:24:27','2018-12-11 12:24:27',NULL,NULL),(1416,1105,0,15600,'2018-12-26 11:50:00','2018-12-26 16:10:00','2018-12-26 16:10:00',0,'2018-12-11 12:24:27','2018-12-11 12:24:27',NULL,NULL),(1417,1106,0,15600,'2018-12-27 11:50:00','2018-12-27 16:10:00','2018-12-27 16:10:00',0,'2018-12-11 12:24:27','2018-12-11 12:24:27',NULL,NULL),(1418,1107,0,15600,'2018-12-28 11:50:00','2018-12-28 16:10:00','2018-12-28 16:10:00',0,'2018-12-11 12:24:27','2018-12-11 12:24:27',NULL,NULL),(1419,1108,0,15600,'2018-12-29 11:50:00','2018-12-29 16:10:00','2018-12-29 16:10:00',0,'2018-12-11 12:24:27','2018-12-11 12:24:27',NULL,NULL),(1420,1109,0,15600,'2018-12-30 11:50:00','2018-12-30 16:10:00','2018-12-30 16:10:00',0,'2018-12-11 12:24:27','2018-12-11 12:24:27',NULL,NULL),(1421,1110,0,15600,'2018-12-31 11:50:00','2018-12-31 16:10:00','2018-12-31 16:10:00',0,'2018-12-11 12:24:27','2018-12-11 12:24:27',NULL,NULL),(1422,1125,0,3900,'2018-12-18 07:05:00','2018-12-18 08:10:00','2018-12-18 07:05:00',0,'2018-12-11 14:30:56','2018-12-11 14:30:56',NULL,NULL),(1423,1125,0,3900,'2018-12-18 09:20:00','2018-12-18 10:25:00','2018-12-18 09:20:00',0,'2018-12-11 14:30:56','2018-12-11 14:30:56',NULL,NULL),(1424,1126,0,3900,'2018-12-19 07:05:00','2018-12-19 08:10:00','2018-12-19 07:05:00',0,'2018-12-11 14:30:56','2018-12-11 14:30:56',NULL,NULL),(1425,1126,0,3900,'2018-12-19 09:20:00','2018-12-19 10:25:00','2018-12-19 09:20:00',0,'2018-12-11 14:30:56','2018-12-11 14:30:56',NULL,NULL),(1426,1127,0,3900,'2018-12-20 07:05:00','2018-12-20 08:10:00','2018-12-20 07:05:00',0,'2018-12-11 14:30:56','2018-12-11 14:30:56',NULL,NULL),(1427,1127,0,3900,'2018-12-20 09:20:00','2018-12-20 10:25:00','2018-12-20 09:20:00',0,'2018-12-11 14:30:56','2018-12-11 14:30:56',NULL,NULL),(1428,1128,0,3900,'2018-12-21 07:05:00','2018-12-21 08:10:00','2018-12-21 07:05:00',0,'2018-12-11 14:30:56','2018-12-11 14:30:56',NULL,NULL),(1429,1128,0,3900,'2018-12-21 09:20:00','2018-12-21 10:25:00','2018-12-21 09:20:00',0,'2018-12-11 14:30:56','2018-12-11 14:30:56',NULL,NULL),(1430,1129,0,3900,'2018-12-22 07:05:00','2018-12-22 08:10:00','2018-12-22 07:05:00',0,'2018-12-11 14:30:56','2018-12-11 14:30:56',NULL,NULL),(1431,1129,0,3900,'2018-12-22 09:20:00','2018-12-22 10:25:00','2018-12-22 09:20:00',0,'2018-12-11 14:30:56','2018-12-11 14:30:56',NULL,NULL),(1432,1130,0,3900,'2018-12-23 07:05:00','2018-12-23 08:10:00','2018-12-23 07:05:00',0,'2018-12-11 14:30:56','2018-12-11 14:30:56',NULL,NULL),(1433,1130,0,3900,'2018-12-23 09:20:00','2018-12-23 10:25:00','2018-12-23 09:20:00',0,'2018-12-11 14:30:56','2018-12-11 14:30:56',NULL,NULL),(1434,1131,0,3900,'2018-12-24 07:05:00','2018-12-24 08:10:00','2018-12-24 07:05:00',0,'2018-12-11 14:30:56','2018-12-11 14:30:56',NULL,NULL),(1435,1131,0,3900,'2018-12-24 09:20:00','2018-12-24 10:25:00','2018-12-24 09:20:00',0,'2018-12-11 14:30:56','2018-12-11 14:30:56',NULL,NULL),(1436,1132,0,3900,'2018-12-25 07:05:00','2018-12-25 08:10:00','2018-12-25 07:05:00',0,'2018-12-11 14:30:56','2018-12-11 14:30:56',NULL,NULL),(1437,1132,0,3900,'2018-12-25 09:20:00','2018-12-25 10:25:00','2018-12-25 09:20:00',0,'2018-12-11 14:30:56','2018-12-11 14:30:56',NULL,NULL),(1438,1133,0,3900,'2018-12-26 07:05:00','2018-12-26 08:10:00','2018-12-26 07:05:00',0,'2018-12-11 14:30:56','2018-12-11 14:30:56',NULL,NULL),(1439,1133,0,3900,'2018-12-26 09:20:00','2018-12-26 10:25:00','2018-12-26 09:20:00',0,'2018-12-11 14:30:56','2018-12-11 14:30:56',NULL,NULL),(1440,1134,0,3900,'2018-12-27 07:05:00','2018-12-27 08:10:00','2018-12-27 07:05:00',0,'2018-12-11 14:30:56','2018-12-11 14:30:56',NULL,NULL),(1441,1134,0,3900,'2018-12-27 09:20:00','2018-12-27 10:25:00','2018-12-27 09:20:00',0,'2018-12-11 14:30:56','2018-12-11 14:30:56',NULL,NULL),(1442,1135,0,3900,'2018-12-28 07:05:00','2018-12-28 08:10:00','2018-12-28 07:05:00',0,'2018-12-11 14:30:56','2018-12-11 14:30:56',NULL,NULL),(1443,1135,0,3900,'2018-12-28 09:20:00','2018-12-28 10:25:00','2018-12-28 09:20:00',0,'2018-12-11 14:30:56','2018-12-11 14:30:56',NULL,NULL),(1444,1136,0,3900,'2018-12-29 07:05:00','2018-12-29 08:10:00','2018-12-29 07:05:00',0,'2018-12-11 14:30:56','2018-12-11 14:30:56',NULL,NULL),(1445,1136,0,3900,'2018-12-29 09:20:00','2018-12-29 10:25:00','2018-12-29 09:20:00',0,'2018-12-11 14:30:56','2018-12-11 14:30:56',NULL,NULL),(1446,1137,0,3900,'2018-12-30 07:05:00','2018-12-30 08:10:00','2018-12-30 07:05:00',0,'2018-12-11 14:30:56','2018-12-11 14:30:56',NULL,NULL),(1447,1137,0,3900,'2018-12-30 09:20:00','2018-12-30 10:25:00','2018-12-30 09:20:00',0,'2018-12-11 14:30:56','2018-12-11 14:30:56',NULL,NULL),(1448,1138,0,3900,'2018-12-31 07:05:00','2018-12-31 08:10:00','2018-12-31 07:05:00',0,'2018-12-11 14:30:56','2018-12-11 14:30:56',NULL,NULL),(1449,1138,0,3900,'2018-12-31 09:20:00','2018-12-31 10:25:00','2018-12-31 09:20:00',0,'2018-12-11 14:30:56','2018-12-11 14:30:56',NULL,NULL);
/*!40000 ALTER TABLE `trips` ENABLE KEYS */;
UNLOCK TABLES;

--
-- Table structure for table `user_links`
--

DROP TABLE IF EXISTS `user_links`;
/*!40101 SET @saved_cs_client     = @@character_set_client */;
/*!40101 SET character_set_client = utf8 */;
CREATE TABLE `user_links` (
  `id` int(10) unsigned NOT NULL AUTO_INCREMENT,
  `object` varchar(191) COLLATE utf8mb4_unicode_ci NOT NULL,
  `object_id` int(11) NOT NULL,
  `user_id` int(11) NOT NULL,
  PRIMARY KEY (`id`)
) ENGINE=InnoDB DEFAULT CHARSET=utf8mb4 COLLATE=utf8mb4_unicode_ci;
/*!40101 SET character_set_client = @saved_cs_client */;

--
-- Dumping data for table `user_links`
--

LOCK TABLES `user_links` WRITE;
/*!40000 ALTER TABLE `user_links` DISABLE KEYS */;
/*!40000 ALTER TABLE `user_links` ENABLE KEYS */;
UNLOCK TABLES;

--
-- Table structure for table `user_meta`
--

DROP TABLE IF EXISTS `user_meta`;
/*!40101 SET @saved_cs_client     = @@character_set_client */;
/*!40101 SET character_set_client = utf8 */;
CREATE TABLE `user_meta` (
  `id` int(10) unsigned NOT NULL AUTO_INCREMENT,
  `user_id` int(11) NOT NULL,
  `type` varchar(191) COLLATE utf8mb4_unicode_ci NOT NULL DEFAULT 'text',
  `name` varchar(191) COLLATE utf8mb4_unicode_ci NOT NULL,
  `value` text COLLATE utf8mb4_unicode_ci,
  PRIMARY KEY (`id`)
) ENGINE=InnoDB AUTO_INCREMENT=22 DEFAULT CHARSET=utf8mb4 COLLATE=utf8mb4_unicode_ci;
/*!40101 SET character_set_client = @saved_cs_client */;

--
-- Dumping data for table `user_meta`
--

LOCK TABLES `user_meta` WRITE;
/*!40000 ALTER TABLE `user_meta` DISABLE KEYS */;
INSERT INTO `user_meta` VALUES (1,2,'text','job',NULL),(2,2,'text','work',NULL),(3,3,'text','job',NULL),(4,3,'text','work',NULL),(5,4,'text','job',NULL),(6,4,'text','work',NULL),(7,5,'text','job',NULL),(8,5,'text','work',NULL),(9,6,'text','job',NULL),(10,6,'text','work',NULL),(11,7,'text','job',NULL),(12,7,'text','work',NULL),(13,8,'text','job',NULL),(14,8,'text','work',NULL),(15,9,'text','job',NULL),(16,9,'text','work',NULL),(17,10,'text','job',NULL),(18,10,'text','work',NULL),(19,7,'text','avatar','7.png'),(20,11,'text','job',NULL),(21,11,'text','work',NULL);
/*!40000 ALTER TABLE `user_meta` ENABLE KEYS */;
UNLOCK TABLES;

--
-- Table structure for table `user_roles`
--

DROP TABLE IF EXISTS `user_roles`;
/*!40101 SET @saved_cs_client     = @@character_set_client */;
/*!40101 SET character_set_client = utf8 */;
CREATE TABLE `user_roles` (
  `user_id` int(11) NOT NULL,
  `role_id` int(11) NOT NULL,
  PRIMARY KEY (`user_id`,`role_id`)
) ENGINE=InnoDB DEFAULT CHARSET=utf8mb4 COLLATE=utf8mb4_unicode_ci;
/*!40101 SET character_set_client = @saved_cs_client */;

--
-- Dumping data for table `user_roles`
--

LOCK TABLES `user_roles` WRITE;
/*!40000 ALTER TABLE `user_roles` DISABLE KEYS */;
INSERT INTO `user_roles` VALUES (1,1),(1,3),(1,4),(1,5),(2,1),(2,3),(2,4),(2,5),(4,3),(4,4),(4,5),(5,2),(5,4),(5,5),(7,4),(7,5),(8,2),(8,3),(8,4),(8,5),(9,3),(9,4),(9,5),(10,4),(10,5),(11,1),(11,5);
/*!40000 ALTER TABLE `user_roles` ENABLE KEYS */;
UNLOCK TABLES;

--
-- Table structure for table `users`
--

DROP TABLE IF EXISTS `users`;
/*!40101 SET @saved_cs_client     = @@character_set_client */;
/*!40101 SET character_set_client = utf8 */;
CREATE TABLE `users` (
  `id` int(10) unsigned NOT NULL AUTO_INCREMENT,
  `name` varchar(191) COLLATE utf8mb4_unicode_ci NOT NULL,
  `email` varchar(191) COLLATE utf8mb4_unicode_ci NOT NULL,
  `username` varchar(191) COLLATE utf8mb4_unicode_ci NOT NULL,
  `password` varchar(191) COLLATE utf8mb4_unicode_ci NOT NULL,
  `status` varchar(191) COLLATE utf8mb4_unicode_ci NOT NULL DEFAULT '200',
  `remember_token` varchar(100) COLLATE utf8mb4_unicode_ci DEFAULT NULL,
  `created_at` timestamp NULL DEFAULT NULL,
  `updated_at` timestamp NULL DEFAULT NULL,
  PRIMARY KEY (`id`),
  UNIQUE KEY `users_email_unique` (`email`),
  UNIQUE KEY `users_username_unique` (`username`)
) ENGINE=InnoDB AUTO_INCREMENT=12 DEFAULT CHARSET=utf8mb4 COLLATE=utf8mb4_unicode_ci;
/*!40101 SET character_set_client = @saved_cs_client */;

--
-- Dumping data for table `users`
--

LOCK TABLES `users` WRITE;
/*!40000 ALTER TABLE `users` DISABLE KEYS */;
INSERT INTO `users` VALUES (1,'administrator','doanln16@gmail.com','admin','$2y$10$EAcNZ/cvodg8EYkgzQZr5O30EkRQx7DgTFmrrH1RfhJ8cEj8dHM22','200','veKxXspKFfMxlxeNcsoFIfkGA8imuJhw52R7hptYCEKi3x0B4w8mvTOwdNcV','2018-11-09 06:37:16','2018-12-03 22:02:02'),(2,'Lê Ngọc Doãn','lengocdoan.hb.2016@gmail.com','doanln','$2y$10$TTrL5kjkoRqOyVoJr8jFo.weWGplGjWQ9vLs/PUGbx9d4rIUkzMKe','200','aWEZuKE5GLU3bDvr9YLvmryJpZ2YS9CJMrPXd7XKObiRT4cepwmmjOOe9kJI','2018-11-13 02:50:32','2018-11-13 02:50:32'),(4,'Trần Ngọc Toàn','toantnph04465@gmail.com','toantn','$2y$10$fWXhet60zLr604MEzY57zuQI2DVIWfIHi0kEPvZgZz4NFrpNbMxPG','200','8Z1Y1iq9erBpW6H2VAMz2FrkLwplzvU2JXpIL8BnkEeuyEjo3NlMGviun6od','2018-11-20 13:42:32','2018-11-20 13:42:32'),(5,'tester','tester@gmail.com','tester','$2y$10$lBsquRd2i0e3iZPSZvvKAOFVw7nsLz8RYJ3n85e5J6CO1e92gC/9G','200',NULL,'2018-11-22 01:06:21','2018-11-22 01:06:21'),(7,'tuan','tuannh2210@gmail.com','tuannh','$2y$10$relhBfQ6f3zJZ0ndw2QA3uIk2DiufMpk8hfM3UQ.idVQu5LdElP5S','200','uFrNx4ayCwk8oST6iFPD8eG6lMH1WsCdkzYrabBu6VZmOfkyGWtf3H2D7rFd','2018-11-23 01:12:59','2018-12-01 01:33:35'),(8,'Đỗ Đức Tiến','doductientq@gmail.com','tiendd','$2y$10$PiX/C.gFEshLC4bj2hY9UOdsc/Y83tJ3JlEbO0cprvqGCsLVnDv.O','200','qEmHEmrVaNVoefl5VZioGWkndh597ncdv2Y7P6ZiTdFuif3bGkp6DxI5TAeJ','2018-11-30 22:22:53','2018-12-05 15:05:30'),(9,'Nguyển Khương Tiên','Khuongtiennguyen@gmail.com','tiennk','$2y$10$Sr3lGfSD7AoGLkLewbS8yupC09JY4uvfFL9YD1erlJIgI0KVq4idW','200','EtEEeb2QR9MtmBITGocln2MJ4aSCQMvmFNoPWTVAlxtfdW8taMBxuMXJbnEd','2018-11-30 22:24:52','2018-11-30 22:24:52'),(10,'Nguyễn Hữu Tuấn','tuannhph04848@fpt.edu.vn','tuannhph04848','$2y$10$cn1iL3r8EWPAwLgnlwXuDO44a0MZkvtPwh7jMZoJ8OSlt59MpFcF6','200',NULL,'2018-11-30 23:25:21','2018-11-30 23:25:21'),(11,'Lê Ngọc Quản','lequanhb@gmail.com','lequanhb','$2y$10$84Faqxi1zmHePaCXM2jQOOl.cCuDh3FOYiHaFwvjiWKO8nsxJ2Eu2','200','lPsM48b69kV1UxBKvRWGKOarpOpWrpXiCNVDcLTqnorIcciWZdizd6dOjh5o','2018-12-14 00:21:32','2018-12-14 00:21:32');
/*!40000 ALTER TABLE `users` ENABLE KEYS */;
UNLOCK TABLES;

--
-- Table structure for table `web_options`
--

DROP TABLE IF EXISTS `web_options`;
/*!40101 SET @saved_cs_client     = @@character_set_client */;
/*!40101 SET character_set_client = utf8 */;
CREATE TABLE `web_options` (
  `id` int(10) unsigned NOT NULL AUTO_INCREMENT,
  `type` varchar(191) COLLATE utf8mb4_unicode_ci NOT NULL DEFAULT 'text',
  `option_group` varchar(191) COLLATE utf8mb4_unicode_ci NOT NULL DEFAULT 'siteinfo',
  `name` varchar(191) COLLATE utf8mb4_unicode_ci NOT NULL,
  `value` text COLLATE utf8mb4_unicode_ci,
  `label` varchar(191) COLLATE utf8mb4_unicode_ci DEFAULT NULL,
  `comment` varchar(191) COLLATE utf8mb4_unicode_ci DEFAULT NULL,
  PRIMARY KEY (`id`)
) ENGINE=InnoDB AUTO_INCREMENT=42 DEFAULT CHARSET=utf8mb4 COLLATE=utf8mb4_unicode_ci;
/*!40101 SET character_set_client = @saved_cs_client */;

--
-- Dumping data for table `web_options`
--

LOCK TABLES `web_options` WRITE;
/*!40000 ALTER TABLE `web_options` DISABLE KEYS */;
INSERT INTO `web_options` VALUES (1,'text','siteinfo','company','BMS - Quản lý bến xe',NULL,'Tên công ty / tổ chức / doanh nghiệp'),(2,'text','siteinfo','site_name','BMS - Quản lý bến xe',NULL,'Tên trang web'),(3,'text','siteinfo','slogan','BMS - Quản lý bến xe',NULL,'Khẩu hiệu'),(4,'file','siteinfo','logo','logo.png',NULL,'Logo chính'),(5,'file','siteinfo','mobile_logo','mobile_logo.png',NULL,'Logo xuất hiện ở header trên mobile'),(6,'file','siteinfo','footer_logo','footer_logo.png',NULL,'Logo xuất hiện ở footer'),(7,'file','siteinfo','apple_touch_icon',NULL,NULL,NULL),(8,'file','siteinfo','favicon_32x32',NULL,NULL,NULL),(9,'file','siteinfo','favicon_16x16',NULL,NULL,NULL),(10,'text','siteinfo','title','BMS - Quản lý bến xe',NULL,'tiêu đề trang (SEO)'),(11,'textarea','siteinfo','description','BMS - Quản lý bến xe',NULL,'Mô tả (SEO)'),(12,'text','siteinfo','keywords','BMS - Quản lý bến xe',NULL,'Từ khóa (SEO)'),(13,'file','siteinfo','image','image.png',NULL,'Hình ảnh đại diện mặc định cho website'),(14,'text','siteinfo','author','BMS - Quản lý bến xe',NULL,'Chủ sở hữu website'),(15,'text','siteinfo','address','P415, CT4 KDT Mỹ Đình Sông Đà, Nam Từ Liêm, Hà Nội',NULL,'Địa chỉ'),(16,'text','siteinfo','office','Mỹ Đình, Nam Từ Liêm, Hà Nội',NULL,'địa chỉ rút gọn'),(17,'email','siteinfo','email','info@bms.com',NULL,'địa chỉ email'),(18,'text','siteinfo','phone_number','0945786960',NULL,'Số diện thoại'),(24,'number','setting','cache_data_time','0',NULL,'Thời gian lưu cache từ csdl'),(25,'number','setting','cache_view_time','0',NULL,'Thời gian lưu cache cvua3 template'),(26,'textarea','embed','body_bottom_facebook_sdk','<div id=\"fb-root\"></div>\r\n<script>(function(d, s, id) {\r\n  var js, fjs = d.getElementsByTagName(s)[0];\r\n  if (d.getElementById(id)) return;\r\n  js = d.createElement(s); js.id = id;\r\n  js.src = \'https://connect.facebook.net/vi_VN/sdk.js#xfbml=1&version=v3.0&appId=472046656204750&autoLogAppEvents=1\';\r\n  fjs.parentNode.insertBefore(js, fjs);\r\n}(document, \'script\', \'facebook-jssdk\'));</script>',NULL,'API SDK của FB'),(27,'email','setting','email_get_data','doanln16@gmail.com',NULL,NULL),(29,'text','siteinfo','hotline','0945786960',NULL,NULL),(31,'text','siteinfo','telephone','0978113963',NULL,NULL),(32,'text','siteinfo','fax','0978113963',NULL,NULL),(33,'text','siteinfo','website','http://bms.chinhlatoi.vn',NULL,NULL),(35,'email','embed','email_get_data','thienth32@gmail.com',NULL,'email nhận thông báo'),(38,'text','siteinfo','website2','http://bms.chinhlatoi.vn',NULL,NULL),(39,'text','siteinfo','facebook',NULL,NULL,NULL),(40,'number','setting','station_id','104',NULL,'Mã bến xe trực tiếp quản lý'),(41,'number','setting','schedule_days_before','7',NULL,'Số ngày tối thiểu cho phép đặt trước');
/*!40000 ALTER TABLE `web_options` ENABLE KEYS */;
UNLOCK TABLES;

--
-- Table structure for table `wishlists`
--

DROP TABLE IF EXISTS `wishlists`;
/*!40101 SET @saved_cs_client     = @@character_set_client */;
/*!40101 SET character_set_client = utf8 */;
CREATE TABLE `wishlists` (
  `id` int(10) unsigned NOT NULL AUTO_INCREMENT,
  `product_id` int(11) NOT NULL,
  `likes` int(11) NOT NULL DEFAULT '0',
  PRIMARY KEY (`id`)
) ENGINE=InnoDB DEFAULT CHARSET=utf8mb4 COLLATE=utf8mb4_unicode_ci;
/*!40101 SET character_set_client = @saved_cs_client */;

--
-- Dumping data for table `wishlists`
--

LOCK TABLES `wishlists` WRITE;
/*!40000 ALTER TABLE `wishlists` DISABLE KEYS */;
/*!40000 ALTER TABLE `wishlists` ENABLE KEYS */;
UNLOCK TABLES;
/*!40103 SET TIME_ZONE=@OLD_TIME_ZONE */;

/*!40101 SET SQL_MODE=@OLD_SQL_MODE */;
/*!40014 SET FOREIGN_KEY_CHECKS=@OLD_FOREIGN_KEY_CHECKS */;
/*!40014 SET UNIQUE_CHECKS=@OLD_UNIQUE_CHECKS */;
/*!40101 SET CHARACTER_SET_CLIENT=@OLD_CHARACTER_SET_CLIENT */;
/*!40101 SET CHARACTER_SET_RESULTS=@OLD_CHARACTER_SET_RESULTS */;
/*!40101 SET COLLATION_CONNECTION=@OLD_COLLATION_CONNECTION */;
/*!40111 SET SQL_NOTES=@OLD_SQL_NOTES */;

-- Dump completed on 2019-01-17 14:43:20
